Hour,Song,NonSong
11/13/2018 8:00,N/A,N/A
11/13/2018 9:00,N/A,N/A
11/13/2018 10:00,N/A,N/A
11/13/2018 11:00,N/A,N/A
11/13/2018 12:00,N/A,N/A
11/13/2018 13:00,N/A,N/A
11/13/2018 14:00,N/A,N/A
11/13/2018 15:00,N/A,N/A
11/13/2018 16:00,N/A,N/A
11/13/2018 17:00,N/A,N/A
11/13/2018 18:00,N/A,N/A
11/13/2018 19:00,N/A,N/A
11/13/2018 20:00,N/A,N/A
11/13/2018 21:00,N/A,N/A
11/13/2018 22:00,N/A,N/A
11/13/2018 23:00,N/A,N/A
11/14/2018 0:00,N/A,N/A
11/14/2018 1:00,N/A,N/A
11/14/2018 2:00,N/A,N/A
11/14/2018 3:00,N/A,N/A
11/14/2018 4:00,N/A,N/A
11/14/2018 5:00,N/A,N/A
11/14/2018 6:00,N/A,N/A
11/14/2018 7:00,N/A,N/A
11/14/2018 8:00,N/A,N/A
11/14/2018 9:00,N/A,N/A
11/14/2018 10:00,N/A,N/A
11/14/2018 11:00,N/A,N/A
11/14/2018 12:00,N/A,N/A
11/14/2018 13:00,N/A,N/A
11/14/2018 14:00,N/A,N/A
11/14/2018 15:00,N/A,N/A
11/14/2018 16:00,N/A,N/A
11/14/2018 17:00,N/A,N/A
11/14/2018 18:00,N/A,N/A
11/14/2018 19:00,N/A,N/A
11/14/2018 20:00,N/A,N/A
11/14/2018 21:00,N/A,N/A
11/14/2018 22:00,N/A,N/A
11/14/2018 23:00,N/A,N/A
11/15/2018 0:00,N/A,N/A
11/15/2018 1:00,N/A,N/A
11/15/2018 2:00,N/A,N/A
11/15/2018 3:00,N/A,N/A
11/15/2018 4:00,N/A,N/A
11/15/2018 5:00,N/A,N/A
11/15/2018 6:00,N/A,N/A
11/15/2018 7:00,N/A,N/A
11/15/2018 8:00,N/A,N/A
11/15/2018 9:00,N/A,N/A
11/15/2018 10:00,N/A,N/A
11/15/2018 11:00,N/A,N/A
11/15/2018 12:00,N/A,N/A
11/15/2018 13:00,N/A,N/A
11/15/2018 14:00,N/A,N/A
11/15/2018 15:00,N/A,N/A
11/15/2018 16:00,N/A,N/A
11/15/2018 17:00,N/A,N/A
11/15/2018 18:00,N/A,N/A
11/15/2018 19:00,N/A,N/A
11/15/2018 20:00,N/A,N/A
11/15/2018 21:00,N/A,N/A
11/15/2018 22:00,N/A,N/A
11/15/2018 23:00,N/A,N/A
11/16/2018 0:00,N/A,N/A
11/16/2018 1:00,N/A,N/A
11/16/2018 2:00,N/A,N/A
11/16/2018 3:00,N/A,N/A
11/16/2018 4:00,N/A,N/A
11/16/2018 5:00,N/A,N/A
11/16/2018 6:00,N/A,N/A
11/16/2018 7:00,N/A,N/A
11/16/2018 8:00,N/A,N/A
11/16/2018 9:00,N/A,N/A
11/16/2018 10:00,N/A,N/A
11/16/2018 11:00,N/A,N/A
11/16/2018 12:00,N/A,N/A
11/16/2018 13:00,N/A,N/A
11/16/2018 14:00,N/A,N/A
11/16/2018 15:00,N/A,N/A
11/16/2018 16:00,N/A,N/A
11/16/2018 17:00,N/A,N/A
11/16/2018 18:00,N/A,N/A
11/16/2018 19:00,N/A,N/A
11/16/2018 20:00,N/A,N/A
11/16/2018 21:00,N/A,N/A
11/16/2018 22:00,N/A,N/A
11/16/2018 23:00,N/A,N/A
11/17/2018 0:00,N/A,N/A
11/17/2018 1:00,N/A,N/A
11/17/2018 2:00,N/A,N/A
11/17/2018 3:00,N/A,N/A
11/17/2018 4:00,N/A,N/A
11/17/2018 5:00,N/A,N/A
11/17/2018 6:00,N/A,N/A
11/17/2018 7:00,N/A,N/A
11/17/2018 8:00,N/A,N/A
11/17/2018 9:00,N/A,N/A
11/17/2018 10:00,N/A,N/A
11/17/2018 11:00,N/A,N/A
11/17/2018 12:00,N/A,N/A
11/17/2018 13:00,N/A,N/A
11/17/2018 14:00,N/A,N/A
11/17/2018 15:00,N/A,N/A
11/17/2018 16:00,N/A,N/A
11/17/2018 17:00,N/A,N/A
11/17/2018 18:00,N/A,N/A
11/17/2018 19:00,N/A,N/A
11/17/2018 20:00,N/A,N/A
11/17/2018 21:00,N/A,N/A
11/17/2018 22:00,N/A,N/A
11/17/2018 23:00,N/A,N/A
11/18/2018 0:00,N/A,N/A
11/18/2018 1:00,N/A,N/A
11/18/2018 2:00,N/A,N/A
11/18/2018 3:00,N/A,N/A
11/18/2018 4:00,N/A,N/A
11/18/2018 5:00,N/A,N/A
11/18/2018 6:00,N/A,N/A
11/18/2018 7:00,N/A,N/A
11/18/2018 8:00,N/A,N/A
11/18/2018 9:00,N/A,N/A
11/18/2018 10:00,N/A,N/A
11/18/2018 11:00,N/A,N/A
11/18/2018 12:00,N/A,N/A
11/18/2018 13:00,N/A,N/A
11/18/2018 14:00,N/A,N/A
11/18/2018 15:00,N/A,N/A
11/18/2018 16:00,N/A,N/A
11/18/2018 17:00,N/A,N/A
11/18/2018 18:00,N/A,N/A
11/18/2018 19:00,N/A,N/A
11/18/2018 20:00,N/A,N/A
11/18/2018 21:00,N/A,N/A
11/18/2018 22:00,N/A,N/A
11/18/2018 23:00,N/A,N/A
11/19/2018 0:00,N/A,N/A
11/19/2018 1:00,N/A,N/A
11/19/2018 2:00,N/A,N/A
11/19/2018 3:00,N/A,N/A
11/19/2018 4:00,N/A,N/A
11/19/2018 5:00,N/A,N/A
11/19/2018 6:00,N/A,N/A
11/19/2018 7:00,N/A,N/A
11/19/2018 8:00,N/A,N/A
11/19/2018 9:00,N/A,N/A
11/19/2018 10:00,N/A,N/A
11/19/2018 11:00,N/A,N/A
11/19/2018 12:00,N/A,N/A
11/19/2018 13:00,N/A,N/A
11/19/2018 14:00,N/A,N/A
11/19/2018 15:00,N/A,N/A
11/19/2018 16:00,N/A,N/A
11/19/2018 17:00,N/A,N/A
11/19/2018 18:00,N/A,N/A
11/19/2018 19:00,N/A,N/A
11/19/2018 20:00,N/A,N/A
11/19/2018 21:00,N/A,N/A
11/19/2018 22:00,N/A,N/A
11/19/2018 23:00,N/A,N/A
11/20/2018 0:00,N/A,N/A
11/20/2018 1:00,N/A,N/A
11/20/2018 2:00,N/A,N/A
11/20/2018 3:00,N/A,N/A
11/20/2018 4:00,N/A,N/A
11/20/2018 5:00,N/A,N/A
11/20/2018 6:00,N/A,N/A
11/20/2018 7:00,N/A,N/A
11/20/2018 8:00,N/A,N/A
11/20/2018 9:00,N/A,N/A
11/20/2018 10:00,N/A,N/A
11/20/2018 11:00,N/A,N/A
11/20/2018 12:00,N/A,N/A
11/20/2018 13:00,N/A,N/A
11/20/2018 14:00,N/A,N/A
11/20/2018 15:00,N/A,N/A
11/20/2018 16:00,N/A,N/A
11/20/2018 17:00,N/A,N/A
11/20/2018 18:00,N/A,N/A
11/20/2018 19:00,N/A,N/A
11/20/2018 20:00,N/A,N/A
11/20/2018 21:00,N/A,N/A
11/20/2018 22:00,N/A,N/A
11/20/2018 23:00,N/A,N/A
11/21/2018 0:00,N/A,N/A
11/21/2018 1:00,N/A,N/A
11/21/2018 2:00,N/A,N/A
11/21/2018 3:00,N/A,N/A
11/21/2018 4:00,N/A,N/A
11/21/2018 5:00,N/A,N/A
11/21/2018 6:00,N/A,N/A
11/21/2018 7:00,N/A,N/A
11/21/2018 8:00,N/A,N/A
11/21/2018 9:00,N/A,N/A
11/21/2018 10:00,N/A,N/A
11/21/2018 11:00,N/A,N/A
11/21/2018 12:00,N/A,N/A
11/21/2018 13:00,N/A,N/A
11/21/2018 14:00,N/A,N/A
11/21/2018 15:00,N/A,N/A
11/21/2018 16:00,N/A,N/A
11/21/2018 17:00,N/A,N/A
11/21/2018 18:00,N/A,N/A
11/21/2018 19:00,N/A,N/A
11/21/2018 20:00,N/A,N/A
11/21/2018 21:00,N/A,N/A
11/21/2018 22:00,N/A,N/A
11/21/2018 23:00,N/A,N/A
11/22/2018 0:00,N/A,N/A
11/22/2018 1:00,N/A,N/A
11/22/2018 2:00,N/A,N/A
11/22/2018 3:00,N/A,N/A
11/22/2018 4:00,N/A,N/A
11/22/2018 5:00,N/A,N/A
11/22/2018 6:00,N/A,N/A
11/22/2018 7:00,N/A,N/A
11/22/2018 8:00,N/A,N/A
11/22/2018 9:00,N/A,N/A
11/22/2018 10:00,N/A,N/A
11/22/2018 11:00,N/A,N/A
11/22/2018 12:00,N/A,N/A
11/22/2018 13:00,N/A,N/A
11/22/2018 14:00,N/A,N/A
11/22/2018 15:00,N/A,N/A
11/22/2018 16:00,N/A,N/A
11/22/2018 17:00,N/A,N/A
11/22/2018 18:00,N/A,N/A
11/22/2018 19:00,N/A,N/A
11/22/2018 20:00,N/A,N/A
11/22/2018 21:00,N/A,N/A
11/22/2018 22:00,N/A,N/A
11/22/2018 23:00,N/A,N/A
11/23/2018 0:00,N/A,N/A
11/23/2018 1:00,N/A,N/A
11/23/2018 2:00,N/A,N/A
11/23/2018 3:00,N/A,N/A
11/23/2018 4:00,N/A,N/A
11/23/2018 5:00,N/A,N/A
11/23/2018 6:00,N/A,N/A
11/23/2018 7:00,N/A,N/A
11/23/2018 8:00,N/A,N/A
11/23/2018 9:00,N/A,N/A
11/23/2018 10:00,N/A,N/A
11/23/2018 11:00,N/A,N/A
11/23/2018 12:00,N/A,N/A
11/23/2018 13:00,N/A,N/A
11/23/2018 14:00,N/A,N/A
11/23/2018 15:00,N/A,N/A
11/23/2018 16:00,N/A,N/A
11/23/2018 17:00,N/A,N/A
11/23/2018 18:00,N/A,N/A
11/23/2018 19:00,N/A,N/A
11/23/2018 20:00,N/A,N/A
11/23/2018 21:00,N/A,N/A
11/23/2018 22:00,N/A,N/A
11/23/2018 23:00,N/A,N/A
11/24/2018 0:00,N/A,N/A
11/24/2018 1:00,N/A,N/A
11/24/2018 2:00,N/A,N/A
11/24/2018 3:00,N/A,N/A
11/24/2018 4:00,N/A,N/A
11/24/2018 5:00,N/A,N/A
11/24/2018 6:00,N/A,N/A
11/24/2018 7:00,N/A,N/A
11/24/2018 8:00,N/A,N/A
11/24/2018 9:00,N/A,N/A
11/24/2018 10:00,N/A,N/A
11/24/2018 11:00,N/A,N/A
11/24/2018 12:00,N/A,N/A
11/24/2018 13:00,N/A,N/A
11/24/2018 14:00,N/A,N/A
11/24/2018 15:00,N/A,N/A
11/24/2018 16:00,N/A,N/A
11/24/2018 17:00,N/A,N/A
11/24/2018 18:00,N/A,N/A
11/24/2018 19:00,N/A,N/A
11/24/2018 20:00,N/A,N/A
11/24/2018 21:00,N/A,N/A
11/24/2018 22:00,N/A,N/A
11/24/2018 23:00,N/A,N/A
11/25/2018 0:00,N/A,N/A
11/25/2018 1:00,N/A,N/A
11/25/2018 2:00,N/A,N/A
11/25/2018 3:00,N/A,N/A
11/25/2018 4:00,N/A,N/A
11/25/2018 5:00,N/A,N/A
11/25/2018 6:00,N/A,N/A
11/25/2018 7:00,N/A,N/A
11/25/2018 8:00,N/A,N/A
11/25/2018 9:00,N/A,N/A
11/25/2018 10:00,N/A,N/A
11/25/2018 11:00,N/A,N/A
11/25/2018 12:00,N/A,N/A
11/25/2018 13:00,N/A,N/A
11/25/2018 14:00,N/A,N/A
11/25/2018 15:00,N/A,N/A
11/25/2018 16:00,N/A,N/A
11/25/2018 17:00,N/A,N/A
11/25/2018 18:00,N/A,N/A
11/25/2018 19:00,N/A,N/A
11/25/2018 20:00,N/A,N/A
11/25/2018 21:00,N/A,N/A
11/25/2018 22:00,N/A,N/A
11/25/2018 23:00,N/A,N/A
11/26/2018 0:00,N/A,N/A
11/26/2018 1:00,N/A,N/A
11/26/2018 2:00,N/A,N/A
11/26/2018 3:00,N/A,N/A
11/26/2018 4:00,N/A,N/A
11/26/2018 5:00,N/A,N/A
11/26/2018 6:00,N/A,N/A
11/26/2018 7:00,N/A,N/A
11/26/2018 8:00,N/A,N/A
11/26/2018 9:00,N/A,N/A
11/26/2018 10:00,N/A,N/A
11/26/2018 11:00,N/A,N/A
11/26/2018 12:00,N/A,N/A
11/26/2018 13:00,N/A,N/A
11/26/2018 14:00,N/A,N/A
11/26/2018 15:00,N/A,N/A
11/26/2018 16:00,N/A,N/A
11/26/2018 17:00,N/A,N/A
11/26/2018 18:00,N/A,N/A
11/26/2018 19:00,N/A,N/A
11/26/2018 20:00,N/A,N/A
11/26/2018 21:00,N/A,N/A
11/26/2018 22:00,N/A,N/A
11/26/2018 23:00,N/A,N/A
11/27/2018 0:00,N/A,N/A
11/27/2018 1:00,N/A,N/A
11/27/2018 2:00,N/A,N/A
11/27/2018 3:00,N/A,N/A
11/27/2018 4:00,N/A,N/A
11/27/2018 5:00,N/A,N/A
11/27/2018 6:00,N/A,N/A
11/27/2018 7:00,N/A,N/A
11/27/2018 8:00,N/A,N/A
11/27/2018 9:00,N/A,N/A
11/27/2018 10:00,N/A,N/A
11/27/2018 11:00,N/A,N/A
11/27/2018 12:00,N/A,N/A
11/27/2018 13:00,N/A,N/A
11/27/2018 14:00,N/A,N/A
11/27/2018 15:00,N/A,N/A
11/27/2018 16:00,N/A,N/A
11/27/2018 17:00,N/A,N/A
11/27/2018 18:00,N/A,N/A
11/27/2018 19:00,N/A,N/A
11/27/2018 20:00,N/A,N/A
11/27/2018 21:00,N/A,N/A
11/27/2018 22:00,N/A,N/A
11/27/2018 23:00,N/A,N/A
11/28/2018 0:00,N/A,N/A
11/28/2018 1:00,N/A,N/A
11/28/2018 2:00,N/A,N/A
11/28/2018 3:00,N/A,N/A
11/28/2018 4:00,N/A,N/A
11/28/2018 5:00,N/A,N/A
11/28/2018 6:00,N/A,N/A
11/28/2018 7:00,N/A,N/A
11/28/2018 8:00,N/A,N/A
11/28/2018 9:00,N/A,N/A
11/28/2018 10:00,N/A,N/A
11/28/2018 11:00,N/A,N/A
11/28/2018 12:00,N/A,N/A
11/28/2018 13:00,N/A,N/A
11/28/2018 14:00,N/A,N/A
11/28/2018 15:00,N/A,N/A
11/28/2018 16:00,N/A,N/A
11/28/2018 17:00,N/A,N/A
11/28/2018 18:00,N/A,N/A
11/28/2018 19:00,N/A,N/A
11/28/2018 20:00,N/A,N/A
11/28/2018 21:00,N/A,N/A
11/28/2018 22:00,N/A,N/A
11/28/2018 23:00,N/A,N/A
11/29/2018 0:00,N/A,N/A
11/29/2018 1:00,N/A,N/A
11/29/2018 2:00,N/A,N/A
11/29/2018 3:00,N/A,N/A
11/29/2018 4:00,N/A,N/A
11/29/2018 5:00,N/A,N/A
11/29/2018 6:00,N/A,N/A
11/29/2018 7:00,N/A,N/A
11/29/2018 8:00,N/A,N/A
11/29/2018 9:00,N/A,N/A
11/29/2018 10:00,N/A,N/A
11/29/2018 11:00,N/A,N/A
11/29/2018 12:00,N/A,N/A
11/29/2018 13:00,N/A,N/A
11/29/2018 14:00,N/A,N/A
11/29/2018 15:00,N/A,N/A
11/29/2018 16:00,N/A,N/A
11/29/2018 17:00,N/A,N/A
11/29/2018 18:00,N/A,N/A
11/29/2018 19:00,N/A,N/A
11/29/2018 20:00,N/A,N/A
11/29/2018 21:00,N/A,N/A
11/29/2018 22:00,N/A,N/A
11/29/2018 23:00,N/A,N/A
11/30/2018 0:00,N/A,N/A
11/30/2018 1:00,N/A,N/A
11/30/2018 2:00,N/A,N/A
11/30/2018 3:00,N/A,N/A
11/30/2018 4:00,N/A,N/A
11/30/2018 5:00,N/A,N/A
11/30/2018 6:00,N/A,N/A
11/30/2018 7:00,N/A,N/A
11/30/2018 8:00,N/A,N/A
11/30/2018 9:00,N/A,N/A
11/30/2018 10:00,N/A,N/A
11/30/2018 11:00,N/A,N/A
11/30/2018 12:00,N/A,N/A
11/30/2018 13:00,N/A,N/A
11/30/2018 14:00,N/A,N/A
11/30/2018 15:00,N/A,N/A
11/30/2018 16:00,N/A,N/A
11/30/2018 17:00,N/A,N/A
11/30/2018 18:00,N/A,N/A
11/30/2018 19:00,N/A,N/A
11/30/2018 20:00,N/A,N/A
11/30/2018 21:00,N/A,N/A
11/30/2018 22:00,N/A,N/A
11/30/2018 23:00,N/A,N/A
12/1/2018 0:00,N/A,N/A
12/1/2018 1:00,N/A,N/A
12/1/2018 2:00,N/A,N/A
12/1/2018 3:00,N/A,N/A
12/1/2018 4:00,N/A,N/A
12/1/2018 5:00,N/A,N/A
12/1/2018 6:00,N/A,N/A
12/1/2018 7:00,N/A,N/A
12/1/2018 8:00,N/A,N/A
12/1/2018 9:00,N/A,N/A
12/1/2018 10:00,N/A,N/A
12/1/2018 11:00,N/A,N/A
12/1/2018 12:00,N/A,N/A
12/1/2018 13:00,N/A,N/A
12/1/2018 14:00,N/A,N/A
12/1/2018 15:00,N/A,N/A
12/1/2018 16:00,N/A,N/A
12/1/2018 17:00,N/A,N/A
12/1/2018 18:00,N/A,N/A
12/1/2018 19:00,N/A,N/A
12/1/2018 20:00,N/A,N/A
12/1/2018 21:00,N/A,N/A
12/1/2018 22:00,N/A,N/A
12/1/2018 23:00,N/A,N/A
12/2/2018 0:00,N/A,N/A
12/2/2018 1:00,N/A,N/A
12/2/2018 2:00,N/A,N/A
12/2/2018 3:00,N/A,N/A
12/2/2018 4:00,N/A,N/A
12/2/2018 5:00,N/A,N/A
12/2/2018 6:00,N/A,N/A
12/2/2018 7:00,N/A,N/A
12/2/2018 8:00,N/A,N/A
12/2/2018 9:00,N/A,N/A
12/2/2018 10:00,N/A,N/A
12/2/2018 11:00,N/A,N/A
12/2/2018 12:00,N/A,N/A
12/2/2018 13:00,N/A,N/A
12/2/2018 14:00,N/A,N/A
12/2/2018 15:00,N/A,N/A
12/2/2018 16:00,N/A,N/A
12/2/2018 17:00,N/A,N/A
12/2/2018 18:00,N/A,N/A
12/2/2018 19:00,N/A,N/A
12/2/2018 20:00,N/A,N/A
12/2/2018 21:00,N/A,N/A
12/2/2018 22:00,N/A,N/A
12/2/2018 23:00,N/A,N/A
12/3/2018 0:00,N/A,N/A
12/3/2018 1:00,N/A,N/A
12/3/2018 2:00,N/A,N/A
12/3/2018 3:00,N/A,N/A
12/3/2018 4:00,N/A,N/A
12/3/2018 5:00,N/A,N/A
12/3/2018 6:00,N/A,N/A
12/3/2018 7:00,N/A,N/A
12/3/2018 8:00,N/A,N/A
12/3/2018 9:00,N/A,N/A
12/3/2018 10:00,N/A,N/A
12/3/2018 11:00,N/A,N/A
12/3/2018 12:00,N/A,N/A
12/3/2018 13:00,N/A,N/A
12/3/2018 14:00,N/A,N/A
12/3/2018 15:00,N/A,N/A
12/3/2018 16:00,N/A,N/A
12/3/2018 17:00,N/A,N/A
12/3/2018 18:00,N/A,N/A
12/3/2018 19:00,N/A,N/A
12/3/2018 20:00,N/A,N/A
12/3/2018 21:00,N/A,N/A
12/3/2018 22:00,N/A,N/A
12/3/2018 23:00,N/A,N/A
12/4/2018 0:00,N/A,N/A
12/4/2018 1:00,N/A,N/A
12/4/2018 2:00,N/A,N/A
12/4/2018 3:00,N/A,N/A
12/4/2018 4:00,N/A,N/A
12/4/2018 5:00,N/A,N/A
12/4/2018 6:00,N/A,N/A
12/4/2018 7:00,N/A,N/A
12/4/2018 8:00,N/A,N/A
12/4/2018 9:00,N/A,N/A
12/4/2018 10:00,N/A,N/A
12/4/2018 11:00,N/A,N/A
12/4/2018 12:00,N/A,N/A
12/4/2018 13:00,N/A,N/A
12/4/2018 14:00,N/A,N/A
12/4/2018 15:00,N/A,N/A
12/4/2018 16:00,N/A,N/A
12/4/2018 17:00,N/A,N/A
12/4/2018 18:00,N/A,N/A
12/4/2018 19:00,N/A,N/A
12/4/2018 20:00,N/A,N/A
12/4/2018 21:00,N/A,N/A
12/4/2018 22:00,N/A,N/A
12/4/2018 23:00,N/A,N/A
12/5/2018 0:00,N/A,N/A
12/5/2018 1:00,N/A,N/A
12/5/2018 2:00,N/A,N/A
12/5/2018 3:00,N/A,N/A
12/5/2018 4:00,N/A,N/A
12/5/2018 5:00,N/A,N/A
12/5/2018 6:00,N/A,N/A
12/5/2018 7:00,N/A,N/A
12/5/2018 8:00,N/A,N/A
12/5/2018 9:00,N/A,N/A
12/5/2018 10:00,N/A,N/A
12/5/2018 11:00,N/A,N/A
12/5/2018 12:00,N/A,N/A
12/5/2018 13:00,N/A,N/A
12/5/2018 14:00,N/A,N/A
12/5/2018 15:00,N/A,N/A
12/5/2018 16:00,N/A,N/A
12/5/2018 17:00,N/A,N/A
12/5/2018 18:00,N/A,N/A
12/5/2018 19:00,N/A,N/A
12/5/2018 20:00,N/A,N/A
12/5/2018 21:00,N/A,N/A
12/5/2018 22:00,N/A,N/A
12/5/2018 23:00,N/A,N/A
12/6/2018 0:00,N/A,N/A
12/6/2018 1:00,N/A,N/A
12/6/2018 2:00,N/A,N/A
12/6/2018 3:00,N/A,N/A
12/6/2018 4:00,N/A,N/A
12/6/2018 5:00,N/A,N/A
12/6/2018 6:00,N/A,N/A
12/6/2018 7:00,N/A,N/A
12/6/2018 8:00,N/A,N/A
12/6/2018 9:00,N/A,N/A
12/6/2018 10:00,N/A,N/A
12/6/2018 11:00,N/A,N/A
12/6/2018 12:00,N/A,N/A
12/6/2018 13:00,N/A,N/A
12/6/2018 14:00,N/A,N/A
12/6/2018 15:00,N/A,N/A
12/6/2018 16:00,N/A,N/A
12/6/2018 17:00,N/A,N/A
12/6/2018 18:00,N/A,N/A
12/6/2018 19:00,N/A,N/A
12/6/2018 20:00,N/A,N/A
12/6/2018 21:00,N/A,N/A
12/6/2018 22:00,N/A,N/A
12/6/2018 23:00,N/A,N/A
12/7/2018 0:00,N/A,N/A
12/7/2018 1:00,N/A,N/A
12/7/2018 2:00,N/A,N/A
12/7/2018 3:00,N/A,N/A
12/7/2018 4:00,N/A,N/A
12/7/2018 5:00,N/A,N/A
12/7/2018 6:00,N/A,N/A
12/7/2018 7:00,N/A,N/A
12/7/2018 8:00,N/A,N/A
12/7/2018 9:00,N/A,N/A
12/7/2018 10:00,N/A,N/A
12/7/2018 11:00,N/A,N/A
12/7/2018 12:00,N/A,N/A
12/7/2018 13:00,N/A,N/A
12/7/2018 14:00,N/A,N/A
12/7/2018 15:00,N/A,N/A
12/7/2018 16:00,N/A,N/A
12/7/2018 17:00,N/A,N/A
12/7/2018 18:00,N/A,N/A
12/7/2018 19:00,N/A,N/A
12/7/2018 20:00,N/A,N/A
12/7/2018 21:00,N/A,N/A
12/7/2018 22:00,N/A,N/A
12/7/2018 23:00,N/A,N/A
12/8/2018 0:00,N/A,N/A
12/8/2018 1:00,N/A,N/A
12/8/2018 2:00,N/A,N/A
12/8/2018 3:00,N/A,N/A
12/8/2018 4:00,N/A,N/A
12/8/2018 5:00,N/A,N/A
12/8/2018 6:00,N/A,N/A
12/8/2018 7:00,N/A,N/A
12/8/2018 8:00,N/A,N/A
12/8/2018 9:00,N/A,N/A
12/8/2018 10:00,N/A,N/A
12/8/2018 11:00,N/A,N/A
12/8/2018 12:00,N/A,N/A
12/8/2018 13:00,N/A,N/A
12/8/2018 14:00,N/A,N/A
12/8/2018 15:00,N/A,N/A
12/8/2018 16:00,N/A,N/A
12/8/2018 17:00,N/A,N/A
12/8/2018 18:00,N/A,N/A
12/8/2018 19:00,N/A,N/A
12/8/2018 20:00,N/A,N/A
12/8/2018 21:00,N/A,N/A
12/8/2018 22:00,N/A,N/A
12/8/2018 23:00,N/A,N/A
12/9/2018 0:00,N/A,N/A
12/9/2018 1:00,N/A,N/A
12/9/2018 2:00,N/A,N/A
12/9/2018 3:00,N/A,N/A
12/9/2018 4:00,N/A,N/A
12/9/2018 5:00,N/A,N/A
12/9/2018 6:00,N/A,N/A
12/9/2018 7:00,N/A,N/A
12/9/2018 8:00,N/A,N/A
12/9/2018 9:00,N/A,N/A
12/9/2018 10:00,N/A,N/A
12/9/2018 11:00,N/A,N/A
12/9/2018 12:00,N/A,N/A
12/9/2018 13:00,N/A,N/A
12/9/2018 14:00,N/A,N/A
12/9/2018 15:00,N/A,N/A
12/9/2018 16:00,N/A,N/A
12/9/2018 17:00,N/A,N/A
12/9/2018 18:00,N/A,N/A
12/9/2018 19:00,N/A,N/A
12/9/2018 20:00,N/A,N/A
12/9/2018 21:00,N/A,N/A
12/9/2018 22:00,N/A,N/A
12/9/2018 23:00,N/A,N/A
12/10/2018 0:00,N/A,N/A
12/10/2018 1:00,N/A,N/A
12/10/2018 2:00,N/A,N/A
12/10/2018 3:00,N/A,N/A
12/10/2018 4:00,N/A,N/A
12/10/2018 5:00,N/A,N/A
12/10/2018 6:00,N/A,N/A
12/10/2018 7:00,N/A,N/A
12/10/2018 8:00,N/A,N/A
12/10/2018 9:00,N/A,N/A
12/10/2018 10:00,N/A,N/A
12/10/2018 11:00,N/A,N/A
12/10/2018 12:00,N/A,N/A
12/10/2018 13:00,N/A,N/A
12/10/2018 14:00,N/A,N/A
12/10/2018 15:00,N/A,N/A
12/10/2018 16:00,N/A,N/A
12/10/2018 17:00,N/A,N/A
12/10/2018 18:00,N/A,N/A
12/10/2018 19:00,N/A,N/A
12/10/2018 20:00,N/A,N/A
12/10/2018 21:00,N/A,N/A
12/10/2018 22:00,N/A,N/A
12/10/2018 23:00,N/A,N/A
12/11/2018 0:00,N/A,N/A
12/11/2018 1:00,N/A,N/A
12/11/2018 2:00,N/A,N/A
12/11/2018 3:00,N/A,N/A
12/11/2018 4:00,N/A,N/A
12/11/2018 5:00,N/A,N/A
12/11/2018 6:00,N/A,N/A
12/11/2018 7:00,N/A,N/A
12/11/2018 8:00,N/A,N/A
12/11/2018 9:00,N/A,N/A
12/11/2018 10:00,N/A,N/A
12/11/2018 11:00,N/A,N/A
12/11/2018 12:00,N/A,N/A
12/11/2018 13:00,N/A,N/A
12/11/2018 14:00,N/A,N/A
12/11/2018 15:00,N/A,N/A
12/11/2018 16:00,N/A,N/A
12/11/2018 17:00,N/A,N/A
12/11/2018 18:00,N/A,N/A
12/11/2018 19:00,N/A,N/A
12/11/2018 20:00,N/A,N/A
12/11/2018 21:00,N/A,N/A
12/11/2018 22:00,N/A,N/A
12/11/2018 23:00,N/A,N/A
12/12/2018 0:00,N/A,N/A
12/12/2018 1:00,N/A,N/A
12/12/2018 2:00,N/A,N/A
12/12/2018 3:00,N/A,N/A
12/12/2018 4:00,N/A,N/A
12/12/2018 5:00,N/A,N/A
12/12/2018 6:00,N/A,N/A
12/12/2018 7:00,N/A,N/A
12/12/2018 8:00,N/A,N/A
12/12/2018 9:00,N/A,N/A
12/12/2018 10:00,N/A,N/A
12/12/2018 11:00,N/A,N/A
12/12/2018 12:00,N/A,N/A
12/12/2018 13:00,N/A,N/A
12/12/2018 14:00,N/A,N/A
12/12/2018 15:00,N/A,N/A
12/12/2018 16:00,N/A,N/A
12/12/2018 17:00,N/A,N/A
12/12/2018 18:00,N/A,N/A
12/12/2018 19:00,N/A,N/A
12/12/2018 20:00,N/A,N/A
12/12/2018 21:00,N/A,N/A
12/12/2018 22:00,N/A,N/A
12/12/2018 23:00,N/A,N/A
12/13/2018 0:00,N/A,N/A
12/13/2018 1:00,N/A,N/A
12/13/2018 2:00,N/A,N/A
12/13/2018 3:00,N/A,N/A
12/13/2018 4:00,N/A,N/A
12/13/2018 5:00,N/A,N/A
12/13/2018 6:00,N/A,N/A
12/13/2018 7:00,N/A,N/A
12/13/2018 8:00,N/A,N/A
12/13/2018 9:00,N/A,N/A
12/13/2018 10:00,N/A,N/A
12/13/2018 11:00,N/A,N/A
12/13/2018 12:00,N/A,N/A
12/13/2018 13:00,N/A,N/A
12/13/2018 14:00,N/A,N/A
12/13/2018 15:00,N/A,N/A
12/13/2018 16:00,N/A,N/A
12/13/2018 17:00,N/A,N/A
12/13/2018 18:00,N/A,N/A
12/13/2018 19:00,N/A,N/A
12/13/2018 20:00,N/A,N/A
12/13/2018 21:00,N/A,N/A
12/13/2018 22:00,N/A,N/A
12/13/2018 23:00,N/A,N/A
12/14/2018 0:00,N/A,N/A
12/14/2018 1:00,N/A,N/A
12/14/2018 2:00,N/A,N/A
12/14/2018 3:00,N/A,N/A
12/14/2018 4:00,N/A,N/A
12/14/2018 5:00,N/A,N/A
12/14/2018 6:00,N/A,N/A
12/14/2018 7:00,N/A,N/A
12/14/2018 8:00,N/A,N/A
12/14/2018 9:00,N/A,N/A
12/14/2018 10:00,N/A,N/A
12/14/2018 11:00,N/A,N/A
12/14/2018 12:00,N/A,N/A
12/14/2018 13:00,N/A,N/A
12/14/2018 14:00,N/A,N/A
12/14/2018 15:00,N/A,N/A
12/14/2018 16:00,N/A,N/A
12/14/2018 17:00,N/A,N/A
12/14/2018 18:00,N/A,N/A
12/14/2018 19:00,N/A,N/A
12/14/2018 20:00,N/A,N/A
12/14/2018 21:00,N/A,N/A
12/14/2018 22:00,N/A,N/A
12/14/2018 23:00,N/A,N/A
12/15/2018 0:00,N/A,N/A
12/15/2018 1:00,N/A,N/A
12/15/2018 2:00,N/A,N/A
12/15/2018 3:00,N/A,N/A
12/15/2018 4:00,N/A,N/A
12/15/2018 5:00,N/A,N/A
12/15/2018 6:00,N/A,N/A
12/15/2018 7:00,N/A,N/A
12/15/2018 8:00,N/A,N/A
12/15/2018 9:00,N/A,N/A
12/15/2018 10:00,N/A,N/A
12/15/2018 11:00,N/A,N/A
12/15/2018 12:00,N/A,N/A
12/15/2018 13:00,N/A,N/A
12/15/2018 14:00,N/A,N/A
12/15/2018 15:00,N/A,N/A
12/15/2018 16:00,N/A,N/A
12/15/2018 17:00,N/A,N/A
12/15/2018 18:00,N/A,N/A
12/15/2018 19:00,N/A,N/A
12/15/2018 20:00,N/A,N/A
12/15/2018 21:00,N/A,N/A
12/15/2018 22:00,N/A,N/A
12/15/2018 23:00,N/A,N/A
12/16/2018 0:00,N/A,N/A
12/16/2018 1:00,N/A,N/A
12/16/2018 2:00,N/A,N/A
12/16/2018 3:00,N/A,N/A
12/16/2018 4:00,N/A,N/A
12/16/2018 5:00,N/A,N/A
12/16/2018 6:00,N/A,N/A
12/16/2018 7:00,N/A,N/A
12/16/2018 8:00,N/A,N/A
12/16/2018 9:00,N/A,N/A
12/16/2018 10:00,N/A,N/A
12/16/2018 11:00,N/A,N/A
12/16/2018 12:00,N/A,N/A
12/16/2018 13:00,N/A,N/A
12/16/2018 14:00,N/A,N/A
12/16/2018 15:00,N/A,N/A
12/16/2018 16:00,N/A,N/A
12/16/2018 17:00,N/A,N/A
12/16/2018 18:00,N/A,N/A
12/16/2018 19:00,N/A,N/A
12/16/2018 20:00,N/A,N/A
12/16/2018 21:00,N/A,N/A
12/16/2018 22:00,N/A,N/A
12/16/2018 23:00,N/A,N/A
12/17/2018 0:00,N/A,N/A
12/17/2018 1:00,N/A,N/A
12/17/2018 2:00,N/A,N/A
12/17/2018 3:00,N/A,N/A
12/17/2018 4:00,N/A,N/A
12/17/2018 5:00,N/A,N/A
12/17/2018 6:00,N/A,N/A
12/17/2018 7:00,N/A,N/A
12/17/2018 8:00,N/A,N/A
12/17/2018 9:00,N/A,N/A
12/17/2018 10:00,N/A,N/A
12/17/2018 11:00,N/A,N/A
12/17/2018 12:00,N/A,N/A
12/17/2018 13:00,N/A,N/A
12/17/2018 14:00,N/A,N/A
12/17/2018 15:00,N/A,N/A
12/17/2018 16:00,N/A,N/A
12/17/2018 17:00,N/A,N/A
12/17/2018 18:00,N/A,N/A
12/17/2018 19:00,N/A,N/A
12/17/2018 20:00,N/A,N/A
12/17/2018 21:00,N/A,N/A
12/17/2018 22:00,N/A,N/A
12/17/2018 23:00,N/A,N/A
12/18/2018 0:00,N/A,N/A
12/18/2018 1:00,N/A,N/A
12/18/2018 2:00,N/A,N/A
12/18/2018 3:00,N/A,N/A
12/18/2018 4:00,N/A,N/A
12/18/2018 5:00,N/A,N/A
12/18/2018 6:00,N/A,N/A
12/18/2018 7:00,N/A,N/A
12/18/2018 8:00,N/A,N/A
12/18/2018 9:00,N/A,N/A
12/18/2018 10:00,N/A,N/A
12/18/2018 11:00,N/A,N/A
12/18/2018 12:00,N/A,N/A
12/18/2018 13:00,N/A,N/A
12/18/2018 14:00,N/A,N/A
12/18/2018 15:00,N/A,N/A
12/18/2018 16:00,N/A,N/A
12/18/2018 17:00,N/A,N/A
12/18/2018 18:00,N/A,N/A
12/18/2018 19:00,N/A,N/A
12/18/2018 20:00,N/A,N/A
12/18/2018 21:00,N/A,N/A
12/18/2018 22:00,N/A,N/A
12/18/2018 23:00,N/A,N/A
12/19/2018 0:00,N/A,N/A
12/19/2018 1:00,N/A,N/A
12/19/2018 2:00,N/A,N/A
12/19/2018 3:00,N/A,N/A
12/19/2018 4:00,N/A,N/A
12/19/2018 5:00,N/A,N/A
12/19/2018 6:00,N/A,N/A
12/19/2018 7:00,N/A,N/A
12/19/2018 8:00,N/A,N/A
12/19/2018 9:00,N/A,N/A
12/19/2018 10:00,N/A,N/A
12/19/2018 11:00,N/A,N/A
12/19/2018 12:00,N/A,N/A
12/19/2018 13:00,N/A,N/A
12/19/2018 14:00,N/A,N/A
12/19/2018 15:00,N/A,N/A
12/19/2018 16:00,N/A,N/A
12/19/2018 17:00,N/A,N/A
12/19/2018 18:00,N/A,N/A
12/19/2018 19:00,N/A,N/A
12/19/2018 20:00,N/A,N/A
12/19/2018 21:00,N/A,N/A
12/19/2018 22:00,N/A,N/A
12/19/2018 23:00,N/A,N/A
12/20/2018 0:00,N/A,N/A
12/20/2018 1:00,N/A,N/A
12/20/2018 2:00,N/A,N/A
12/20/2018 3:00,N/A,N/A
12/20/2018 4:00,N/A,N/A
12/20/2018 5:00,N/A,N/A
12/20/2018 6:00,N/A,N/A
12/20/2018 7:00,N/A,N/A
12/20/2018 8:00,N/A,N/A
12/20/2018 9:00,N/A,N/A
12/20/2018 10:00,N/A,N/A
12/20/2018 11:00,N/A,N/A
12/20/2018 12:00,N/A,N/A
12/20/2018 13:00,N/A,N/A
12/20/2018 14:00,N/A,N/A
12/20/2018 15:00,N/A,N/A
12/20/2018 16:00,N/A,N/A
12/20/2018 17:00,N/A,N/A
12/20/2018 18:00,N/A,N/A
12/20/2018 19:00,N/A,N/A
12/20/2018 20:00,N/A,N/A
12/20/2018 21:00,N/A,N/A
12/20/2018 22:00,N/A,N/A
12/20/2018 23:00,N/A,N/A
12/21/2018 0:00,N/A,N/A
12/21/2018 1:00,N/A,N/A
12/21/2018 2:00,N/A,N/A
12/21/2018 3:00,N/A,N/A
12/21/2018 4:00,N/A,N/A
12/21/2018 5:00,N/A,N/A
12/21/2018 6:00,N/A,N/A
12/21/2018 7:00,N/A,N/A
12/21/2018 8:00,N/A,N/A
12/21/2018 9:00,N/A,N/A
12/21/2018 10:00,N/A,N/A
12/21/2018 11:00,N/A,N/A
12/21/2018 12:00,N/A,N/A
12/21/2018 13:00,N/A,N/A
12/21/2018 14:00,N/A,N/A
12/21/2018 15:00,N/A,N/A
12/21/2018 16:00,N/A,N/A
12/21/2018 17:00,N/A,N/A
12/21/2018 18:00,N/A,N/A
12/21/2018 19:00,N/A,N/A
12/21/2018 20:00,N/A,N/A
12/21/2018 21:00,N/A,N/A
12/21/2018 22:00,N/A,N/A
12/21/2018 23:00,N/A,N/A
12/22/2018 0:00,N/A,N/A
12/22/2018 1:00,N/A,N/A
12/22/2018 2:00,N/A,N/A
12/22/2018 3:00,N/A,N/A
12/22/2018 4:00,N/A,N/A
12/22/2018 5:00,N/A,N/A
12/22/2018 6:00,N/A,N/A
12/22/2018 7:00,N/A,N/A
12/22/2018 8:00,N/A,N/A
12/22/2018 9:00,N/A,N/A
12/22/2018 10:00,N/A,N/A
12/22/2018 11:00,N/A,N/A
12/22/2018 12:00,N/A,N/A
12/22/2018 13:00,N/A,N/A
12/22/2018 14:00,N/A,N/A
12/22/2018 15:00,N/A,N/A
12/22/2018 16:00,N/A,N/A
12/22/2018 17:00,N/A,N/A
12/22/2018 18:00,N/A,N/A
12/22/2018 19:00,N/A,N/A
12/22/2018 20:00,N/A,N/A
12/22/2018 21:00,N/A,N/A
12/22/2018 22:00,N/A,N/A
12/22/2018 23:00,N/A,N/A
12/23/2018 0:00,N/A,N/A
12/23/2018 1:00,N/A,N/A
12/23/2018 2:00,N/A,N/A
12/23/2018 3:00,N/A,N/A
12/23/2018 4:00,N/A,N/A
12/23/2018 5:00,N/A,N/A
12/23/2018 6:00,N/A,N/A
12/23/2018 7:00,N/A,N/A
12/23/2018 8:00,N/A,N/A
12/23/2018 9:00,N/A,N/A
12/23/2018 10:00,N/A,N/A
12/23/2018 11:00,N/A,N/A
12/23/2018 12:00,N/A,N/A
12/23/2018 13:00,N/A,N/A
12/23/2018 14:00,N/A,N/A
12/23/2018 15:00,N/A,N/A
12/23/2018 16:00,N/A,N/A
12/23/2018 17:00,N/A,N/A
12/23/2018 18:00,N/A,N/A
12/23/2018 19:00,N/A,N/A
12/23/2018 20:00,N/A,N/A
12/23/2018 21:00,N/A,N/A
12/23/2018 22:00,N/A,N/A
12/23/2018 23:00,N/A,N/A
12/24/2018 0:00,N/A,N/A
12/24/2018 1:00,N/A,N/A
12/24/2018 2:00,N/A,N/A
12/24/2018 3:00,N/A,N/A
12/24/2018 4:00,N/A,N/A
12/24/2018 5:00,N/A,N/A
12/24/2018 6:00,N/A,N/A
12/24/2018 7:00,N/A,N/A
12/24/2018 8:00,N/A,N/A
12/24/2018 9:00,N/A,N/A
12/24/2018 10:00,N/A,N/A
12/24/2018 11:00,N/A,N/A
12/24/2018 12:00,N/A,N/A
12/24/2018 13:00,N/A,N/A
12/24/2018 14:00,N/A,N/A
12/24/2018 15:00,N/A,N/A
12/24/2018 16:00,N/A,N/A
12/24/2018 17:00,N/A,N/A
12/24/2018 18:00,N/A,N/A
12/24/2018 19:00,N/A,N/A
12/24/2018 20:00,N/A,N/A
12/24/2018 21:00,N/A,N/A
12/24/2018 22:00,N/A,N/A
12/24/2018 23:00,N/A,N/A
12/25/2018 0:00,N/A,N/A
12/25/2018 1:00,N/A,N/A
12/25/2018 2:00,N/A,N/A
12/25/2018 3:00,N/A,N/A
12/25/2018 4:00,N/A,N/A
12/25/2018 5:00,N/A,N/A
12/25/2018 6:00,N/A,N/A
12/25/2018 7:00,N/A,N/A
12/25/2018 8:00,N/A,N/A
12/25/2018 9:00,N/A,N/A
12/25/2018 10:00,N/A,N/A
12/25/2018 11:00,N/A,N/A
12/25/2018 12:00,N/A,N/A
12/25/2018 13:00,N/A,N/A
12/25/2018 14:00,N/A,N/A
12/25/2018 15:00,N/A,N/A
12/25/2018 16:00,N/A,N/A
12/25/2018 17:00,N/A,N/A
12/25/2018 18:00,N/A,N/A
12/25/2018 19:00,N/A,N/A
12/25/2018 20:00,N/A,N/A
12/25/2018 21:00,N/A,N/A
12/25/2018 22:00,N/A,N/A
12/25/2018 23:00,N/A,N/A
12/26/2018 0:00,N/A,N/A
12/26/2018 1:00,N/A,N/A
12/26/2018 2:00,N/A,N/A
12/26/2018 3:00,N/A,N/A
12/26/2018 4:00,N/A,N/A
12/26/2018 5:00,N/A,N/A
12/26/2018 6:00,N/A,N/A
12/26/2018 7:00,N/A,N/A
12/26/2018 8:00,N/A,N/A
12/26/2018 9:00,N/A,N/A
12/26/2018 10:00,N/A,N/A
12/26/2018 11:00,N/A,N/A
12/26/2018 12:00,N/A,N/A
12/26/2018 13:00,N/A,N/A
12/26/2018 14:00,N/A,N/A
12/26/2018 15:00,N/A,N/A
12/26/2018 16:00,N/A,N/A
12/26/2018 17:00,N/A,N/A
12/26/2018 18:00,N/A,N/A
12/26/2018 19:00,N/A,N/A
12/26/2018 20:00,N/A,N/A
12/26/2018 21:00,N/A,N/A
12/26/2018 22:00,N/A,N/A
12/26/2018 23:00,N/A,N/A
12/27/2018 0:00,N/A,N/A
12/27/2018 1:00,N/A,N/A
12/27/2018 2:00,N/A,N/A
12/27/2018 3:00,N/A,N/A
12/27/2018 4:00,N/A,N/A
12/27/2018 5:00,N/A,N/A
12/27/2018 6:00,N/A,N/A
12/27/2018 7:00,N/A,N/A
12/27/2018 8:00,N/A,N/A
12/27/2018 9:00,N/A,N/A
12/27/2018 10:00,N/A,N/A
12/27/2018 11:00,N/A,N/A
12/27/2018 12:00,N/A,N/A
12/27/2018 13:00,N/A,N/A
12/27/2018 14:00,N/A,N/A
12/27/2018 15:00,N/A,N/A
12/27/2018 16:00,N/A,N/A
12/27/2018 17:00,N/A,N/A
12/27/2018 18:00,N/A,N/A
12/27/2018 19:00,N/A,N/A
12/27/2018 20:00,N/A,N/A
12/27/2018 21:00,N/A,N/A
12/27/2018 22:00,N/A,N/A
12/27/2018 23:00,N/A,N/A
12/28/2018 0:00,N/A,N/A
12/28/2018 1:00,N/A,N/A
12/28/2018 2:00,N/A,N/A
12/28/2018 3:00,N/A,N/A
12/28/2018 4:00,N/A,N/A
12/28/2018 5:00,N/A,N/A
12/28/2018 6:00,N/A,N/A
12/28/2018 7:00,N/A,N/A
12/28/2018 8:00,N/A,N/A
12/28/2018 9:00,N/A,N/A
12/28/2018 10:00,N/A,N/A
12/28/2018 11:00,N/A,N/A
12/28/2018 12:00,N/A,N/A
12/28/2018 13:00,N/A,N/A
12/28/2018 14:00,N/A,N/A
12/28/2018 15:00,N/A,N/A
12/28/2018 16:00,N/A,N/A
12/28/2018 17:00,N/A,N/A
12/28/2018 18:00,N/A,N/A
12/28/2018 19:00,N/A,N/A
12/28/2018 20:00,N/A,N/A
12/28/2018 21:00,N/A,N/A
12/28/2018 22:00,N/A,N/A
12/28/2018 23:00,N/A,N/A
12/29/2018 0:00,N/A,N/A
12/29/2018 1:00,N/A,N/A
12/29/2018 2:00,N/A,N/A
12/29/2018 3:00,N/A,N/A
12/29/2018 4:00,N/A,N/A
12/29/2018 5:00,N/A,N/A
12/29/2018 6:00,N/A,N/A
12/29/2018 7:00,N/A,N/A
12/29/2018 8:00,N/A,N/A
12/29/2018 9:00,N/A,N/A
12/29/2018 10:00,N/A,N/A
12/29/2018 11:00,N/A,N/A
12/29/2018 12:00,N/A,N/A
12/29/2018 13:00,N/A,N/A
12/29/2018 14:00,N/A,N/A
12/29/2018 15:00,N/A,N/A
12/29/2018 16:00,N/A,N/A
12/29/2018 17:00,N/A,N/A
12/29/2018 18:00,N/A,N/A
12/29/2018 19:00,N/A,N/A
12/29/2018 20:00,N/A,N/A
12/29/2018 21:00,N/A,N/A
12/29/2018 22:00,N/A,N/A
12/29/2018 23:00,N/A,N/A
12/30/2018 0:00,N/A,N/A
12/30/2018 1:00,N/A,N/A
12/30/2018 2:00,N/A,N/A
12/30/2018 3:00,N/A,N/A
12/30/2018 4:00,N/A,N/A
12/30/2018 5:00,N/A,N/A
12/30/2018 6:00,N/A,N/A
12/30/2018 7:00,N/A,N/A
12/30/2018 8:00,N/A,N/A
12/30/2018 9:00,N/A,N/A
12/30/2018 10:00,N/A,N/A
12/30/2018 11:00,N/A,N/A
12/30/2018 12:00,N/A,N/A
12/30/2018 13:00,N/A,N/A
12/30/2018 14:00,N/A,N/A
12/30/2018 15:00,N/A,N/A
12/30/2018 16:00,N/A,N/A
12/30/2018 17:00,N/A,N/A
12/30/2018 18:00,N/A,N/A
12/30/2018 19:00,N/A,N/A
12/30/2018 20:00,N/A,N/A
12/30/2018 21:00,N/A,N/A
12/30/2018 22:00,N/A,N/A
12/30/2018 23:00,N/A,N/A
12/31/2018 0:00,N/A,N/A
12/31/2018 1:00,N/A,N/A
12/31/2018 2:00,N/A,N/A
12/31/2018 3:00,N/A,N/A
12/31/2018 4:00,N/A,N/A
12/31/2018 5:00,N/A,N/A
12/31/2018 6:00,N/A,N/A
12/31/2018 7:00,N/A,N/A
12/31/2018 8:00,N/A,N/A
12/31/2018 9:00,N/A,N/A
12/31/2018 10:00,N/A,N/A
12/31/2018 11:00,N/A,N/A
12/31/2018 12:00,N/A,N/A
12/31/2018 13:00,N/A,N/A
12/31/2018 14:00,N/A,N/A
12/31/2018 15:00,N/A,N/A
12/31/2018 16:00,N/A,N/A
12/31/2018 17:00,N/A,N/A
12/31/2018 18:00,N/A,N/A
12/31/2018 19:00,N/A,N/A
12/31/2018 20:00,N/A,N/A
12/31/2018 21:00,N/A,N/A
12/31/2018 22:00,N/A,N/A
12/31/2018 23:00,N/A,N/A
1/1/2019 0:00,N/A,N/A
1/1/2019 1:00,N/A,N/A
1/1/2019 2:00,N/A,N/A
1/1/2019 3:00,N/A,N/A
1/1/2019 4:00,N/A,N/A
1/1/2019 5:00,N/A,N/A
1/1/2019 6:00,N/A,N/A
1/1/2019 7:00,N/A,N/A
1/1/2019 8:00,N/A,N/A
1/1/2019 9:00,N/A,N/A
1/1/2019 10:00,N/A,N/A
1/1/2019 11:00,N/A,N/A
1/1/2019 12:00,N/A,N/A
1/1/2019 13:00,N/A,N/A
1/1/2019 14:00,N/A,N/A
1/1/2019 15:00,N/A,N/A
1/1/2019 16:00,N/A,N/A
1/1/2019 17:00,N/A,N/A
1/1/2019 18:00,N/A,N/A
1/1/2019 19:00,N/A,N/A
1/1/2019 20:00,N/A,N/A
1/1/2019 21:00,N/A,N/A
1/1/2019 22:00,N/A,N/A
1/1/2019 23:00,N/A,N/A
1/2/2019 0:00,N/A,N/A
1/2/2019 1:00,N/A,N/A
1/2/2019 2:00,N/A,N/A
1/2/2019 3:00,N/A,N/A
1/2/2019 4:00,N/A,N/A
1/2/2019 5:00,N/A,N/A
1/2/2019 6:00,N/A,N/A
1/2/2019 7:00,N/A,N/A
1/2/2019 8:00,N/A,N/A
1/2/2019 9:00,N/A,N/A
1/2/2019 10:00,N/A,N/A
1/2/2019 11:00,N/A,N/A
1/2/2019 12:00,N/A,N/A
1/2/2019 13:00,N/A,N/A
1/2/2019 14:00,N/A,N/A
1/2/2019 15:00,N/A,N/A
1/2/2019 16:00,N/A,N/A
1/2/2019 17:00,N/A,N/A
1/2/2019 18:00,N/A,N/A
1/2/2019 19:00,N/A,N/A
1/2/2019 20:00,N/A,N/A
1/2/2019 21:00,N/A,N/A
1/2/2019 22:00,N/A,N/A
1/2/2019 23:00,N/A,N/A
1/3/2019 0:00,N/A,N/A
1/3/2019 1:00,N/A,N/A
1/3/2019 2:00,N/A,N/A
1/3/2019 3:00,N/A,N/A
1/3/2019 4:00,N/A,N/A
1/3/2019 5:00,N/A,N/A
1/3/2019 6:00,N/A,N/A
1/3/2019 7:00,N/A,N/A
1/3/2019 8:00,N/A,N/A
1/3/2019 9:00,N/A,N/A
1/3/2019 10:00,N/A,N/A
1/3/2019 11:00,N/A,N/A
1/3/2019 12:00,N/A,N/A
1/3/2019 13:00,N/A,N/A
1/3/2019 14:00,N/A,N/A
1/3/2019 15:00,N/A,N/A
1/3/2019 16:00,N/A,N/A
1/3/2019 17:00,N/A,N/A
1/3/2019 18:00,N/A,N/A
1/3/2019 19:00,N/A,N/A
1/3/2019 20:00,N/A,N/A
1/3/2019 21:00,N/A,N/A
1/3/2019 22:00,N/A,N/A
1/3/2019 23:00,N/A,N/A
1/4/2019 0:00,N/A,N/A
1/4/2019 1:00,N/A,N/A
1/4/2019 2:00,N/A,N/A
1/4/2019 3:00,N/A,N/A
1/4/2019 4:00,N/A,N/A
1/4/2019 5:00,N/A,N/A
1/4/2019 6:00,N/A,N/A
1/4/2019 7:00,N/A,N/A
1/4/2019 8:00,N/A,N/A
1/4/2019 9:00,N/A,N/A
1/4/2019 10:00,N/A,N/A
1/4/2019 11:00,N/A,N/A
1/4/2019 12:00,N/A,N/A
1/4/2019 13:00,N/A,N/A
1/4/2019 14:00,N/A,N/A
1/4/2019 15:00,N/A,N/A
1/4/2019 16:00,N/A,N/A
1/4/2019 17:00,N/A,N/A
1/4/2019 18:00,N/A,N/A
1/4/2019 19:00,N/A,N/A
1/4/2019 20:00,N/A,N/A
1/4/2019 21:00,N/A,N/A
1/4/2019 22:00,N/A,N/A
1/4/2019 23:00,N/A,N/A
1/5/2019 0:00,N/A,N/A
1/5/2019 1:00,N/A,N/A
1/5/2019 2:00,N/A,N/A
1/5/2019 3:00,N/A,N/A
1/5/2019 4:00,N/A,N/A
1/5/2019 5:00,N/A,N/A
1/5/2019 6:00,N/A,N/A
1/5/2019 7:00,N/A,N/A
1/5/2019 8:00,N/A,N/A
1/5/2019 9:00,N/A,N/A
1/5/2019 10:00,N/A,N/A
1/5/2019 11:00,N/A,N/A
1/5/2019 12:00,N/A,N/A
1/5/2019 13:00,N/A,N/A
1/5/2019 14:00,N/A,N/A
1/5/2019 15:00,N/A,N/A
1/5/2019 16:00,N/A,N/A
1/5/2019 17:00,N/A,N/A
1/5/2019 18:00,N/A,N/A
1/5/2019 19:00,N/A,N/A
1/5/2019 20:00,N/A,N/A
1/5/2019 21:00,N/A,N/A
1/5/2019 22:00,N/A,N/A
1/5/2019 23:00,N/A,N/A
1/6/2019 0:00,N/A,N/A
1/6/2019 1:00,N/A,N/A
1/6/2019 2:00,N/A,N/A
1/6/2019 3:00,N/A,N/A
1/6/2019 4:00,N/A,N/A
1/6/2019 5:00,N/A,N/A
1/6/2019 6:00,N/A,N/A
1/6/2019 7:00,N/A,N/A
1/6/2019 8:00,N/A,N/A
1/6/2019 9:00,N/A,N/A
1/6/2019 10:00,N/A,N/A
1/6/2019 11:00,N/A,N/A
1/6/2019 12:00,N/A,N/A
1/6/2019 13:00,N/A,N/A
1/6/2019 14:00,N/A,N/A
1/6/2019 15:00,N/A,N/A
1/6/2019 16:00,N/A,N/A
1/6/2019 17:00,N/A,N/A
1/6/2019 18:00,N/A,N/A
1/6/2019 19:00,N/A,N/A
1/6/2019 20:00,N/A,N/A
1/6/2019 21:00,N/A,N/A
1/6/2019 22:00,N/A,N/A
1/6/2019 23:00,N/A,N/A
1/7/2019 0:00,N/A,N/A
1/7/2019 1:00,N/A,N/A
1/7/2019 2:00,N/A,N/A
1/7/2019 3:00,N/A,N/A
1/7/2019 4:00,N/A,N/A
1/7/2019 5:00,N/A,N/A
1/7/2019 6:00,N/A,N/A
1/7/2019 7:00,N/A,N/A
1/7/2019 8:00,N/A,N/A
1/7/2019 9:00,N/A,N/A
1/7/2019 10:00,N/A,N/A
1/7/2019 11:00,N/A,N/A
1/7/2019 12:00,N/A,N/A
1/7/2019 13:00,N/A,N/A
1/7/2019 14:00,N/A,N/A
1/7/2019 15:00,N/A,N/A
1/7/2019 16:00,N/A,N/A
1/7/2019 17:00,N/A,N/A
1/7/2019 18:00,N/A,N/A
1/7/2019 19:00,N/A,N/A
1/7/2019 20:00,N/A,N/A
1/7/2019 21:00,N/A,N/A
1/7/2019 22:00,N/A,N/A
1/7/2019 23:00,N/A,N/A
1/8/2019 0:00,N/A,N/A
1/8/2019 1:00,N/A,N/A
1/8/2019 2:00,N/A,N/A
1/8/2019 3:00,N/A,N/A
1/8/2019 4:00,N/A,N/A
1/8/2019 5:00,N/A,N/A
1/8/2019 6:00,N/A,N/A
1/8/2019 7:00,N/A,N/A
1/8/2019 8:00,N/A,N/A
1/8/2019 9:00,N/A,N/A
1/8/2019 10:00,N/A,N/A
1/8/2019 11:00,N/A,N/A
1/8/2019 12:00,N/A,N/A
1/8/2019 13:00,N/A,N/A
1/8/2019 14:00,N/A,N/A
1/8/2019 15:00,N/A,N/A
1/8/2019 16:00,N/A,N/A
1/8/2019 17:00,N/A,N/A
1/8/2019 18:00,N/A,N/A
1/8/2019 19:00,N/A,N/A
1/8/2019 20:00,N/A,N/A
1/8/2019 21:00,N/A,N/A
1/8/2019 22:00,N/A,N/A
1/8/2019 23:00,N/A,N/A
1/9/2019 0:00,N/A,N/A
1/9/2019 1:00,N/A,N/A
1/9/2019 2:00,N/A,N/A
1/9/2019 3:00,N/A,N/A
1/9/2019 4:00,N/A,N/A
1/9/2019 5:00,N/A,N/A
1/9/2019 6:00,N/A,N/A
1/9/2019 7:00,N/A,N/A
1/9/2019 8:00,N/A,N/A
1/9/2019 9:00,N/A,N/A
1/9/2019 10:00,N/A,N/A
1/9/2019 11:00,N/A,N/A
1/9/2019 12:00,N/A,N/A
1/9/2019 13:00,N/A,N/A
1/9/2019 14:00,N/A,N/A
1/9/2019 15:00,N/A,N/A
1/9/2019 16:00,N/A,N/A
1/9/2019 17:00,N/A,N/A
1/9/2019 18:00,N/A,N/A
1/9/2019 19:00,N/A,N/A
1/9/2019 20:00,N/A,N/A
1/9/2019 21:00,N/A,N/A
1/9/2019 22:00,N/A,N/A
1/9/2019 23:00,N/A,N/A
1/10/2019 0:00,N/A,N/A
1/10/2019 1:00,N/A,N/A
1/10/2019 2:00,N/A,N/A
1/10/2019 3:00,N/A,N/A
1/10/2019 4:00,N/A,N/A
1/10/2019 5:00,N/A,N/A
1/10/2019 6:00,N/A,N/A
1/10/2019 7:00,N/A,N/A
1/10/2019 8:00,N/A,N/A
1/10/2019 9:00,N/A,N/A
1/10/2019 10:00,N/A,N/A
1/10/2019 11:00,N/A,N/A
1/10/2019 12:00,N/A,N/A
1/10/2019 13:00,N/A,N/A
1/10/2019 14:00,N/A,N/A
1/10/2019 15:00,N/A,N/A
1/10/2019 16:00,N/A,N/A
1/10/2019 17:00,N/A,N/A
1/10/2019 18:00,N/A,N/A
1/10/2019 19:00,N/A,N/A
1/10/2019 20:00,N/A,N/A
1/10/2019 21:00,N/A,N/A
1/10/2019 22:00,N/A,N/A
1/10/2019 23:00,N/A,N/A
1/11/2019 0:00,N/A,N/A
1/11/2019 1:00,N/A,N/A
1/11/2019 2:00,N/A,N/A
1/11/2019 3:00,N/A,N/A
1/11/2019 4:00,N/A,N/A
1/11/2019 5:00,N/A,N/A
1/11/2019 6:00,N/A,N/A
1/11/2019 7:00,N/A,N/A
1/11/2019 8:00,N/A,N/A
1/11/2019 9:00,N/A,N/A
1/11/2019 10:00,N/A,N/A
1/11/2019 11:00,N/A,N/A
1/11/2019 12:00,N/A,N/A
1/11/2019 13:00,N/A,N/A
1/11/2019 14:00,N/A,N/A
1/11/2019 15:00,N/A,N/A
1/11/2019 16:00,N/A,N/A
1/11/2019 17:00,N/A,N/A
1/11/2019 18:00,N/A,N/A
1/11/2019 19:00,N/A,N/A
1/11/2019 20:00,N/A,N/A
1/11/2019 21:00,N/A,N/A
1/11/2019 22:00,N/A,N/A
1/11/2019 23:00,N/A,N/A
1/12/2019 0:00,N/A,N/A
1/12/2019 1:00,N/A,N/A
1/12/2019 2:00,N/A,N/A
1/12/2019 3:00,N/A,N/A
1/12/2019 4:00,N/A,N/A
1/12/2019 5:00,N/A,N/A
1/12/2019 6:00,N/A,N/A
1/12/2019 7:00,N/A,N/A
1/12/2019 8:00,N/A,N/A
1/12/2019 9:00,N/A,N/A
1/12/2019 10:00,N/A,N/A
1/12/2019 11:00,N/A,N/A
1/12/2019 12:00,N/A,N/A
1/12/2019 13:00,N/A,N/A
1/12/2019 14:00,N/A,N/A
1/12/2019 15:00,N/A,N/A
1/12/2019 16:00,N/A,N/A
1/12/2019 17:00,N/A,N/A
1/12/2019 18:00,N/A,N/A
1/12/2019 19:00,N/A,N/A
1/12/2019 20:00,N/A,N/A
1/12/2019 21:00,N/A,N/A
1/12/2019 22:00,N/A,N/A
1/12/2019 23:00,N/A,N/A
1/13/2019 0:00,N/A,N/A
1/13/2019 1:00,N/A,N/A
1/13/2019 2:00,N/A,N/A
1/13/2019 3:00,N/A,N/A
1/13/2019 4:00,N/A,N/A
1/13/2019 5:00,N/A,N/A
1/13/2019 6:00,N/A,N/A
1/13/2019 7:00,N/A,N/A
1/13/2019 8:00,N/A,N/A
1/13/2019 9:00,N/A,N/A
1/13/2019 10:00,N/A,N/A
1/13/2019 11:00,N/A,N/A
1/13/2019 12:00,N/A,N/A
1/13/2019 13:00,N/A,N/A
1/13/2019 14:00,N/A,N/A
1/13/2019 15:00,N/A,N/A
1/13/2019 16:00,N/A,N/A
1/13/2019 17:00,N/A,N/A
1/13/2019 18:00,N/A,N/A
1/13/2019 19:00,N/A,N/A
1/13/2019 20:00,N/A,N/A
1/13/2019 21:00,N/A,N/A
1/13/2019 22:00,N/A,N/A
1/13/2019 23:00,N/A,N/A
1/14/2019 0:00,N/A,N/A
1/14/2019 1:00,N/A,N/A
1/14/2019 2:00,N/A,N/A
1/14/2019 3:00,N/A,N/A
1/14/2019 4:00,N/A,N/A
1/14/2019 5:00,N/A,N/A
1/14/2019 6:00,N/A,N/A
1/14/2019 7:00,N/A,N/A
1/14/2019 8:00,N/A,N/A
1/14/2019 9:00,N/A,N/A
1/14/2019 10:00,N/A,N/A
1/14/2019 11:00,N/A,N/A
1/14/2019 12:00,N/A,N/A
1/14/2019 13:00,N/A,N/A
1/14/2019 14:00,N/A,N/A
1/14/2019 15:00,N/A,N/A
1/14/2019 16:00,N/A,N/A
1/14/2019 17:00,N/A,N/A
1/14/2019 18:00,N/A,N/A
1/14/2019 19:00,N/A,N/A
1/14/2019 20:00,N/A,N/A
1/14/2019 21:00,N/A,N/A
1/14/2019 22:00,N/A,N/A
1/14/2019 23:00,N/A,N/A
1/15/2019 0:00,N/A,N/A
1/15/2019 1:00,N/A,N/A
1/15/2019 2:00,N/A,N/A
1/15/2019 3:00,N/A,N/A
1/15/2019 4:00,N/A,N/A
1/15/2019 5:00,N/A,N/A
1/15/2019 6:00,N/A,N/A
1/15/2019 7:00,N/A,N/A
1/15/2019 8:00,N/A,N/A
1/15/2019 9:00,N/A,N/A
1/15/2019 10:00,N/A,N/A
1/15/2019 11:00,N/A,N/A
1/15/2019 12:00,N/A,N/A
1/15/2019 13:00,N/A,N/A
1/15/2019 14:00,N/A,N/A
1/15/2019 15:00,N/A,N/A
1/15/2019 16:00,N/A,N/A
1/15/2019 17:00,N/A,N/A
1/15/2019 18:00,N/A,N/A
1/15/2019 19:00,N/A,N/A
1/15/2019 20:00,N/A,N/A
1/15/2019 21:00,N/A,N/A
1/15/2019 22:00,N/A,N/A
1/15/2019 23:00,N/A,N/A
1/16/2019 0:00,N/A,N/A
1/16/2019 1:00,N/A,N/A
1/16/2019 2:00,N/A,N/A
1/16/2019 3:00,N/A,N/A
1/16/2019 4:00,N/A,N/A
1/16/2019 5:00,N/A,N/A
1/16/2019 6:00,N/A,N/A
1/16/2019 7:00,N/A,N/A
1/16/2019 8:00,N/A,N/A
1/16/2019 9:00,N/A,N/A
1/16/2019 10:00,N/A,N/A
1/16/2019 11:00,N/A,N/A
1/16/2019 12:00,N/A,N/A
1/16/2019 13:00,N/A,N/A
1/16/2019 14:00,N/A,N/A
1/16/2019 15:00,N/A,N/A
1/16/2019 16:00,N/A,N/A
1/16/2019 17:00,N/A,N/A
1/16/2019 18:00,N/A,N/A
1/16/2019 19:00,N/A,N/A
1/16/2019 20:00,N/A,N/A
1/16/2019 21:00,N/A,N/A
1/16/2019 22:00,N/A,N/A
1/16/2019 23:00,N/A,N/A
1/17/2019 0:00,N/A,N/A
1/17/2019 1:00,N/A,N/A
1/17/2019 2:00,N/A,N/A
1/17/2019 3:00,N/A,N/A
1/17/2019 4:00,N/A,N/A
1/17/2019 5:00,N/A,N/A
1/17/2019 6:00,N/A,N/A
1/17/2019 7:00,N/A,N/A
1/17/2019 8:00,N/A,N/A
1/17/2019 9:00,N/A,N/A
1/17/2019 10:00,N/A,N/A
1/17/2019 11:00,N/A,N/A
1/17/2019 12:00,N/A,N/A
1/17/2019 13:00,N/A,N/A
1/17/2019 14:00,N/A,N/A
1/17/2019 15:00,N/A,N/A
1/17/2019 16:00,N/A,N/A
1/17/2019 17:00,N/A,N/A
1/17/2019 18:00,N/A,N/A
1/17/2019 19:00,N/A,N/A
1/17/2019 20:00,N/A,N/A
1/17/2019 21:00,N/A,N/A
1/17/2019 22:00,N/A,N/A
1/17/2019 23:00,N/A,N/A
1/18/2019 0:00,N/A,N/A
1/18/2019 1:00,N/A,N/A
1/18/2019 2:00,N/A,N/A
1/18/2019 3:00,N/A,N/A
1/18/2019 4:00,N/A,N/A
1/18/2019 5:00,N/A,N/A
1/18/2019 6:00,N/A,N/A
1/18/2019 7:00,N/A,N/A
1/18/2019 8:00,N/A,N/A
1/18/2019 9:00,N/A,N/A
1/18/2019 10:00,N/A,N/A
1/18/2019 11:00,N/A,N/A
1/18/2019 12:00,N/A,N/A
1/18/2019 13:00,N/A,N/A
1/18/2019 14:00,N/A,N/A
1/18/2019 15:00,N/A,N/A
1/18/2019 16:00,N/A,N/A
1/18/2019 17:00,N/A,N/A
1/18/2019 18:00,N/A,N/A
1/18/2019 19:00,N/A,N/A
1/18/2019 20:00,N/A,N/A
1/18/2019 21:00,N/A,N/A
1/18/2019 22:00,N/A,N/A
1/18/2019 23:00,N/A,N/A
1/19/2019 0:00,N/A,N/A
1/19/2019 1:00,N/A,N/A
1/19/2019 2:00,N/A,N/A
1/19/2019 3:00,N/A,N/A
1/19/2019 4:00,N/A,N/A
1/19/2019 5:00,N/A,N/A
1/19/2019 6:00,N/A,N/A
1/19/2019 7:00,N/A,N/A
1/19/2019 8:00,N/A,N/A
1/19/2019 9:00,N/A,N/A
1/19/2019 10:00,N/A,N/A
1/19/2019 11:00,N/A,N/A
1/19/2019 12:00,N/A,N/A
1/19/2019 13:00,N/A,N/A
1/19/2019 14:00,N/A,N/A
1/19/2019 15:00,N/A,N/A
1/19/2019 16:00,N/A,N/A
1/19/2019 17:00,N/A,N/A
1/19/2019 18:00,N/A,N/A
1/19/2019 19:00,N/A,N/A
1/19/2019 20:00,N/A,N/A
1/19/2019 21:00,N/A,N/A
1/19/2019 22:00,N/A,N/A
1/19/2019 23:00,N/A,N/A
1/20/2019 0:00,N/A,N/A
1/20/2019 1:00,N/A,N/A
1/20/2019 2:00,N/A,N/A
1/20/2019 3:00,N/A,N/A
1/20/2019 4:00,N/A,N/A
1/20/2019 5:00,N/A,N/A
1/20/2019 6:00,N/A,N/A
1/20/2019 7:00,N/A,N/A
1/20/2019 8:00,N/A,N/A
1/20/2019 9:00,N/A,N/A
1/20/2019 10:00,N/A,N/A
1/20/2019 11:00,N/A,N/A
1/20/2019 12:00,N/A,N/A
1/20/2019 13:00,N/A,N/A
1/20/2019 14:00,N/A,N/A
1/20/2019 15:00,N/A,N/A
1/20/2019 16:00,N/A,N/A
1/20/2019 17:00,N/A,N/A
1/20/2019 18:00,N/A,N/A
1/20/2019 19:00,N/A,N/A
1/20/2019 20:00,N/A,N/A
1/20/2019 21:00,N/A,N/A
1/20/2019 22:00,N/A,N/A
1/20/2019 23:00,N/A,N/A
1/21/2019 0:00,N/A,N/A
1/21/2019 1:00,N/A,N/A
1/21/2019 2:00,N/A,N/A
1/21/2019 3:00,N/A,N/A
1/21/2019 4:00,N/A,N/A
1/21/2019 5:00,N/A,N/A
1/21/2019 6:00,N/A,N/A
1/21/2019 7:00,N/A,N/A
1/21/2019 8:00,N/A,N/A
1/21/2019 9:00,N/A,N/A
1/21/2019 10:00,N/A,N/A
1/21/2019 11:00,N/A,N/A
1/21/2019 12:00,N/A,N/A
1/21/2019 13:00,N/A,N/A
1/21/2019 14:00,N/A,N/A
1/21/2019 15:00,N/A,N/A
1/21/2019 16:00,N/A,N/A
1/21/2019 17:00,N/A,N/A
1/21/2019 18:00,N/A,N/A
1/21/2019 19:00,N/A,N/A
1/21/2019 20:00,N/A,N/A
1/21/2019 21:00,N/A,N/A
1/21/2019 22:00,N/A,N/A
1/21/2019 23:00,N/A,N/A
1/22/2019 0:00,N/A,N/A
1/22/2019 1:00,N/A,N/A
1/22/2019 2:00,N/A,N/A
1/22/2019 3:00,N/A,N/A
1/22/2019 4:00,N/A,N/A
1/22/2019 5:00,N/A,N/A
1/22/2019 6:00,N/A,N/A
1/22/2019 7:00,N/A,N/A
1/22/2019 8:00,N/A,N/A
1/22/2019 9:00,N/A,N/A
1/22/2019 10:00,N/A,N/A
1/22/2019 11:00,N/A,N/A
1/22/2019 12:00,N/A,N/A
1/22/2019 13:00,N/A,N/A
1/22/2019 14:00,N/A,N/A
1/22/2019 15:00,N/A,N/A
1/22/2019 16:00,N/A,N/A
1/22/2019 17:00,N/A,N/A
1/22/2019 18:00,N/A,N/A
1/22/2019 19:00,N/A,N/A
1/22/2019 20:00,N/A,N/A
1/22/2019 21:00,N/A,N/A
1/22/2019 22:00,N/A,N/A
1/22/2019 23:00,N/A,N/A
1/23/2019 0:00,N/A,N/A
1/23/2019 1:00,N/A,N/A
1/23/2019 2:00,N/A,N/A
1/23/2019 3:00,N/A,N/A
1/23/2019 4:00,N/A,N/A
1/23/2019 5:00,N/A,N/A
1/23/2019 6:00,N/A,N/A
1/23/2019 7:00,N/A,N/A
1/23/2019 8:00,N/A,N/A
1/23/2019 9:00,N/A,N/A
1/23/2019 10:00,N/A,N/A
1/23/2019 11:00,N/A,N/A
1/23/2019 12:00,N/A,N/A
1/23/2019 13:00,N/A,N/A
1/23/2019 14:00,N/A,N/A
1/23/2019 15:00,N/A,N/A
1/23/2019 16:00,N/A,N/A
1/23/2019 17:00,N/A,N/A
1/23/2019 18:00,N/A,N/A
1/23/2019 19:00,N/A,N/A
1/23/2019 20:00,N/A,N/A
1/23/2019 21:00,N/A,N/A
1/23/2019 22:00,N/A,N/A
1/23/2019 23:00,N/A,N/A
1/24/2019 0:00,N/A,N/A
1/24/2019 1:00,N/A,N/A
1/24/2019 2:00,N/A,N/A
1/24/2019 3:00,N/A,N/A
1/24/2019 4:00,N/A,N/A
1/24/2019 5:00,N/A,N/A
1/24/2019 6:00,N/A,N/A
1/24/2019 7:00,N/A,N/A
1/24/2019 8:00,N/A,N/A
1/24/2019 9:00,N/A,N/A
1/24/2019 10:00,N/A,N/A
1/24/2019 11:00,N/A,N/A
1/24/2019 12:00,N/A,N/A
1/24/2019 13:00,N/A,N/A
1/24/2019 14:00,N/A,N/A
1/24/2019 15:00,N/A,N/A
1/24/2019 16:00,N/A,N/A
1/24/2019 17:00,N/A,N/A
1/24/2019 18:00,N/A,N/A
1/24/2019 19:00,N/A,N/A
1/24/2019 20:00,N/A,N/A
1/24/2019 21:00,N/A,N/A
1/24/2019 22:00,N/A,N/A
1/24/2019 23:00,N/A,N/A
1/25/2019 0:00,N/A,N/A
1/25/2019 1:00,N/A,N/A
1/25/2019 2:00,N/A,N/A
1/25/2019 3:00,N/A,N/A
1/25/2019 4:00,N/A,N/A
1/25/2019 5:00,N/A,N/A
1/25/2019 6:00,N/A,N/A
1/25/2019 7:00,N/A,N/A
1/25/2019 8:00,N/A,N/A
1/25/2019 9:00,N/A,N/A
1/25/2019 10:00,N/A,N/A
1/25/2019 11:00,N/A,N/A
1/25/2019 12:00,N/A,N/A
1/25/2019 13:00,N/A,N/A
1/25/2019 14:00,N/A,N/A
1/25/2019 15:00,N/A,N/A
1/25/2019 16:00,N/A,N/A
1/25/2019 17:00,N/A,N/A
1/25/2019 18:00,N/A,N/A
1/25/2019 19:00,N/A,N/A
1/25/2019 20:00,N/A,N/A
1/25/2019 21:00,N/A,N/A
1/25/2019 22:00,N/A,N/A
1/25/2019 23:00,N/A,N/A
1/26/2019 0:00,N/A,N/A
1/26/2019 1:00,N/A,N/A
1/26/2019 2:00,N/A,N/A
1/26/2019 3:00,N/A,N/A
1/26/2019 4:00,N/A,N/A
1/26/2019 5:00,N/A,N/A
1/26/2019 6:00,N/A,N/A
1/26/2019 7:00,N/A,N/A
1/26/2019 8:00,N/A,N/A
1/26/2019 9:00,N/A,N/A
1/26/2019 10:00,N/A,N/A
1/26/2019 11:00,N/A,N/A
1/26/2019 12:00,N/A,N/A
1/26/2019 13:00,N/A,N/A
1/26/2019 14:00,N/A,N/A
1/26/2019 15:00,N/A,N/A
1/26/2019 16:00,N/A,N/A
1/26/2019 17:00,N/A,N/A
1/26/2019 18:00,N/A,N/A
1/26/2019 19:00,N/A,N/A
1/26/2019 20:00,N/A,N/A
1/26/2019 21:00,N/A,N/A
1/26/2019 22:00,N/A,N/A
1/26/2019 23:00,N/A,N/A
1/27/2019 0:00,N/A,N/A
1/27/2019 1:00,N/A,N/A
1/27/2019 2:00,N/A,N/A
1/27/2019 3:00,N/A,N/A
1/27/2019 4:00,N/A,N/A
1/27/2019 5:00,N/A,N/A
1/27/2019 6:00,N/A,N/A
1/27/2019 7:00,N/A,N/A
1/27/2019 8:00,N/A,N/A
1/27/2019 9:00,N/A,N/A
1/27/2019 10:00,N/A,N/A
1/27/2019 11:00,N/A,N/A
1/27/2019 12:00,N/A,N/A
1/27/2019 13:00,N/A,N/A
1/27/2019 14:00,N/A,N/A
1/27/2019 15:00,N/A,N/A
1/27/2019 16:00,N/A,N/A
1/27/2019 17:00,N/A,N/A
1/27/2019 18:00,N/A,N/A
1/27/2019 19:00,N/A,N/A
1/27/2019 20:00,N/A,N/A
1/27/2019 21:00,N/A,N/A
1/27/2019 22:00,N/A,N/A
1/27/2019 23:00,N/A,N/A
1/28/2019 0:00,N/A,N/A
1/28/2019 1:00,N/A,N/A
1/28/2019 2:00,N/A,N/A
1/28/2019 3:00,N/A,N/A
1/28/2019 4:00,N/A,N/A
1/28/2019 5:00,N/A,N/A
1/28/2019 6:00,N/A,N/A
1/28/2019 7:00,N/A,N/A
1/28/2019 8:00,N/A,N/A
1/28/2019 9:00,N/A,N/A
1/28/2019 10:00,N/A,N/A
1/28/2019 11:00,N/A,N/A
1/28/2019 12:00,N/A,N/A
1/28/2019 13:00,N/A,N/A
1/28/2019 14:00,N/A,N/A
1/28/2019 15:00,N/A,N/A
1/28/2019 16:00,N/A,N/A
1/28/2019 17:00,N/A,N/A
1/28/2019 18:00,N/A,N/A
1/28/2019 19:00,N/A,N/A
1/28/2019 20:00,N/A,N/A
1/28/2019 21:00,N/A,N/A
1/28/2019 22:00,N/A,N/A
1/28/2019 23:00,N/A,N/A
1/29/2019 0:00,N/A,N/A
1/29/2019 1:00,N/A,N/A
1/29/2019 2:00,N/A,N/A
1/29/2019 3:00,N/A,N/A
1/29/2019 4:00,N/A,N/A
1/29/2019 5:00,N/A,N/A
1/29/2019 6:00,N/A,N/A
1/29/2019 7:00,N/A,N/A
1/29/2019 8:00,N/A,N/A
1/29/2019 9:00,N/A,N/A
1/29/2019 10:00,N/A,N/A
1/29/2019 11:00,N/A,N/A
1/29/2019 12:00,N/A,N/A
1/29/2019 13:00,N/A,N/A
1/29/2019 14:00,N/A,N/A
1/29/2019 15:00,N/A,N/A
1/29/2019 16:00,N/A,N/A
1/29/2019 17:00,N/A,N/A
1/29/2019 18:00,N/A,N/A
1/29/2019 19:00,N/A,N/A
1/29/2019 20:00,N/A,N/A
1/29/2019 21:00,N/A,N/A
1/29/2019 22:00,N/A,N/A
1/29/2019 23:00,N/A,N/A
1/30/2019 0:00,N/A,N/A
1/30/2019 1:00,N/A,N/A
1/30/2019 2:00,N/A,N/A
1/30/2019 3:00,N/A,N/A
1/30/2019 4:00,N/A,N/A
1/30/2019 5:00,N/A,N/A
1/30/2019 6:00,N/A,N/A
1/30/2019 7:00,N/A,N/A
1/30/2019 8:00,N/A,N/A
1/30/2019 9:00,N/A,N/A
1/30/2019 10:00,N/A,N/A
1/30/2019 11:00,N/A,N/A
1/30/2019 12:00,N/A,N/A
1/30/2019 13:00,N/A,N/A
1/30/2019 14:00,N/A,N/A
1/30/2019 15:00,N/A,N/A
1/30/2019 16:00,N/A,N/A
1/30/2019 17:00,N/A,N/A
1/30/2019 18:00,N/A,N/A
1/30/2019 19:00,N/A,N/A
1/30/2019 20:00,N/A,N/A
1/30/2019 21:00,N/A,N/A
1/30/2019 22:00,N/A,N/A
1/30/2019 23:00,N/A,N/A
1/31/2019 0:00,N/A,N/A
1/31/2019 1:00,N/A,N/A
1/31/2019 2:00,N/A,N/A
1/31/2019 3:00,N/A,N/A
1/31/2019 4:00,N/A,N/A
1/31/2019 5:00,N/A,N/A
1/31/2019 6:00,N/A,N/A
1/31/2019 7:00,N/A,N/A
1/31/2019 8:00,N/A,N/A
1/31/2019 9:00,N/A,N/A
1/31/2019 10:00,N/A,N/A
1/31/2019 11:00,N/A,N/A
1/31/2019 12:00,N/A,N/A
1/31/2019 13:00,N/A,N/A
1/31/2019 14:00,N/A,N/A
1/31/2019 15:00,N/A,N/A
1/31/2019 16:00,N/A,N/A
1/31/2019 17:00,N/A,N/A
1/31/2019 18:00,N/A,N/A
1/31/2019 19:00,N/A,N/A
1/31/2019 20:00,N/A,N/A
1/31/2019 21:00,N/A,N/A
1/31/2019 22:00,N/A,N/A
1/31/2019 23:00,N/A,N/A
2/1/2019 0:00,N/A,N/A
2/1/2019 1:00,N/A,N/A
2/1/2019 2:00,N/A,N/A
2/1/2019 3:00,N/A,N/A
2/1/2019 4:00,N/A,N/A
2/1/2019 5:00,N/A,N/A
2/1/2019 6:00,N/A,N/A
2/1/2019 7:00,N/A,N/A
2/1/2019 8:00,N/A,N/A
2/1/2019 9:00,N/A,N/A
2/1/2019 10:00,N/A,N/A
2/1/2019 11:00,N/A,N/A
2/1/2019 12:00,N/A,N/A
2/1/2019 13:00,N/A,N/A
2/1/2019 14:00,N/A,N/A
2/1/2019 15:00,N/A,N/A
2/1/2019 16:00,N/A,N/A
2/1/2019 17:00,N/A,N/A
2/1/2019 18:00,N/A,N/A
2/1/2019 19:00,N/A,N/A
2/1/2019 20:00,N/A,N/A
2/1/2019 21:00,N/A,N/A
2/1/2019 22:00,N/A,N/A
2/1/2019 23:00,N/A,N/A
2/2/2019 0:00,N/A,N/A
2/2/2019 1:00,N/A,N/A
2/2/2019 2:00,N/A,N/A
2/2/2019 3:00,N/A,N/A
2/2/2019 4:00,N/A,N/A
2/2/2019 5:00,N/A,N/A
2/2/2019 6:00,N/A,N/A
2/2/2019 7:00,N/A,N/A
2/2/2019 8:00,N/A,N/A
2/2/2019 9:00,N/A,N/A
2/2/2019 10:00,N/A,N/A
2/2/2019 11:00,N/A,N/A
2/2/2019 12:00,N/A,N/A
2/2/2019 13:00,N/A,N/A
2/2/2019 14:00,N/A,N/A
2/2/2019 15:00,N/A,N/A
2/2/2019 16:00,N/A,N/A
2/2/2019 17:00,N/A,N/A
2/2/2019 18:00,N/A,N/A
2/2/2019 19:00,N/A,N/A
2/2/2019 20:00,N/A,N/A
2/2/2019 21:00,N/A,N/A
2/2/2019 22:00,N/A,N/A
2/2/2019 23:00,N/A,N/A
2/3/2019 0:00,N/A,N/A
2/3/2019 1:00,N/A,N/A
2/3/2019 2:00,N/A,N/A
2/3/2019 3:00,N/A,N/A
2/3/2019 4:00,N/A,N/A
2/3/2019 5:00,N/A,N/A
2/3/2019 6:00,N/A,N/A
2/3/2019 7:00,N/A,N/A
2/3/2019 8:00,N/A,N/A
2/3/2019 9:00,N/A,N/A
2/3/2019 10:00,N/A,N/A
2/3/2019 11:00,N/A,N/A
2/3/2019 12:00,N/A,N/A
2/3/2019 13:00,N/A,N/A
2/3/2019 14:00,N/A,N/A
2/3/2019 15:00,N/A,N/A
2/3/2019 16:00,N/A,N/A
2/3/2019 17:00,N/A,N/A
2/3/2019 18:00,N/A,N/A
2/3/2019 19:00,N/A,N/A
2/3/2019 20:00,N/A,N/A
2/3/2019 21:00,N/A,N/A
2/3/2019 22:00,N/A,N/A
2/3/2019 23:00,N/A,N/A
2/4/2019 0:00,N/A,N/A
2/4/2019 1:00,N/A,N/A
2/4/2019 2:00,N/A,N/A
2/4/2019 3:00,N/A,N/A
2/4/2019 4:00,N/A,N/A
2/4/2019 5:00,N/A,N/A
2/4/2019 6:00,N/A,N/A
2/4/2019 7:00,N/A,N/A
2/4/2019 8:00,N/A,N/A
2/4/2019 9:00,N/A,N/A
2/4/2019 10:00,N/A,N/A
2/4/2019 11:00,N/A,N/A
2/4/2019 12:00,N/A,N/A
2/4/2019 13:00,N/A,N/A
2/4/2019 14:00,N/A,N/A
2/4/2019 15:00,N/A,N/A
2/4/2019 16:00,N/A,N/A
2/4/2019 17:00,N/A,N/A
2/4/2019 18:00,N/A,N/A
2/4/2019 19:00,N/A,N/A
2/4/2019 20:00,N/A,N/A
2/4/2019 21:00,N/A,N/A
2/4/2019 22:00,N/A,N/A
2/4/2019 23:00,N/A,N/A
2/5/2019 0:00,N/A,N/A
2/5/2019 1:00,N/A,N/A
2/5/2019 2:00,N/A,N/A
2/5/2019 3:00,N/A,N/A
2/5/2019 4:00,N/A,N/A
2/5/2019 5:00,N/A,N/A
2/5/2019 6:00,N/A,N/A
2/5/2019 7:00,N/A,N/A
2/5/2019 8:00,N/A,N/A
2/5/2019 9:00,N/A,N/A
2/5/2019 10:00,N/A,N/A
2/5/2019 11:00,N/A,N/A
2/5/2019 12:00,N/A,N/A
2/5/2019 13:00,N/A,N/A
2/5/2019 14:00,N/A,N/A
2/5/2019 15:00,N/A,N/A
2/5/2019 16:00,N/A,N/A
2/5/2019 17:00,N/A,N/A
2/5/2019 18:00,N/A,N/A
2/5/2019 19:00,N/A,N/A
2/5/2019 20:00,N/A,N/A
2/5/2019 21:00,N/A,N/A
2/5/2019 22:00,N/A,N/A
2/5/2019 23:00,N/A,N/A
2/6/2019 0:00,N/A,N/A
2/6/2019 1:00,N/A,N/A
2/6/2019 2:00,N/A,N/A
2/6/2019 3:00,N/A,N/A
2/6/2019 4:00,N/A,N/A
2/6/2019 5:00,N/A,N/A
2/6/2019 6:00,N/A,N/A
2/6/2019 7:00,N/A,N/A
2/6/2019 8:00,N/A,N/A
2/6/2019 9:00,N/A,N/A
2/6/2019 10:00,N/A,N/A
2/6/2019 11:00,N/A,N/A
2/6/2019 12:00,N/A,N/A
2/6/2019 13:00,N/A,N/A
2/6/2019 14:00,N/A,N/A
2/6/2019 15:00,N/A,N/A
2/6/2019 16:00,N/A,N/A
2/6/2019 17:00,N/A,N/A
2/6/2019 18:00,N/A,N/A
2/6/2019 19:00,N/A,N/A
2/6/2019 20:00,N/A,N/A
2/6/2019 21:00,N/A,N/A
2/6/2019 22:00,N/A,N/A
2/6/2019 23:00,N/A,N/A
2/7/2019 0:00,N/A,N/A
2/7/2019 1:00,N/A,N/A
2/7/2019 2:00,N/A,N/A
2/7/2019 3:00,N/A,N/A
2/7/2019 4:00,N/A,N/A
2/7/2019 5:00,N/A,N/A
2/7/2019 6:00,N/A,N/A
2/7/2019 7:00,N/A,N/A
2/7/2019 8:00,N/A,N/A
2/7/2019 9:00,N/A,N/A
2/7/2019 10:00,N/A,N/A
2/7/2019 11:00,N/A,N/A
2/7/2019 12:00,N/A,N/A
2/7/2019 13:00,N/A,N/A
2/7/2019 14:00,N/A,N/A
2/7/2019 15:00,N/A,N/A
2/7/2019 16:00,N/A,N/A
2/7/2019 17:00,N/A,N/A
2/7/2019 18:00,N/A,N/A
2/7/2019 19:00,N/A,N/A
2/7/2019 20:00,N/A,N/A
2/7/2019 21:00,N/A,N/A
2/7/2019 22:00,N/A,N/A
2/7/2019 23:00,N/A,N/A
2/8/2019 0:00,N/A,N/A
2/8/2019 1:00,N/A,N/A
2/8/2019 2:00,N/A,N/A
2/8/2019 3:00,N/A,N/A
2/8/2019 4:00,N/A,N/A
2/8/2019 5:00,N/A,N/A
2/8/2019 6:00,N/A,N/A
2/8/2019 7:00,N/A,N/A
2/8/2019 8:00,N/A,N/A
2/8/2019 9:00,N/A,N/A
2/8/2019 10:00,N/A,N/A
2/8/2019 11:00,N/A,N/A
2/8/2019 12:00,N/A,N/A
2/8/2019 13:00,N/A,N/A
2/8/2019 14:00,N/A,N/A
2/8/2019 15:00,N/A,N/A
2/8/2019 16:00,N/A,N/A
2/8/2019 17:00,N/A,N/A
2/8/2019 18:00,N/A,N/A
2/8/2019 19:00,N/A,N/A
2/8/2019 20:00,N/A,N/A
2/8/2019 21:00,N/A,N/A
2/8/2019 22:00,N/A,N/A
2/8/2019 23:00,N/A,N/A
2/9/2019 0:00,N/A,N/A
2/9/2019 1:00,N/A,N/A
2/9/2019 2:00,N/A,N/A
2/9/2019 3:00,N/A,N/A
2/9/2019 4:00,N/A,N/A
2/9/2019 5:00,N/A,N/A
2/9/2019 6:00,N/A,N/A
2/9/2019 7:00,N/A,N/A
2/9/2019 8:00,N/A,N/A
2/9/2019 9:00,N/A,N/A
2/9/2019 10:00,N/A,N/A
2/9/2019 11:00,N/A,N/A
2/9/2019 12:00,N/A,N/A
2/9/2019 13:00,N/A,N/A
2/9/2019 14:00,N/A,N/A
2/9/2019 15:00,N/A,N/A
2/9/2019 16:00,N/A,N/A
2/9/2019 17:00,N/A,N/A
2/9/2019 18:00,N/A,N/A
2/9/2019 19:00,N/A,N/A
2/9/2019 20:00,N/A,N/A
2/9/2019 21:00,N/A,N/A
2/9/2019 22:00,N/A,N/A
2/9/2019 23:00,N/A,N/A
2/10/2019 0:00,N/A,N/A
2/10/2019 1:00,N/A,N/A
2/10/2019 2:00,N/A,N/A
2/10/2019 3:00,N/A,N/A
2/10/2019 4:00,N/A,N/A
2/10/2019 5:00,N/A,N/A
2/10/2019 6:00,N/A,N/A
2/10/2019 7:00,N/A,N/A
2/10/2019 8:00,N/A,N/A
2/10/2019 9:00,N/A,N/A
2/10/2019 10:00,N/A,N/A
2/10/2019 11:00,N/A,N/A
2/10/2019 12:00,N/A,N/A
2/10/2019 13:00,N/A,N/A
2/10/2019 14:00,N/A,N/A
2/10/2019 15:00,N/A,N/A
2/10/2019 16:00,N/A,N/A
2/10/2019 17:00,N/A,N/A
2/10/2019 18:00,N/A,N/A
2/10/2019 19:00,N/A,N/A
2/10/2019 20:00,N/A,N/A
2/10/2019 21:00,N/A,N/A
2/10/2019 22:00,N/A,N/A
2/10/2019 23:00,N/A,N/A
2/11/2019 0:00,N/A,N/A
2/11/2019 1:00,N/A,N/A
2/11/2019 2:00,N/A,N/A
2/11/2019 3:00,N/A,N/A
2/11/2019 4:00,N/A,N/A
2/11/2019 5:00,N/A,N/A
2/11/2019 6:00,N/A,N/A
2/11/2019 7:00,N/A,N/A
2/11/2019 8:00,N/A,N/A
2/11/2019 9:00,N/A,N/A
2/11/2019 10:00,N/A,N/A
2/11/2019 11:00,N/A,N/A
2/11/2019 12:00,N/A,N/A
2/11/2019 13:00,N/A,N/A
2/11/2019 14:00,N/A,N/A
2/11/2019 15:00,N/A,N/A
2/11/2019 16:00,N/A,N/A
2/11/2019 17:00,N/A,N/A
2/11/2019 18:00,N/A,N/A
2/11/2019 19:00,N/A,N/A
2/11/2019 20:00,N/A,N/A
2/11/2019 21:00,N/A,N/A
2/11/2019 22:00,N/A,N/A
2/11/2019 23:00,N/A,N/A
2/12/2019 0:00,N/A,N/A
2/12/2019 1:00,N/A,N/A
2/12/2019 2:00,N/A,N/A
2/12/2019 3:00,N/A,N/A
2/12/2019 4:00,N/A,N/A
2/12/2019 5:00,N/A,N/A
2/12/2019 6:00,N/A,N/A
2/12/2019 7:00,N/A,N/A
2/12/2019 8:00,N/A,N/A
2/12/2019 9:00,N/A,N/A
2/12/2019 10:00,N/A,N/A
2/12/2019 11:00,N/A,N/A
2/12/2019 12:00,N/A,N/A
2/12/2019 13:00,N/A,N/A
2/12/2019 14:00,N/A,N/A
2/12/2019 15:00,N/A,N/A
2/12/2019 16:00,N/A,N/A
2/12/2019 17:00,N/A,N/A
2/12/2019 18:00,N/A,N/A
2/12/2019 19:00,N/A,N/A
2/12/2019 20:00,N/A,N/A
2/12/2019 21:00,N/A,N/A
2/12/2019 22:00,N/A,N/A
2/12/2019 23:00,N/A,N/A
2/13/2019 0:00,N/A,N/A
2/13/2019 1:00,N/A,N/A
2/13/2019 2:00,N/A,N/A
2/13/2019 3:00,N/A,N/A
2/13/2019 4:00,N/A,N/A
2/13/2019 5:00,N/A,N/A
2/13/2019 6:00,N/A,N/A
2/13/2019 7:00,N/A,N/A
2/13/2019 8:00,N/A,N/A
2/13/2019 9:00,N/A,N/A
2/13/2019 10:00,N/A,N/A
2/13/2019 11:00,N/A,N/A
2/13/2019 12:00,N/A,N/A
2/13/2019 13:00,N/A,N/A
2/13/2019 14:00,N/A,N/A
2/13/2019 15:00,N/A,N/A
2/13/2019 16:00,N/A,N/A
2/13/2019 17:00,N/A,N/A
2/13/2019 18:00,N/A,N/A
2/13/2019 19:00,N/A,N/A
2/13/2019 20:00,N/A,N/A
2/13/2019 21:00,N/A,N/A
2/13/2019 22:00,N/A,N/A
2/13/2019 23:00,N/A,N/A
2/14/2019 0:00,N/A,N/A
2/14/2019 1:00,N/A,N/A
2/14/2019 2:00,N/A,N/A
2/14/2019 3:00,N/A,N/A
2/14/2019 4:00,N/A,N/A
2/14/2019 5:00,N/A,N/A
2/14/2019 6:00,N/A,N/A
2/14/2019 7:00,N/A,N/A
2/14/2019 8:00,N/A,N/A
2/14/2019 9:00,N/A,N/A
2/14/2019 10:00,N/A,N/A
2/14/2019 11:00,N/A,N/A
2/14/2019 12:00,N/A,N/A
2/14/2019 13:00,N/A,N/A
2/14/2019 14:00,N/A,N/A
2/14/2019 15:00,N/A,N/A
2/14/2019 16:00,N/A,N/A
2/14/2019 17:00,N/A,N/A
2/14/2019 18:00,N/A,N/A
2/14/2019 19:00,N/A,N/A
2/14/2019 20:00,N/A,N/A
2/14/2019 21:00,N/A,N/A
2/14/2019 22:00,N/A,N/A
2/14/2019 23:00,N/A,N/A
2/15/2019 0:00,N/A,N/A
2/15/2019 1:00,N/A,N/A
2/15/2019 2:00,N/A,N/A
2/15/2019 3:00,N/A,N/A
2/15/2019 4:00,N/A,N/A
2/15/2019 5:00,N/A,N/A
2/15/2019 6:00,N/A,N/A
2/15/2019 7:00,N/A,N/A
2/15/2019 8:00,N/A,N/A
2/15/2019 9:00,N/A,N/A
2/15/2019 10:00,N/A,N/A
2/15/2019 11:00,N/A,N/A
2/15/2019 12:00,N/A,N/A
2/15/2019 13:00,N/A,N/A
2/15/2019 14:00,N/A,N/A
2/15/2019 15:00,N/A,N/A
2/15/2019 16:00,N/A,N/A
2/15/2019 17:00,N/A,N/A
2/15/2019 18:00,N/A,N/A
2/15/2019 19:00,N/A,N/A
2/15/2019 20:00,N/A,N/A
2/15/2019 21:00,N/A,N/A
2/15/2019 22:00,N/A,N/A
2/15/2019 23:00,N/A,N/A
2/16/2019 0:00,N/A,N/A
2/16/2019 1:00,N/A,N/A
2/16/2019 2:00,N/A,N/A
2/16/2019 3:00,N/A,N/A
2/16/2019 4:00,N/A,N/A
2/16/2019 5:00,N/A,N/A
2/16/2019 6:00,N/A,N/A
2/16/2019 7:00,N/A,N/A
2/16/2019 8:00,N/A,N/A
2/16/2019 9:00,N/A,N/A
2/16/2019 10:00,N/A,N/A
2/16/2019 11:00,N/A,N/A
2/16/2019 12:00,N/A,N/A
2/16/2019 13:00,N/A,N/A
2/16/2019 14:00,N/A,N/A
2/16/2019 15:00,N/A,N/A
2/16/2019 16:00,N/A,N/A
2/16/2019 17:00,N/A,N/A
2/16/2019 18:00,N/A,N/A
2/16/2019 19:00,N/A,N/A
2/16/2019 20:00,N/A,N/A
2/16/2019 21:00,N/A,N/A
2/16/2019 22:00,N/A,N/A
2/16/2019 23:00,N/A,N/A
2/17/2019 0:00,N/A,N/A
2/17/2019 1:00,N/A,N/A
2/17/2019 2:00,N/A,N/A
2/17/2019 3:00,N/A,N/A
2/17/2019 4:00,N/A,N/A
2/17/2019 5:00,N/A,N/A
2/17/2019 6:00,N/A,N/A
2/17/2019 7:00,N/A,N/A
2/17/2019 8:00,N/A,N/A
2/17/2019 9:00,N/A,N/A
2/17/2019 10:00,N/A,N/A
2/17/2019 11:00,N/A,N/A
2/17/2019 12:00,N/A,N/A
2/17/2019 13:00,N/A,N/A
2/17/2019 14:00,N/A,N/A
2/17/2019 15:00,N/A,N/A
2/17/2019 16:00,N/A,N/A
2/17/2019 17:00,N/A,N/A
2/17/2019 18:00,N/A,N/A
2/17/2019 19:00,N/A,N/A
2/17/2019 20:00,N/A,N/A
2/17/2019 21:00,N/A,N/A
2/17/2019 22:00,N/A,N/A
2/17/2019 23:00,N/A,N/A
2/18/2019 0:00,N/A,N/A
2/18/2019 1:00,N/A,N/A
2/18/2019 2:00,N/A,N/A
2/18/2019 3:00,N/A,N/A
2/18/2019 4:00,N/A,N/A
2/18/2019 5:00,N/A,N/A
2/18/2019 6:00,N/A,N/A
2/18/2019 7:00,N/A,N/A
2/18/2019 8:00,N/A,N/A
2/18/2019 9:00,N/A,N/A
2/18/2019 10:00,N/A,N/A
2/18/2019 11:00,N/A,N/A
2/18/2019 12:00,N/A,N/A
2/18/2019 13:00,N/A,N/A
2/18/2019 14:00,N/A,N/A
2/18/2019 15:00,N/A,N/A
2/18/2019 16:00,N/A,N/A
2/18/2019 17:00,N/A,N/A
2/18/2019 18:00,N/A,N/A
2/18/2019 19:00,N/A,N/A
2/18/2019 20:00,N/A,N/A
2/18/2019 21:00,N/A,N/A
2/18/2019 22:00,N/A,N/A
2/18/2019 23:00,N/A,N/A
2/19/2019 0:00,N/A,N/A
2/19/2019 1:00,N/A,N/A
2/19/2019 2:00,N/A,N/A
2/19/2019 3:00,N/A,N/A
2/19/2019 4:00,N/A,N/A
2/19/2019 5:00,N/A,N/A
2/19/2019 6:00,N/A,N/A
2/19/2019 7:00,N/A,N/A
2/19/2019 8:00,N/A,N/A
2/19/2019 9:00,N/A,N/A
2/19/2019 10:00,N/A,N/A
2/19/2019 11:00,N/A,N/A
2/19/2019 12:00,N/A,N/A
2/19/2019 13:00,N/A,N/A
2/19/2019 14:00,N/A,N/A
2/19/2019 15:00,N/A,N/A
2/19/2019 16:00,N/A,N/A
2/19/2019 17:00,N/A,N/A
2/19/2019 18:00,N/A,N/A
2/19/2019 19:00,N/A,N/A
2/19/2019 20:00,N/A,N/A
2/19/2019 21:00,N/A,N/A
2/19/2019 22:00,N/A,N/A
2/19/2019 23:00,N/A,N/A
2/20/2019 0:00,N/A,N/A
2/20/2019 1:00,N/A,N/A
2/20/2019 2:00,N/A,N/A
2/20/2019 3:00,N/A,N/A
2/20/2019 4:00,N/A,N/A
2/20/2019 5:00,N/A,N/A
2/20/2019 6:00,N/A,N/A
2/20/2019 7:00,N/A,N/A
2/20/2019 8:00,N/A,N/A
2/20/2019 9:00,N/A,N/A
2/20/2019 10:00,N/A,N/A
2/20/2019 11:00,N/A,N/A
2/20/2019 12:00,N/A,N/A
2/20/2019 13:00,N/A,N/A
2/20/2019 14:00,N/A,N/A
2/20/2019 15:00,N/A,N/A
2/20/2019 16:00,N/A,N/A
2/20/2019 17:00,N/A,N/A
2/20/2019 18:00,N/A,N/A
2/20/2019 19:00,N/A,N/A
2/20/2019 20:00,N/A,N/A
2/20/2019 21:00,N/A,N/A
2/20/2019 22:00,N/A,N/A
2/20/2019 23:00,N/A,N/A
2/21/2019 0:00,N/A,N/A
2/21/2019 1:00,N/A,N/A
2/21/2019 2:00,N/A,N/A
2/21/2019 3:00,N/A,N/A
2/21/2019 4:00,N/A,N/A
2/21/2019 5:00,N/A,N/A
2/21/2019 6:00,N/A,N/A
2/21/2019 7:00,N/A,N/A
2/21/2019 8:00,N/A,N/A
2/21/2019 9:00,N/A,N/A
2/21/2019 10:00,N/A,N/A
2/21/2019 11:00,N/A,N/A
2/21/2019 12:00,N/A,N/A
2/21/2019 13:00,N/A,N/A
2/21/2019 14:00,N/A,N/A
2/21/2019 15:00,N/A,N/A
2/21/2019 16:00,N/A,N/A
2/21/2019 17:00,N/A,N/A
2/21/2019 18:00,N/A,N/A
2/21/2019 19:00,N/A,N/A
2/21/2019 20:00,N/A,N/A
2/21/2019 21:00,N/A,N/A
2/21/2019 22:00,N/A,N/A
2/21/2019 23:00,N/A,N/A
2/22/2019 0:00,N/A,N/A
2/22/2019 1:00,N/A,N/A
2/22/2019 2:00,N/A,N/A
2/22/2019 3:00,N/A,N/A
2/22/2019 4:00,N/A,N/A
2/22/2019 5:00,N/A,N/A
2/22/2019 6:00,N/A,N/A
2/22/2019 7:00,N/A,N/A
2/22/2019 8:00,N/A,N/A
2/22/2019 9:00,N/A,N/A
2/22/2019 10:00,N/A,N/A
2/22/2019 11:00,N/A,N/A
2/22/2019 12:00,N/A,N/A
2/22/2019 13:00,N/A,N/A
2/22/2019 14:00,N/A,N/A
2/22/2019 15:00,N/A,N/A
2/22/2019 16:00,N/A,N/A
2/22/2019 17:00,N/A,N/A
2/22/2019 18:00,N/A,N/A
2/22/2019 19:00,N/A,N/A
2/22/2019 20:00,N/A,N/A
2/22/2019 21:00,N/A,N/A
2/22/2019 22:00,N/A,N/A
2/22/2019 23:00,N/A,N/A
2/23/2019 0:00,N/A,N/A
2/23/2019 1:00,N/A,N/A
2/23/2019 2:00,N/A,N/A
2/23/2019 3:00,N/A,N/A
2/23/2019 4:00,N/A,N/A
2/23/2019 5:00,N/A,N/A
2/23/2019 6:00,N/A,N/A
2/23/2019 7:00,N/A,N/A
2/23/2019 8:00,N/A,N/A
2/23/2019 9:00,N/A,N/A
2/23/2019 10:00,N/A,N/A
2/23/2019 11:00,N/A,N/A
2/23/2019 12:00,N/A,N/A
2/23/2019 13:00,N/A,N/A
2/23/2019 14:00,N/A,N/A
2/23/2019 15:00,N/A,N/A
2/23/2019 16:00,N/A,N/A
2/23/2019 17:00,N/A,N/A
2/23/2019 18:00,N/A,N/A
2/23/2019 19:00,N/A,N/A
2/23/2019 20:00,N/A,N/A
2/23/2019 21:00,N/A,N/A
2/23/2019 22:00,N/A,N/A
2/23/2019 23:00,N/A,N/A
2/24/2019 0:00,N/A,N/A
2/24/2019 1:00,N/A,N/A
2/24/2019 2:00,N/A,N/A
2/24/2019 3:00,N/A,N/A
2/24/2019 4:00,N/A,N/A
2/24/2019 5:00,N/A,N/A
2/24/2019 6:00,N/A,N/A
2/24/2019 7:00,N/A,N/A
2/24/2019 8:00,N/A,N/A
2/24/2019 9:00,N/A,N/A
2/24/2019 10:00,N/A,N/A
2/24/2019 11:00,N/A,N/A
2/24/2019 12:00,N/A,N/A
2/24/2019 13:00,N/A,N/A
2/24/2019 14:00,N/A,N/A
2/24/2019 15:00,N/A,N/A
2/24/2019 16:00,N/A,N/A
2/24/2019 17:00,N/A,N/A
2/24/2019 18:00,N/A,N/A
2/24/2019 19:00,N/A,N/A
2/24/2019 20:00,N/A,N/A
2/24/2019 21:00,N/A,N/A
2/24/2019 22:00,N/A,N/A
2/24/2019 23:00,N/A,N/A
2/25/2019 0:00,N/A,N/A
2/25/2019 1:00,N/A,N/A
2/25/2019 2:00,N/A,N/A
2/25/2019 3:00,N/A,N/A
2/25/2019 4:00,N/A,N/A
2/25/2019 5:00,N/A,N/A
2/25/2019 6:00,N/A,N/A
2/25/2019 7:00,N/A,N/A
2/25/2019 8:00,N/A,N/A
2/25/2019 9:00,N/A,N/A
2/25/2019 10:00,N/A,N/A
2/25/2019 11:00,N/A,N/A
2/25/2019 12:00,N/A,N/A
2/25/2019 13:00,N/A,N/A
2/25/2019 14:00,N/A,N/A
2/25/2019 15:00,N/A,N/A
2/25/2019 16:00,N/A,N/A
2/25/2019 17:00,N/A,N/A
2/25/2019 18:00,N/A,N/A
2/25/2019 19:00,N/A,N/A
2/25/2019 20:00,N/A,N/A
2/25/2019 21:00,N/A,N/A
2/25/2019 22:00,N/A,N/A
2/25/2019 23:00,N/A,N/A
2/26/2019 0:00,N/A,N/A
2/26/2019 1:00,N/A,N/A
2/26/2019 2:00,N/A,N/A
2/26/2019 3:00,N/A,N/A
2/26/2019 4:00,N/A,N/A
2/26/2019 5:00,N/A,N/A
2/26/2019 6:00,N/A,N/A
2/26/2019 7:00,N/A,N/A
2/26/2019 8:00,N/A,N/A
2/26/2019 9:00,N/A,N/A
2/26/2019 10:00,N/A,N/A
2/26/2019 11:00,N/A,N/A
2/26/2019 12:00,N/A,N/A
2/26/2019 13:00,N/A,N/A
2/26/2019 14:00,N/A,N/A
2/26/2019 15:00,N/A,N/A
2/26/2019 16:00,N/A,N/A
2/26/2019 17:00,N/A,N/A
2/26/2019 18:00,N/A,N/A
2/26/2019 19:00,N/A,N/A
2/26/2019 20:00,N/A,N/A
2/26/2019 21:00,N/A,N/A
2/26/2019 22:00,N/A,N/A
2/26/2019 23:00,N/A,N/A
2/27/2019 0:00,N/A,N/A
2/27/2019 1:00,N/A,N/A
2/27/2019 2:00,N/A,N/A
2/27/2019 3:00,N/A,N/A
2/27/2019 4:00,N/A,N/A
2/27/2019 5:00,N/A,N/A
2/27/2019 6:00,N/A,N/A
2/27/2019 7:00,N/A,N/A
2/27/2019 8:00,N/A,N/A
2/27/2019 9:00,N/A,N/A
2/27/2019 10:00,N/A,N/A
2/27/2019 11:00,N/A,N/A
2/27/2019 12:00,N/A,N/A
2/27/2019 13:00,N/A,N/A
2/27/2019 14:00,N/A,N/A
2/27/2019 15:00,N/A,N/A
2/27/2019 16:00,N/A,N/A
2/27/2019 17:00,N/A,N/A
2/27/2019 18:00,N/A,N/A
2/27/2019 19:00,N/A,N/A
2/27/2019 20:00,N/A,N/A
2/27/2019 21:00,N/A,N/A
2/27/2019 22:00,N/A,N/A
2/27/2019 23:00,N/A,N/A
2/28/2019 0:00,N/A,N/A
2/28/2019 1:00,N/A,N/A
2/28/2019 2:00,N/A,N/A
2/28/2019 3:00,N/A,N/A
2/28/2019 4:00,N/A,N/A
2/28/2019 5:00,N/A,N/A
2/28/2019 6:00,N/A,N/A
2/28/2019 7:00,N/A,N/A
2/28/2019 8:00,N/A,N/A
2/28/2019 9:00,N/A,N/A
2/28/2019 10:00,N/A,N/A
2/28/2019 11:00,N/A,N/A
2/28/2019 12:00,N/A,N/A
2/28/2019 13:00,N/A,N/A
2/28/2019 14:00,N/A,N/A
2/28/2019 15:00,N/A,N/A
2/28/2019 16:00,N/A,N/A
2/28/2019 17:00,N/A,N/A
2/28/2019 18:00,N/A,N/A
2/28/2019 19:00,N/A,N/A
2/28/2019 20:00,N/A,N/A
2/28/2019 21:00,N/A,N/A
2/28/2019 22:00,N/A,N/A
2/28/2019 23:00,N/A,N/A
3/1/2019 0:00,N/A,N/A
3/1/2019 1:00,N/A,N/A
3/1/2019 2:00,N/A,N/A
3/1/2019 3:00,N/A,N/A
3/1/2019 4:00,N/A,N/A
3/1/2019 5:00,N/A,N/A
3/1/2019 6:00,N/A,N/A
3/1/2019 7:00,N/A,N/A
3/1/2019 8:00,N/A,N/A
3/1/2019 9:00,N/A,N/A
3/1/2019 10:00,N/A,N/A
3/1/2019 11:00,N/A,N/A
3/1/2019 12:00,N/A,N/A
3/1/2019 13:00,N/A,N/A
3/1/2019 14:00,N/A,N/A
3/1/2019 15:00,N/A,N/A
3/1/2019 16:00,N/A,N/A
3/1/2019 17:00,N/A,N/A
3/1/2019 18:00,N/A,N/A
3/1/2019 19:00,N/A,N/A
3/1/2019 20:00,N/A,N/A
3/1/2019 21:00,N/A,N/A
3/1/2019 22:00,N/A,N/A
3/1/2019 23:00,N/A,N/A
3/2/2019 0:00,N/A,N/A
3/2/2019 1:00,N/A,N/A
3/2/2019 2:00,N/A,N/A
3/2/2019 3:00,N/A,N/A
3/2/2019 4:00,N/A,N/A
3/2/2019 5:00,N/A,N/A
3/2/2019 6:00,N/A,N/A
3/2/2019 7:00,N/A,N/A
3/2/2019 8:00,N/A,N/A
3/2/2019 9:00,N/A,N/A
3/2/2019 10:00,N/A,N/A
3/2/2019 11:00,N/A,N/A
3/2/2019 12:00,N/A,N/A
3/2/2019 13:00,N/A,N/A
3/2/2019 14:00,N/A,N/A
3/2/2019 15:00,N/A,N/A
3/2/2019 16:00,N/A,N/A
3/2/2019 17:00,N/A,N/A
3/2/2019 18:00,N/A,N/A
3/2/2019 19:00,N/A,N/A
3/2/2019 20:00,N/A,N/A
3/2/2019 21:00,N/A,N/A
3/2/2019 22:00,N/A,N/A
3/2/2019 23:00,N/A,N/A
3/3/2019 0:00,N/A,N/A
3/3/2019 1:00,N/A,N/A
3/3/2019 2:00,N/A,N/A
3/3/2019 3:00,N/A,N/A
3/3/2019 4:00,N/A,N/A
3/3/2019 5:00,N/A,N/A
3/3/2019 6:00,N/A,N/A
3/3/2019 7:00,N/A,N/A
3/3/2019 8:00,N/A,N/A
3/3/2019 9:00,N/A,N/A
3/3/2019 10:00,N/A,N/A
3/3/2019 11:00,N/A,N/A
3/3/2019 12:00,N/A,N/A
3/3/2019 13:00,N/A,N/A
3/3/2019 14:00,N/A,N/A
3/3/2019 15:00,N/A,N/A
3/3/2019 16:00,N/A,N/A
3/3/2019 17:00,N/A,N/A
3/3/2019 18:00,N/A,N/A
3/3/2019 19:00,N/A,N/A
3/3/2019 20:00,N/A,N/A
3/3/2019 21:00,N/A,N/A
3/3/2019 22:00,N/A,N/A
3/3/2019 23:00,N/A,N/A
3/4/2019 0:00,N/A,N/A
3/4/2019 1:00,N/A,N/A
3/4/2019 2:00,N/A,N/A
3/4/2019 3:00,N/A,N/A
3/4/2019 4:00,N/A,N/A
3/4/2019 5:00,N/A,N/A
3/4/2019 6:00,N/A,N/A
3/4/2019 7:00,N/A,N/A
3/4/2019 8:00,N/A,N/A
3/4/2019 9:00,N/A,N/A
3/4/2019 10:00,N/A,N/A
3/4/2019 11:00,N/A,N/A
3/4/2019 12:00,N/A,N/A
3/4/2019 13:00,N/A,N/A
3/4/2019 14:00,N/A,N/A
3/4/2019 15:00,N/A,N/A
3/4/2019 16:00,N/A,N/A
3/4/2019 17:00,N/A,N/A
3/4/2019 18:00,N/A,N/A
3/4/2019 19:00,N/A,N/A
3/4/2019 20:00,N/A,N/A
3/4/2019 21:00,N/A,N/A
3/4/2019 22:00,N/A,N/A
3/4/2019 23:00,N/A,N/A
3/5/2019 0:00,N/A,N/A
3/5/2019 1:00,N/A,N/A
3/5/2019 2:00,N/A,N/A
3/5/2019 3:00,N/A,N/A
3/5/2019 4:00,N/A,N/A
3/5/2019 5:00,N/A,N/A
3/5/2019 6:00,N/A,N/A
3/5/2019 7:00,N/A,N/A
3/5/2019 8:00,N/A,N/A
3/5/2019 9:00,N/A,N/A
3/5/2019 10:00,N/A,N/A
3/5/2019 11:00,N/A,N/A
3/5/2019 12:00,N/A,N/A
3/5/2019 13:00,N/A,N/A
3/5/2019 14:00,N/A,N/A
3/5/2019 15:00,N/A,N/A
3/5/2019 16:00,N/A,N/A
3/5/2019 17:00,N/A,N/A
3/5/2019 18:00,N/A,N/A
3/5/2019 19:00,N/A,N/A
3/5/2019 20:00,N/A,N/A
3/5/2019 21:00,N/A,N/A
3/5/2019 22:00,N/A,N/A
3/5/2019 23:00,N/A,N/A
3/6/2019 0:00,N/A,N/A
3/6/2019 1:00,N/A,N/A
3/6/2019 2:00,N/A,N/A
3/6/2019 3:00,N/A,N/A
3/6/2019 4:00,N/A,N/A
3/6/2019 5:00,N/A,N/A
3/6/2019 6:00,N/A,N/A
3/6/2019 7:00,N/A,N/A
3/6/2019 8:00,N/A,N/A
3/6/2019 9:00,N/A,N/A
3/6/2019 10:00,N/A,N/A
3/6/2019 11:00,N/A,N/A
3/6/2019 12:00,N/A,N/A
3/6/2019 13:00,N/A,N/A
3/6/2019 14:00,N/A,N/A
3/6/2019 15:00,N/A,N/A
3/6/2019 16:00,N/A,N/A
3/6/2019 17:00,N/A,N/A
3/6/2019 18:00,N/A,N/A
3/6/2019 19:00,N/A,N/A
3/6/2019 20:00,N/A,N/A
3/6/2019 21:00,N/A,N/A
3/6/2019 22:00,N/A,N/A
3/6/2019 23:00,N/A,N/A
3/7/2019 0:00,N/A,N/A
3/7/2019 1:00,N/A,N/A
3/7/2019 2:00,N/A,N/A
3/7/2019 3:00,N/A,N/A
3/7/2019 4:00,N/A,N/A
3/7/2019 5:00,N/A,N/A
3/7/2019 6:00,N/A,N/A
3/7/2019 7:00,N/A,N/A
3/7/2019 8:00,N/A,N/A
3/7/2019 9:00,N/A,N/A
3/7/2019 10:00,N/A,N/A
3/7/2019 11:00,N/A,N/A
3/7/2019 12:00,N/A,N/A
3/7/2019 13:00,N/A,N/A
3/7/2019 14:00,N/A,N/A
3/7/2019 15:00,N/A,N/A
3/7/2019 16:00,N/A,N/A
3/7/2019 17:00,N/A,N/A
3/7/2019 18:00,N/A,N/A
3/7/2019 19:00,N/A,N/A
3/7/2019 20:00,N/A,N/A
3/7/2019 21:00,N/A,N/A
3/7/2019 22:00,N/A,N/A
3/7/2019 23:00,N/A,N/A
3/8/2019 0:00,N/A,N/A
3/8/2019 1:00,N/A,N/A
3/8/2019 2:00,N/A,N/A
3/8/2019 3:00,N/A,N/A
3/8/2019 4:00,N/A,N/A
3/8/2019 5:00,N/A,N/A
3/8/2019 6:00,N/A,N/A
3/8/2019 7:00,N/A,N/A
3/8/2019 8:00,N/A,N/A
3/8/2019 9:00,N/A,N/A
3/8/2019 10:00,N/A,N/A
3/8/2019 11:00,N/A,N/A
3/8/2019 12:00,N/A,N/A
3/8/2019 13:00,N/A,N/A
3/8/2019 14:00,N/A,N/A
3/8/2019 15:00,N/A,N/A
3/8/2019 16:00,N/A,N/A
3/8/2019 17:00,N/A,N/A
3/8/2019 18:00,N/A,N/A
3/8/2019 19:00,N/A,N/A
3/8/2019 20:00,0,0
3/8/2019 21:00,0,0
3/8/2019 22:00,0,0
3/8/2019 23:00,0,0
3/9/2019 0:00,0,0
3/9/2019 1:00,0,0
3/9/2019 2:00,0,0
3/9/2019 3:00,0,0
3/9/2019 4:00,0,0
3/9/2019 5:00,0,0
3/9/2019 6:00,0,0
3/9/2019 7:00,0,0
3/9/2019 8:00,0,0
3/9/2019 9:00,0,0
3/9/2019 10:00,0,0
3/9/2019 11:00,0,0
3/9/2019 12:00,0,0
3/9/2019 13:00,0,0
3/9/2019 14:00,0,0
3/9/2019 15:00,0,0
3/9/2019 16:00,0,0
3/9/2019 17:00,0,0
3/9/2019 18:00,0,0
3/9/2019 19:00,1,0
3/9/2019 20:00,1,0
3/9/2019 21:00,1,0
3/9/2019 22:00,1,0
3/9/2019 23:00,1,0
3/10/2019 0:00,0,0
3/10/2019 1:00,0,0
3/10/2019 2:00,0,0
3/10/2019 3:00,0,0
3/10/2019 4:00,0,0
3/10/2019 5:00,0,0
3/10/2019 6:00,0,0
3/10/2019 7:00,0,0
3/10/2019 8:00,0,0
3/10/2019 9:00,0,0
3/10/2019 10:00,0,0
3/10/2019 11:00,0,0
3/10/2019 12:00,0,0
3/10/2019 13:00,0,0
3/10/2019 14:00,0,0
3/10/2019 15:00,0,0
3/10/2019 16:00,0,0
3/10/2019 17:00,0,0
3/10/2019 18:00,0,0
3/10/2019 19:00,1,0
3/10/2019 20:00,0,0
3/10/2019 21:00,0,0
3/10/2019 22:00,0,0
3/10/2019 23:00,0,0
3/11/2019 0:00,0,0
3/11/2019 1:00,0,0
3/11/2019 2:00,0,0
3/11/2019 3:00,0,0
3/11/2019 4:00,0,0
3/11/2019 5:00,0,0
3/11/2019 6:00,1,0
3/11/2019 7:00,0,0
3/11/2019 8:00,0,0
3/11/2019 9:00,0,0
3/11/2019 10:00,0,0
3/11/2019 11:00,0,0
3/11/2019 12:00,0,0
3/11/2019 13:00,0,0
3/11/2019 14:00,0,0
3/11/2019 15:00,0,0
3/11/2019 16:00,0,0
3/11/2019 17:00,0,0
3/11/2019 18:00,0,0
3/11/2019 19:00,0,0
3/11/2019 20:00,0,0
3/11/2019 21:00,0,0
3/11/2019 22:00,0,0
3/11/2019 23:00,0,0
3/12/2019 0:00,0,0
3/12/2019 1:00,0,0
3/12/2019 2:00,0,0
3/12/2019 3:00,1,0
3/12/2019 4:00,1,0
3/12/2019 5:00,1,0
3/12/2019 6:00,1,0
3/12/2019 7:00,1,0
3/12/2019 8:00,1,0
3/12/2019 9:00,1,0
3/12/2019 10:00,1,0
3/12/2019 11:00,1,0
3/12/2019 12:00,1,0
3/12/2019 13:00,0,0
3/12/2019 14:00,0,0
3/12/2019 15:00,0,0
3/12/2019 16:00,0,0
3/12/2019 17:00,0,0
3/12/2019 18:00,0,0
3/12/2019 19:00,0,0
3/12/2019 20:00,0,0
3/12/2019 21:00,0,0
3/12/2019 22:00,0,0
3/12/2019 23:00,0,0
3/13/2019 0:00,0,0
3/13/2019 1:00,0,0
3/13/2019 2:00,0,0
3/13/2019 3:00,0,0
3/13/2019 4:00,0,0
3/13/2019 5:00,0,0
3/13/2019 6:00,0,0
3/13/2019 7:00,0,0
3/13/2019 8:00,0,0
3/13/2019 9:00,0,0
3/13/2019 10:00,0,0
3/13/2019 11:00,0,0
3/13/2019 12:00,0,0
3/13/2019 13:00,0,0
3/13/2019 14:00,0,0
3/13/2019 15:00,0,0
3/13/2019 16:00,0,0
3/13/2019 17:00,0,0
3/13/2019 18:00,0,0
3/13/2019 19:00,0,0
3/13/2019 20:00,0,0
3/13/2019 21:00,0,0
3/13/2019 22:00,0,0
3/13/2019 23:00,0,0
3/14/2019 0:00,0,0
3/14/2019 1:00,0,0
3/14/2019 2:00,0,0
3/14/2019 3:00,0,0
3/14/2019 4:00,0,0
3/14/2019 5:00,0,0
3/14/2019 6:00,0,0
3/14/2019 7:00,0,0
3/14/2019 8:00,0,0
3/14/2019 9:00,0,0
3/14/2019 10:00,0,0
3/14/2019 11:00,0,0
3/14/2019 12:00,0,0
3/14/2019 13:00,0,0
3/14/2019 14:00,0,0
3/14/2019 15:00,0,0
3/14/2019 16:00,0,0
3/14/2019 17:00,0,0
3/14/2019 18:00,0,0
3/14/2019 19:00,0,0
3/14/2019 20:00,0,0
3/14/2019 21:00,0,0
3/14/2019 22:00,0,0
3/14/2019 23:00,0,0
3/15/2019 0:00,0,0
3/15/2019 1:00,0,0
3/15/2019 2:00,0,0
3/15/2019 3:00,0,0
3/15/2019 4:00,0,0
3/15/2019 5:00,0,0
3/15/2019 6:00,0,0
3/15/2019 7:00,0,0
3/15/2019 8:00,0,0
3/15/2019 9:00,0,0
3/15/2019 10:00,0,0
3/15/2019 11:00,0,0
3/15/2019 12:00,0,0
3/15/2019 13:00,0,0
3/15/2019 14:00,0,0
3/15/2019 15:00,0,0
3/15/2019 16:00,0,0
3/15/2019 17:00,0,0
3/15/2019 18:00,0,0
3/15/2019 19:00,0,0
3/15/2019 20:00,0,0
3/15/2019 21:00,0,0
3/15/2019 22:00,0,0
3/15/2019 23:00,0,0
3/16/2019 0:00,0,0
3/16/2019 1:00,0,0
3/16/2019 2:00,0,0
3/16/2019 3:00,0,0
3/16/2019 4:00,0,0
3/16/2019 5:00,0,0
3/16/2019 6:00,0,0
3/16/2019 7:00,0,0
3/16/2019 8:00,0,0
3/16/2019 9:00,0,0
3/16/2019 10:00,0,0
3/16/2019 11:00,0,0
3/16/2019 12:00,0,0
3/16/2019 13:00,0,0
3/16/2019 14:00,0,0
3/16/2019 15:00,0,0
3/16/2019 16:00,0,0
3/16/2019 17:00,0,0
3/16/2019 18:00,0,0
3/16/2019 19:00,0,0
3/16/2019 20:00,0,0
3/16/2019 21:00,0,0
3/16/2019 22:00,0,0
3/16/2019 23:00,0,0
3/17/2019 0:00,0,0
3/17/2019 1:00,0,0
3/17/2019 2:00,0,0
3/17/2019 3:00,0,0
3/17/2019 4:00,0,0
3/17/2019 5:00,0,0
3/17/2019 6:00,0,0
3/17/2019 7:00,0,0
3/17/2019 8:00,0,0
3/17/2019 9:00,0,0
3/17/2019 10:00,0,0
3/17/2019 11:00,0,0
3/17/2019 12:00,0,0
3/17/2019 13:00,0,0
3/17/2019 14:00,0,0
3/17/2019 15:00,0,0
3/17/2019 16:00,0,0
3/17/2019 17:00,0,0
3/17/2019 18:00,0,0
3/17/2019 19:00,0,0
3/17/2019 20:00,0,0
3/17/2019 21:00,0,0
3/17/2019 22:00,0,0
3/17/2019 23:00,0,0
3/18/2019 0:00,0,0
3/18/2019 1:00,0,0
3/18/2019 2:00,0,0
3/18/2019 3:00,0,0
3/18/2019 4:00,0,0
3/18/2019 5:00,0,0
3/18/2019 6:00,0,0
3/18/2019 7:00,0,0
3/18/2019 8:00,0,0
3/18/2019 9:00,0,0
3/18/2019 10:00,0,0
3/18/2019 11:00,0,0
3/18/2019 12:00,0,0
3/18/2019 13:00,0,0
3/18/2019 14:00,0,0
3/18/2019 15:00,0,0
3/18/2019 16:00,0,0
3/18/2019 17:00,0,0
3/18/2019 18:00,0,0
3/18/2019 19:00,0,0
3/18/2019 20:00,0,0
3/18/2019 21:00,0,0
3/18/2019 22:00,0,0
3/18/2019 23:00,0,0
3/19/2019 0:00,0,0
3/19/2019 1:00,0,0
3/19/2019 2:00,0,0
3/19/2019 3:00,0,0
3/19/2019 4:00,0,0
3/19/2019 5:00,0,0
3/19/2019 6:00,0,0
3/19/2019 7:00,0,0
3/19/2019 8:00,0,0
3/19/2019 9:00,0,0
3/19/2019 10:00,0,0
3/19/2019 11:00,0,0
3/19/2019 12:00,0,0
3/19/2019 13:00,0,0
3/19/2019 14:00,0,0
3/19/2019 15:00,0,0
3/19/2019 16:00,0,0
3/19/2019 17:00,0,0
3/19/2019 18:00,0,0
3/19/2019 19:00,0,0
3/19/2019 20:00,0,0
3/19/2019 21:00,0,0
3/19/2019 22:00,0,0
3/19/2019 23:00,0,0
3/20/2019 0:00,0,0
3/20/2019 1:00,0,0
3/20/2019 2:00,0,0
3/20/2019 3:00,0,0
3/20/2019 4:00,0,0
3/20/2019 5:00,0,0
3/20/2019 6:00,0,0
3/20/2019 7:00,0,0
3/20/2019 8:00,0,0
3/20/2019 9:00,0,0
3/20/2019 10:00,0,0
3/20/2019 11:00,0,0
3/20/2019 12:00,0,0
3/20/2019 13:00,0,0
3/20/2019 14:00,0,0
3/20/2019 15:00,0,0
3/20/2019 16:00,0,0
3/20/2019 17:00,0,0
3/20/2019 18:00,0,0
3/20/2019 19:00,0,0
3/20/2019 20:00,0,0
3/20/2019 21:00,0,0
3/20/2019 22:00,0,0
3/20/2019 23:00,0,0
3/21/2019 0:00,0,0
3/21/2019 1:00,0,0
3/21/2019 2:00,0,0
3/21/2019 3:00,0,0
3/21/2019 4:00,0,0
3/21/2019 5:00,0,0
3/21/2019 6:00,0,0
3/21/2019 7:00,0,0
3/21/2019 8:00,0,0
3/21/2019 9:00,0,0
3/21/2019 10:00,0,0
3/21/2019 11:00,0,0
3/21/2019 12:00,0,0
3/21/2019 13:00,0,0
3/21/2019 14:00,0,0
3/21/2019 15:00,0,0
3/21/2019 16:00,0,0
3/21/2019 17:00,0,0
3/21/2019 18:00,0,0
3/21/2019 19:00,0,0
3/21/2019 20:00,0,0
3/21/2019 21:00,0,0
3/21/2019 22:00,0,0
3/21/2019 23:00,0,0
3/22/2019 0:00,0,0
3/22/2019 1:00,0,0
3/22/2019 2:00,0,0
3/22/2019 3:00,0,0
3/22/2019 4:00,0,0
3/22/2019 5:00,0,0
3/22/2019 6:00,0,0
3/22/2019 7:00,0,0
3/22/2019 8:00,0,0
3/22/2019 9:00,0,0
3/22/2019 10:00,0,0
3/22/2019 11:00,0,0
3/22/2019 12:00,0,0
3/22/2019 13:00,0,0
3/22/2019 14:00,0,0
3/22/2019 15:00,0,0
3/22/2019 16:00,0,0
3/22/2019 17:00,0,0
3/22/2019 18:00,0,0
3/22/2019 19:00,0,0
3/22/2019 20:00,0,0
3/22/2019 21:00,0,0
3/22/2019 22:00,0,0
3/22/2019 23:00,0,0
3/23/2019 0:00,0,0
3/23/2019 1:00,0,0
3/23/2019 2:00,0,0
3/23/2019 3:00,0,0
3/23/2019 4:00,0,0
3/23/2019 5:00,0,0
3/23/2019 6:00,0,0
3/23/2019 7:00,0,0
3/23/2019 8:00,0,0
3/23/2019 9:00,0,0
3/23/2019 10:00,0,0
3/23/2019 11:00,0,0
3/23/2019 12:00,0,0
3/23/2019 13:00,0,0
3/23/2019 14:00,0,0
3/23/2019 15:00,0,0
3/23/2019 16:00,0,0
3/23/2019 17:00,0,0
3/23/2019 18:00,0,0
3/23/2019 19:00,0,0
3/23/2019 20:00,0,0
3/23/2019 21:00,0,0
3/23/2019 22:00,0,0
3/23/2019 23:00,0,0
3/24/2019 0:00,0,0
3/24/2019 1:00,0,0
3/24/2019 2:00,0,0
3/24/2019 3:00,0,0
3/24/2019 4:00,0,0
3/24/2019 5:00,0,0
3/24/2019 6:00,0,0
3/24/2019 7:00,0,0
3/24/2019 8:00,0,0
3/24/2019 9:00,0,0
3/24/2019 10:00,0,0
3/24/2019 11:00,0,0
3/24/2019 12:00,0,0
3/24/2019 13:00,0,0
3/24/2019 14:00,0,0
3/24/2019 15:00,0,0
3/24/2019 16:00,0,0
3/24/2019 17:00,0,0
3/24/2019 18:00,0,0
3/24/2019 19:00,0,0
3/24/2019 20:00,0,0
3/24/2019 21:00,0,0
3/24/2019 22:00,0,0
3/24/2019 23:00,0,0
3/25/2019 0:00,0,0
3/25/2019 1:00,0,0
3/25/2019 2:00,0,0
3/25/2019 3:00,0,0
3/25/2019 4:00,0,0
3/25/2019 5:00,0,0
3/25/2019 6:00,0,0
3/25/2019 7:00,0,0
3/25/2019 8:00,0,0
3/25/2019 9:00,0,0
3/25/2019 10:00,0,0
3/25/2019 11:00,0,0
3/25/2019 12:00,0,0
3/25/2019 13:00,0,0
3/25/2019 14:00,0,0
3/25/2019 15:00,0,0
3/25/2019 16:00,0,0
3/25/2019 17:00,0,0
3/25/2019 18:00,0,0
3/25/2019 19:00,0,0
3/25/2019 20:00,0,0
3/25/2019 21:00,0,0
3/25/2019 22:00,0,0
3/25/2019 23:00,0,0
3/26/2019 0:00,0,0
3/26/2019 1:00,0,0
3/26/2019 2:00,0,0
3/26/2019 3:00,0,0
3/26/2019 4:00,0,0
3/26/2019 5:00,0,0
3/26/2019 6:00,0,0
3/26/2019 7:00,0,0
3/26/2019 8:00,0,0
3/26/2019 9:00,0,0
3/26/2019 10:00,0,0
3/26/2019 11:00,0,0
3/26/2019 12:00,0,0
3/26/2019 13:00,0,0
3/26/2019 14:00,0,0
3/26/2019 15:00,0,0
3/26/2019 16:00,0,0
3/26/2019 17:00,0,0
3/26/2019 18:00,0,0
3/26/2019 19:00,0,0
3/26/2019 20:00,0,0
3/26/2019 21:00,0,0
3/26/2019 22:00,0,0
3/26/2019 23:00,0,0
3/27/2019 0:00,0,0
3/27/2019 1:00,0,0
3/27/2019 2:00,0,0
3/27/2019 3:00,0,0
3/27/2019 4:00,0,0
3/27/2019 5:00,0,0
3/27/2019 6:00,0,0
3/27/2019 7:00,0,0
3/27/2019 8:00,0,0
3/27/2019 9:00,0,0
3/27/2019 10:00,0,0
3/27/2019 11:00,0,0
3/27/2019 12:00,0,0
3/27/2019 13:00,0,0
3/27/2019 14:00,0,0
3/27/2019 15:00,0,0
3/27/2019 16:00,0,0
3/27/2019 17:00,0,0
3/27/2019 18:00,0,0
3/27/2019 19:00,0,0
3/27/2019 20:00,0,0
3/27/2019 21:00,0,0
3/27/2019 22:00,0,0
3/27/2019 23:00,0,0
3/28/2019 0:00,0,0
3/28/2019 1:00,0,0
3/28/2019 2:00,0,0
3/28/2019 3:00,1,0
3/28/2019 4:00,0,0
3/28/2019 5:00,0,0
3/28/2019 6:00,0,0
3/28/2019 7:00,0,0
3/28/2019 8:00,0,0
3/28/2019 9:00,0,0
3/28/2019 10:00,0,0
3/28/2019 11:00,0,0
3/28/2019 12:00,0,0
3/28/2019 13:00,0,0
3/28/2019 14:00,0,0
3/28/2019 15:00,0,0
3/28/2019 16:00,0,0
3/28/2019 17:00,0,0
3/28/2019 18:00,0,0
3/28/2019 19:00,0,0
3/28/2019 20:00,0,0
3/28/2019 21:00,0,0
3/28/2019 22:00,1,0
3/28/2019 23:00,0,0
3/29/2019 0:00,0,0
3/29/2019 1:00,0,0
3/29/2019 2:00,0,0
3/29/2019 3:00,0,0
3/29/2019 4:00,0,0
3/29/2019 5:00,0,0
3/29/2019 6:00,0,0
3/29/2019 7:00,0,0
3/29/2019 8:00,0,0
3/29/2019 9:00,0,0
3/29/2019 10:00,0,0
3/29/2019 11:00,0,0
3/29/2019 12:00,0,0
3/29/2019 13:00,0,0
3/29/2019 14:00,0,0
3/29/2019 15:00,0,0
3/29/2019 16:00,0,1
3/29/2019 17:00,0,1
3/29/2019 18:00,0,0
3/29/2019 19:00,0,0
3/29/2019 20:00,0,0
3/29/2019 21:00,0,0
3/29/2019 22:00,0,0
3/29/2019 23:00,0,0
3/30/2019 0:00,0,0
3/30/2019 1:00,0,0
3/30/2019 2:00,0,0
3/30/2019 3:00,1,0
3/30/2019 4:00,1,0
3/30/2019 5:00,0,0
3/30/2019 6:00,0,0
3/30/2019 7:00,1,0
3/30/2019 8:00,1,0
3/30/2019 9:00,0,0
3/30/2019 10:00,0,0
3/30/2019 11:00,1,1
3/30/2019 12:00,1,1
3/30/2019 13:00,0,0
3/30/2019 14:00,0,0
3/30/2019 15:00,0,0
3/30/2019 16:00,0,0
3/30/2019 17:00,0,0
3/30/2019 18:00,0,0
3/30/2019 19:00,0,0
3/30/2019 20:00,0,0
3/30/2019 21:00,0,0
3/30/2019 22:00,0,0
3/30/2019 23:00,0,0
3/31/2019 0:00,0,0
3/31/2019 1:00,0,0
3/31/2019 2:00,0,0
3/31/2019 3:00,0,0
3/31/2019 4:00,0,0
3/31/2019 5:00,1,0
3/31/2019 6:00,0,0
3/31/2019 7:00,0,0
3/31/2019 8:00,1,0
3/31/2019 9:00,1,0
3/31/2019 10:00,0,0
3/31/2019 11:00,0,0
3/31/2019 12:00,0,0
3/31/2019 13:00,0,0
3/31/2019 14:00,0,0
3/31/2019 15:00,0,0
3/31/2019 16:00,0,0
3/31/2019 17:00,0,0
3/31/2019 18:00,0,0
3/31/2019 19:00,0,0
3/31/2019 20:00,0,0
3/31/2019 21:00,0,0
3/31/2019 22:00,1,0
3/31/2019 23:00,0,0
4/1/2019 0:00,0,0
4/1/2019 1:00,0,0
4/1/2019 2:00,0,0
4/1/2019 3:00,0,0
4/1/2019 4:00,1,0
4/1/2019 5:00,1,0
4/1/2019 6:00,1,0
4/1/2019 7:00,0,0
4/1/2019 8:00,0,0
4/1/2019 9:00,0,0
4/1/2019 10:00,1,0
4/1/2019 11:00,0,0
4/1/2019 12:00,0,0
4/1/2019 13:00,0,0
4/1/2019 14:00,0,0
4/1/2019 15:00,0,0
4/1/2019 16:00,0,0
4/1/2019 17:00,0,0
4/1/2019 18:00,0,0
4/1/2019 19:00,0,0
4/1/2019 20:00,0,0
4/1/2019 21:00,0,0
4/1/2019 22:00,0,0
4/1/2019 23:00,0,0
4/2/2019 0:00,0,0
4/2/2019 1:00,0,0
4/2/2019 2:00,0,0
4/2/2019 3:00,1,0
4/2/2019 4:00,0,0
4/2/2019 5:00,1,0
4/2/2019 6:00,1,0
4/2/2019 7:00,0,0
4/2/2019 8:00,0,0
4/2/2019 9:00,1,0
4/2/2019 10:00,0,0
4/2/2019 11:00,0,0
4/2/2019 12:00,0,0
4/2/2019 13:00,0,0
4/2/2019 14:00,0,0
4/2/2019 15:00,1,0
4/2/2019 16:00,0,0
4/2/2019 17:00,0,0
4/2/2019 18:00,0,0
4/2/2019 19:00,0,0
4/2/2019 20:00,0,0
4/2/2019 21:00,0,0
4/2/2019 22:00,0,0
4/2/2019 23:00,0,0
4/3/2019 0:00,0,0
4/3/2019 1:00,0,0
4/3/2019 2:00,0,0
4/3/2019 3:00,0,0
4/3/2019 4:00,1,0
4/3/2019 5:00,1,0
4/3/2019 6:00,0,0
4/3/2019 7:00,0,0
4/3/2019 8:00,0,0
4/3/2019 9:00,0,0
4/3/2019 10:00,0,0
4/3/2019 11:00,0,0
4/3/2019 12:00,0,0
4/3/2019 13:00,0,0
4/3/2019 14:00,0,0
4/3/2019 15:00,0,0
4/3/2019 16:00,0,0
4/3/2019 17:00,0,0
4/3/2019 18:00,0,0
4/3/2019 19:00,0,0
4/3/2019 20:00,0,0
4/3/2019 21:00,0,0
4/3/2019 22:00,0,0
4/3/2019 23:00,0,0
4/4/2019 0:00,0,0
4/4/2019 1:00,0,0
4/4/2019 2:00,0,0
4/4/2019 3:00,0,0
4/4/2019 4:00,0,0
4/4/2019 5:00,0,0
4/4/2019 6:00,0,0
4/4/2019 7:00,0,0
4/4/2019 8:00,1,0
4/4/2019 9:00,1,0
4/4/2019 10:00,1,0
4/4/2019 11:00,0,0
4/4/2019 12:00,0,0
4/4/2019 13:00,0,0
4/4/2019 14:00,0,0
4/4/2019 15:00,0,0
4/4/2019 16:00,0,0
4/4/2019 17:00,0,0
4/4/2019 18:00,0,0
4/4/2019 19:00,0,0
4/4/2019 20:00,0,0
4/4/2019 21:00,1,0
4/4/2019 22:00,0,0
4/4/2019 23:00,0,1
4/5/2019 0:00,0,0
4/5/2019 1:00,0,0
4/5/2019 2:00,1,0
4/5/2019 3:00,1,0
4/5/2019 4:00,0,0
4/5/2019 5:00,1,0
4/5/2019 6:00,0,0
4/5/2019 7:00,0,0
4/5/2019 8:00,0,0
4/5/2019 9:00,0,0
4/5/2019 10:00,0,0
4/5/2019 11:00,0,0
4/5/2019 12:00,0,1
4/5/2019 13:00,0,0
4/5/2019 14:00,0,0
4/5/2019 15:00,0,0
4/5/2019 16:00,0,0
4/5/2019 17:00,0,0
4/5/2019 18:00,0,0
4/5/2019 19:00,0,0
4/5/2019 20:00,0,0
4/5/2019 21:00,0,0
4/5/2019 22:00,0,0
4/5/2019 23:00,0,0
4/6/2019 0:00,0,0
4/6/2019 1:00,0,0
4/6/2019 2:00,0,0
4/6/2019 3:00,0,0
4/6/2019 4:00,0,0
4/6/2019 5:00,0,0
4/6/2019 6:00,0,0
4/6/2019 7:00,0,1
4/6/2019 8:00,0,0
4/6/2019 9:00,0,0
4/6/2019 10:00,0,0
4/6/2019 11:00,0,0
4/6/2019 12:00,0,0
4/6/2019 13:00,0,0
4/6/2019 14:00,0,0
4/6/2019 15:00,0,0
4/6/2019 16:00,0,0
4/6/2019 17:00,0,0
4/6/2019 18:00,0,0
4/6/2019 19:00,0,0
4/6/2019 20:00,0,0
4/6/2019 21:00,0,0
4/6/2019 22:00,0,0
4/6/2019 23:00,0,0
4/7/2019 0:00,0,0
4/7/2019 1:00,0,0
4/7/2019 2:00,0,0
4/7/2019 3:00,0,0
4/7/2019 4:00,0,0
4/7/2019 5:00,0,0
4/7/2019 6:00,0,0
4/7/2019 7:00,0,0
4/7/2019 8:00,0,0
4/7/2019 9:00,0,0
4/7/2019 10:00,0,0
4/7/2019 11:00,0,0
4/7/2019 12:00,0,0
4/7/2019 13:00,0,0
4/7/2019 14:00,0,0
4/7/2019 15:00,0,0
4/7/2019 16:00,0,0
4/7/2019 17:00,0,0
4/7/2019 18:00,0,0
4/7/2019 19:00,0,0
4/7/2019 20:00,0,0
4/7/2019 21:00,0,0
4/7/2019 22:00,0,0
4/7/2019 23:00,0,0
4/8/2019 0:00,0,0
4/8/2019 1:00,0,0
4/8/2019 2:00,0,0
4/8/2019 3:00,0,0
4/8/2019 4:00,0,0
4/8/2019 5:00,0,0
4/8/2019 6:00,0,1
4/8/2019 7:00,1,0
4/8/2019 8:00,0,0
4/8/2019 9:00,0,0
4/8/2019 10:00,0,0
4/8/2019 11:00,0,0
4/8/2019 12:00,0,0
4/8/2019 13:00,0,0
4/8/2019 14:00,0,0
4/8/2019 15:00,0,0
4/8/2019 16:00,0,0
4/8/2019 17:00,0,0
4/8/2019 18:00,0,0
4/8/2019 19:00,0,0
4/8/2019 20:00,0,0
4/8/2019 21:00,0,0
4/8/2019 22:00,0,0
4/8/2019 23:00,0,0
4/9/2019 0:00,0,0
4/9/2019 1:00,0,0
4/9/2019 2:00,0,0
4/9/2019 3:00,0,0
4/9/2019 4:00,0,0
4/9/2019 5:00,0,0
4/9/2019 6:00,1,0
4/9/2019 7:00,0,0
4/9/2019 8:00,1,0
4/9/2019 9:00,0,1
4/9/2019 10:00,0,0
4/9/2019 11:00,1,0
4/9/2019 12:00,1,0
4/9/2019 13:00,0,0
4/9/2019 14:00,0,0
4/9/2019 15:00,0,0
4/9/2019 16:00,0,0
4/9/2019 17:00,0,0
4/9/2019 18:00,0,0
4/9/2019 19:00,0,0
4/9/2019 20:00,0,0
4/9/2019 21:00,0,0
4/9/2019 22:00,0,0
4/9/2019 23:00,0,0
4/10/2019 0:00,0,0
4/10/2019 1:00,0,0
4/10/2019 2:00,0,0
4/10/2019 3:00,0,0
4/10/2019 4:00,0,0
4/10/2019 5:00,0,0
4/10/2019 6:00,0,0
4/10/2019 7:00,0,0
4/10/2019 8:00,0,0
4/10/2019 9:00,0,0
4/10/2019 10:00,1,0
4/10/2019 11:00,0,0
4/10/2019 12:00,0,0
4/10/2019 13:00,0,0
4/10/2019 14:00,0,0
4/10/2019 15:00,0,0
4/10/2019 16:00,0,0
4/10/2019 17:00,0,0
4/10/2019 18:00,0,0
4/10/2019 19:00,0,0
4/10/2019 20:00,0,0
4/10/2019 21:00,0,0
4/10/2019 22:00,0,0
4/10/2019 23:00,0,0
4/11/2019 0:00,0,0
4/11/2019 1:00,0,0
4/11/2019 2:00,0,0
4/11/2019 3:00,0,0
4/11/2019 4:00,0,0
4/11/2019 5:00,1,0
4/11/2019 6:00,0,0
4/11/2019 7:00,1,1
4/11/2019 8:00,0,0
4/11/2019 9:00,0,0
4/11/2019 10:00,0,0
4/11/2019 11:00,0,0
4/11/2019 12:00,0,0
4/11/2019 13:00,0,0
4/11/2019 14:00,0,0
4/11/2019 15:00,0,0
4/11/2019 16:00,0,0
4/11/2019 17:00,0,0
4/11/2019 18:00,0,0
4/11/2019 19:00,0,0
4/11/2019 20:00,0,0
4/11/2019 21:00,0,0
4/11/2019 22:00,0,0
4/11/2019 23:00,0,0
4/12/2019 0:00,0,0
4/12/2019 1:00,0,0
4/12/2019 2:00,0,0
4/12/2019 3:00,0,0
4/12/2019 4:00,0,0
4/12/2019 5:00,0,0
4/12/2019 6:00,1,0
4/12/2019 7:00,1,0
4/12/2019 8:00,0,0
4/12/2019 9:00,0,0
4/12/2019 10:00,0,0
4/12/2019 11:00,0,0
4/12/2019 12:00,0,0
4/12/2019 13:00,0,0
4/12/2019 14:00,0,0
4/12/2019 15:00,0,0
4/12/2019 16:00,0,0
4/12/2019 17:00,0,0
4/12/2019 18:00,0,0
4/12/2019 19:00,0,0
4/12/2019 20:00,0,0
4/12/2019 21:00,0,0
4/12/2019 22:00,0,0
4/12/2019 23:00,0,0
4/13/2019 0:00,0,0
4/13/2019 1:00,0,0
4/13/2019 2:00,0,0
4/13/2019 3:00,0,0
4/13/2019 4:00,0,0
4/13/2019 5:00,0,0
4/13/2019 6:00,1,0
4/13/2019 7:00,1,0
4/13/2019 8:00,0,0
4/13/2019 9:00,0,0
4/13/2019 10:00,0,0
4/13/2019 11:00,0,0
4/13/2019 12:00,0,0
4/13/2019 13:00,0,0
4/13/2019 14:00,0,0
4/13/2019 15:00,0,0
4/13/2019 16:00,0,0
4/13/2019 17:00,0,0
4/13/2019 18:00,0,0
4/13/2019 19:00,0,0
4/13/2019 20:00,0,0
4/13/2019 21:00,0,0
4/13/2019 22:00,0,0
4/13/2019 23:00,0,0
4/14/2019 0:00,0,0
4/14/2019 1:00,0,0
4/14/2019 2:00,0,0
4/14/2019 3:00,0,0
4/14/2019 4:00,0,0
4/14/2019 5:00,0,0
4/14/2019 6:00,0,0
4/14/2019 7:00,0,0
4/14/2019 8:00,0,0
4/14/2019 9:00,0,0
4/14/2019 10:00,0,0
4/14/2019 11:00,0,0
4/14/2019 12:00,0,0
4/14/2019 13:00,0,0
4/14/2019 14:00,0,0
4/14/2019 15:00,0,0
4/14/2019 16:00,0,0
4/14/2019 17:00,0,0
4/14/2019 18:00,0,0
4/14/2019 19:00,0,0
4/14/2019 20:00,0,0
4/14/2019 21:00,0,0
4/14/2019 22:00,0,0
4/14/2019 23:00,0,0
4/15/2019 0:00,0,0
4/15/2019 1:00,0,0
4/15/2019 2:00,0,0
4/15/2019 3:00,0,0
4/15/2019 4:00,0,0
4/15/2019 5:00,0,0
4/15/2019 6:00,0,0
4/15/2019 7:00,0,0
4/15/2019 8:00,0,0
4/15/2019 9:00,0,0
4/15/2019 10:00,0,0
4/15/2019 11:00,0,0
4/15/2019 12:00,0,0
4/15/2019 13:00,0,0
4/15/2019 14:00,0,0
4/15/2019 15:00,0,0
4/15/2019 16:00,0,0
4/15/2019 17:00,0,0
4/15/2019 18:00,0,0
4/15/2019 19:00,0,0
4/15/2019 20:00,0,0
4/15/2019 21:00,0,0
4/15/2019 22:00,0,0
4/15/2019 23:00,0,0
4/16/2019 0:00,0,0
4/16/2019 1:00,0,0
4/16/2019 2:00,0,0
4/16/2019 3:00,0,0
4/16/2019 4:00,0,0
4/16/2019 5:00,0,0
4/16/2019 6:00,0,0
4/16/2019 7:00,0,0
4/16/2019 8:00,0,0
4/16/2019 9:00,0,0
4/16/2019 10:00,0,0
4/16/2019 11:00,0,0
4/16/2019 12:00,0,0
4/16/2019 13:00,0,0
4/16/2019 14:00,0,0
4/16/2019 15:00,0,0
4/16/2019 16:00,0,0
4/16/2019 17:00,0,0
4/16/2019 18:00,0,0
4/16/2019 19:00,0,0
4/16/2019 20:00,0,0
4/16/2019 21:00,0,0
4/16/2019 22:00,0,0
4/16/2019 23:00,0,0
4/17/2019 0:00,0,0
4/17/2019 1:00,0,0
4/17/2019 2:00,0,0
4/17/2019 3:00,0,0
4/17/2019 4:00,0,0
4/17/2019 5:00,0,0
4/17/2019 6:00,0,0
4/17/2019 7:00,0,0
4/17/2019 8:00,0,0
4/17/2019 9:00,0,0
4/17/2019 10:00,0,0
4/17/2019 11:00,0,0
4/17/2019 12:00,0,0
4/17/2019 13:00,0,0
4/17/2019 14:00,0,0
4/17/2019 15:00,0,0
4/17/2019 16:00,0,0
4/17/2019 17:00,0,0
4/17/2019 18:00,0,0
4/17/2019 19:00,0,0
4/17/2019 20:00,0,0
4/17/2019 21:00,0,0
4/17/2019 22:00,0,0
4/17/2019 23:00,0,0
4/18/2019 0:00,0,0
4/18/2019 1:00,0,0
4/18/2019 2:00,0,0
4/18/2019 3:00,0,0
4/18/2019 4:00,0,0
4/18/2019 5:00,0,0
4/18/2019 6:00,0,0
4/18/2019 7:00,0,0
4/18/2019 8:00,0,0
4/18/2019 9:00,0,0
4/18/2019 10:00,0,0
4/18/2019 11:00,0,0
4/18/2019 12:00,0,0
4/18/2019 13:00,0,0
4/18/2019 14:00,0,0
4/18/2019 15:00,0,0
4/18/2019 16:00,0,0
4/18/2019 17:00,0,0
4/18/2019 18:00,0,0
4/18/2019 19:00,0,0
4/18/2019 20:00,0,0
4/18/2019 21:00,0,0
4/18/2019 22:00,0,0
4/18/2019 23:00,0,0
4/19/2019 0:00,0,0
4/19/2019 1:00,0,0
4/19/2019 2:00,0,0
4/19/2019 3:00,0,0
4/19/2019 4:00,0,0
4/19/2019 5:00,0,0
4/19/2019 6:00,0,0
4/19/2019 7:00,1,0
4/19/2019 8:00,0,0
4/19/2019 9:00,0,0
4/19/2019 10:00,0,0
4/19/2019 11:00,0,1
4/19/2019 12:00,0,0
4/19/2019 13:00,0,0
4/19/2019 14:00,0,0
4/19/2019 15:00,0,0
4/19/2019 16:00,0,0
4/19/2019 17:00,0,0
4/19/2019 18:00,0,0
4/19/2019 19:00,0,0
4/19/2019 20:00,0,0
4/19/2019 21:00,0,0
4/19/2019 22:00,0,0
4/19/2019 23:00,0,0
4/20/2019 0:00,0,0
4/20/2019 1:00,0,0
4/20/2019 2:00,0,0
4/20/2019 3:00,0,0
4/20/2019 4:00,0,0
4/20/2019 5:00,0,0
4/20/2019 6:00,0,0
4/20/2019 7:00,0,0
4/20/2019 8:00,0,0
4/20/2019 9:00,0,0
4/20/2019 10:00,0,0
4/20/2019 11:00,0,0
4/20/2019 12:00,0,0
4/20/2019 13:00,0,0
4/20/2019 14:00,0,0
4/20/2019 15:00,0,0
4/20/2019 16:00,0,0
4/20/2019 17:00,0,0
4/20/2019 18:00,0,0
4/20/2019 19:00,0,1
4/20/2019 20:00,0,0
4/20/2019 21:00,0,0
4/20/2019 22:00,0,0
4/20/2019 23:00,0,0
4/21/2019 0:00,0,0
4/21/2019 1:00,0,0
4/21/2019 2:00,0,0
4/21/2019 3:00,0,0
4/21/2019 4:00,0,0
4/21/2019 5:00,0,0
4/21/2019 6:00,0,0
4/21/2019 7:00,0,0
4/21/2019 8:00,0,0
4/21/2019 9:00,0,0
4/21/2019 10:00,0,0
4/21/2019 11:00,0,0
4/21/2019 12:00,0,0
4/21/2019 13:00,0,0
4/21/2019 14:00,0,0
4/21/2019 15:00,0,0
4/21/2019 16:00,0,0
4/21/2019 17:00,0,0
4/21/2019 18:00,0,0
4/21/2019 19:00,0,0
4/21/2019 20:00,0,0
4/21/2019 21:00,0,0
4/21/2019 22:00,0,0
4/21/2019 23:00,0,0
4/22/2019 0:00,0,1
4/22/2019 1:00,0,1
4/22/2019 2:00,0,1
4/22/2019 3:00,0,0
4/22/2019 4:00,1,0
4/22/2019 5:00,0,0
4/22/2019 6:00,0,0
4/22/2019 7:00,0,0
4/22/2019 8:00,0,0
4/22/2019 9:00,0,0
4/22/2019 10:00,0,0
4/22/2019 11:00,0,0
4/22/2019 12:00,0,0
4/22/2019 13:00,0,0
4/22/2019 14:00,0,0
4/22/2019 15:00,0,0
4/22/2019 16:00,0,0
4/22/2019 17:00,0,0
4/22/2019 18:00,0,0
4/22/2019 19:00,0,0
4/22/2019 20:00,0,0
4/22/2019 21:00,0,0
4/22/2019 22:00,0,0
4/22/2019 23:00,0,0
4/23/2019 0:00,0,0
4/23/2019 1:00,0,0
4/23/2019 2:00,0,0
4/23/2019 3:00,0,0
4/23/2019 4:00,0,0
4/23/2019 5:00,0,0
4/23/2019 6:00,0,0
4/23/2019 7:00,0,0
4/23/2019 8:00,0,0
4/23/2019 9:00,0,0
4/23/2019 10:00,0,0
4/23/2019 11:00,0,0
4/23/2019 12:00,0,0
4/23/2019 13:00,0,0
4/23/2019 14:00,0,0
4/23/2019 15:00,0,0
4/23/2019 16:00,0,0
4/23/2019 17:00,0,0
4/23/2019 18:00,0,0
4/23/2019 19:00,0,0
4/23/2019 20:00,0,0
4/23/2019 21:00,0,0
4/23/2019 22:00,0,1
4/23/2019 23:00,0,0
4/24/2019 0:00,0,0
4/24/2019 1:00,0,0
4/24/2019 2:00,N/A,N/A
4/24/2019 3:00,N/A,N/A
4/24/2019 4:00,N/A,N/A
4/24/2019 5:00,N/A,N/A
4/24/2019 6:00,N/A,N/A
4/24/2019 7:00,N/A,N/A
4/24/2019 8:00,N/A,N/A
4/24/2019 9:00,N/A,N/A
4/24/2019 10:00,N/A,N/A
4/24/2019 11:00,N/A,N/A
4/24/2019 12:00,N/A,N/A
4/24/2019 13:00,N/A,N/A
4/24/2019 14:00,N/A,N/A
4/24/2019 15:00,N/A,N/A
4/24/2019 16:00,N/A,N/A
4/24/2019 17:00,N/A,N/A
4/24/2019 18:00,N/A,N/A
4/24/2019 19:00,N/A,N/A
4/24/2019 20:00,N/A,N/A
4/24/2019 21:00,N/A,N/A
4/24/2019 22:00,N/A,N/A
4/24/2019 23:00,N/A,N/A
4/25/2019 0:00,N/A,N/A
4/25/2019 1:00,N/A,N/A
4/25/2019 2:00,N/A,N/A
4/25/2019 3:00,N/A,N/A
4/25/2019 4:00,N/A,N/A
4/25/2019 5:00,N/A,N/A
4/25/2019 6:00,N/A,N/A
4/25/2019 7:00,N/A,N/A
4/25/2019 8:00,N/A,N/A
4/25/2019 9:00,N/A,N/A
4/25/2019 10:00,N/A,N/A
4/25/2019 11:00,N/A,N/A
4/25/2019 12:00,N/A,N/A
4/25/2019 13:00,N/A,N/A
4/25/2019 14:00,N/A,N/A
4/25/2019 15:00,N/A,N/A
4/25/2019 16:00,N/A,N/A
4/25/2019 17:00,N/A,N/A
4/25/2019 18:00,N/A,N/A
4/25/2019 19:00,N/A,N/A
4/25/2019 20:00,N/A,N/A
4/25/2019 21:00,N/A,N/A
4/25/2019 22:00,N/A,N/A
4/25/2019 23:00,N/A,N/A
4/26/2019 0:00,N/A,N/A
4/26/2019 1:00,N/A,N/A
4/26/2019 2:00,N/A,N/A
4/26/2019 3:00,N/A,N/A
4/26/2019 4:00,N/A,N/A
4/26/2019 5:00,N/A,N/A
4/26/2019 6:00,N/A,N/A
4/26/2019 7:00,N/A,N/A
4/26/2019 8:00,N/A,N/A
4/26/2019 9:00,N/A,N/A
4/26/2019 10:00,N/A,N/A
4/26/2019 11:00,N/A,N/A
4/26/2019 12:00,N/A,N/A
4/26/2019 13:00,N/A,N/A
4/26/2019 14:00,N/A,N/A
4/26/2019 15:00,N/A,N/A
4/26/2019 16:00,N/A,N/A
4/26/2019 17:00,N/A,N/A
4/26/2019 18:00,N/A,N/A
4/26/2019 19:00,N/A,N/A
4/26/2019 20:00,N/A,N/A
4/26/2019 21:00,N/A,N/A
4/26/2019 22:00,N/A,N/A
4/26/2019 23:00,N/A,N/A
4/27/2019 0:00,N/A,N/A
4/27/2019 1:00,N/A,N/A
4/27/2019 2:00,N/A,N/A
4/27/2019 3:00,N/A,N/A
4/27/2019 4:00,N/A,N/A
4/27/2019 5:00,N/A,N/A
4/27/2019 6:00,N/A,N/A
4/27/2019 7:00,N/A,N/A
4/27/2019 8:00,N/A,N/A
4/27/2019 9:00,N/A,N/A
4/27/2019 10:00,N/A,N/A
4/27/2019 11:00,N/A,N/A
4/27/2019 12:00,N/A,N/A
4/27/2019 13:00,N/A,N/A
4/27/2019 14:00,N/A,N/A
4/27/2019 15:00,N/A,N/A
4/27/2019 16:00,N/A,N/A
4/27/2019 17:00,N/A,N/A
4/27/2019 18:00,N/A,N/A
4/27/2019 19:00,N/A,N/A
4/27/2019 20:00,N/A,N/A
4/27/2019 21:00,N/A,N/A
4/27/2019 22:00,N/A,N/A
4/27/2019 23:00,N/A,N/A
4/28/2019 0:00,N/A,N/A
4/28/2019 1:00,N/A,N/A
4/28/2019 2:00,N/A,N/A
4/28/2019 3:00,N/A,N/A
4/28/2019 4:00,N/A,N/A
4/28/2019 5:00,N/A,N/A
4/28/2019 6:00,N/A,N/A
4/28/2019 7:00,N/A,N/A
4/28/2019 8:00,N/A,N/A
4/28/2019 9:00,N/A,N/A
4/28/2019 10:00,N/A,N/A
4/28/2019 11:00,N/A,N/A
4/28/2019 12:00,N/A,N/A
4/28/2019 13:00,N/A,N/A
4/28/2019 14:00,N/A,N/A
4/28/2019 15:00,N/A,N/A
4/28/2019 16:00,N/A,N/A
4/28/2019 17:00,N/A,N/A
4/28/2019 18:00,N/A,N/A
4/28/2019 19:00,N/A,N/A
4/28/2019 20:00,N/A,N/A
4/28/2019 21:00,N/A,N/A
4/28/2019 22:00,N/A,N/A
4/28/2019 23:00,N/A,N/A
4/29/2019 0:00,N/A,N/A
4/29/2019 1:00,N/A,N/A
4/29/2019 2:00,N/A,N/A
4/29/2019 3:00,N/A,N/A
4/29/2019 4:00,N/A,N/A
4/29/2019 5:00,N/A,N/A
4/29/2019 6:00,N/A,N/A
4/29/2019 7:00,N/A,N/A
4/29/2019 8:00,N/A,N/A
4/29/2019 9:00,N/A,N/A
4/29/2019 10:00,N/A,N/A
4/29/2019 11:00,N/A,N/A
4/29/2019 12:00,N/A,N/A
4/29/2019 13:00,N/A,N/A
4/29/2019 14:00,N/A,N/A
4/29/2019 15:00,N/A,N/A
4/29/2019 16:00,N/A,N/A
4/29/2019 17:00,N/A,N/A
4/29/2019 18:00,N/A,N/A
4/29/2019 19:00,N/A,N/A
4/29/2019 20:00,N/A,N/A
4/29/2019 21:00,N/A,N/A
4/29/2019 22:00,N/A,N/A
4/29/2019 23:00,N/A,N/A
4/30/2019 0:00,N/A,N/A
4/30/2019 1:00,N/A,N/A
4/30/2019 2:00,N/A,N/A
4/30/2019 3:00,N/A,N/A
4/30/2019 4:00,N/A,N/A
4/30/2019 5:00,N/A,N/A
4/30/2019 6:00,N/A,N/A
4/30/2019 7:00,N/A,N/A
4/30/2019 8:00,N/A,N/A
4/30/2019 9:00,N/A,N/A
4/30/2019 10:00,N/A,N/A
4/30/2019 11:00,N/A,N/A
4/30/2019 12:00,N/A,N/A
4/30/2019 13:00,N/A,N/A
4/30/2019 14:00,N/A,N/A
4/30/2019 15:00,N/A,N/A
4/30/2019 16:00,N/A,N/A
4/30/2019 17:00,N/A,N/A
4/30/2019 18:00,N/A,N/A
4/30/2019 19:00,N/A,N/A
4/30/2019 20:00,N/A,N/A
4/30/2019 21:00,N/A,N/A
4/30/2019 22:00,N/A,N/A
4/30/2019 23:00,N/A,N/A
5/1/2019 0:00,N/A,N/A
5/1/2019 1:00,N/A,N/A
5/1/2019 2:00,N/A,N/A
5/1/2019 3:00,N/A,N/A
5/1/2019 4:00,N/A,N/A
5/1/2019 5:00,N/A,N/A
5/1/2019 6:00,N/A,N/A
5/1/2019 7:00,N/A,N/A
5/1/2019 8:00,N/A,N/A
5/1/2019 9:00,N/A,N/A
5/1/2019 10:00,N/A,N/A
5/1/2019 11:00,N/A,N/A
5/1/2019 12:00,N/A,N/A
5/1/2019 13:00,N/A,N/A
5/1/2019 14:00,N/A,N/A
5/1/2019 15:00,N/A,N/A
5/1/2019 16:00,N/A,N/A
5/1/2019 17:00,N/A,N/A
5/1/2019 18:00,N/A,N/A
5/1/2019 19:00,N/A,N/A
5/1/2019 20:00,N/A,N/A
5/1/2019 21:00,N/A,N/A
5/1/2019 22:00,N/A,N/A
5/1/2019 23:00,N/A,N/A
5/2/2019 0:00,N/A,N/A
5/2/2019 1:00,N/A,N/A
5/2/2019 2:00,N/A,N/A
5/2/2019 3:00,N/A,N/A
5/2/2019 4:00,N/A,N/A
5/2/2019 5:00,N/A,N/A
5/2/2019 6:00,N/A,N/A
5/2/2019 7:00,N/A,N/A
5/2/2019 8:00,N/A,N/A
5/2/2019 9:00,N/A,N/A
5/2/2019 10:00,N/A,N/A
5/2/2019 11:00,N/A,N/A
5/2/2019 12:00,N/A,N/A
5/2/2019 13:00,N/A,N/A
5/2/2019 14:00,N/A,N/A
5/2/2019 15:00,N/A,N/A
5/2/2019 16:00,N/A,N/A
5/2/2019 17:00,N/A,N/A
5/2/2019 18:00,N/A,N/A
5/2/2019 19:00,N/A,N/A
5/2/2019 20:00,N/A,N/A
5/2/2019 21:00,N/A,N/A
5/2/2019 22:00,N/A,N/A
5/2/2019 23:00,N/A,N/A
5/3/2019 0:00,N/A,N/A
5/3/2019 1:00,N/A,N/A
5/3/2019 2:00,N/A,N/A
5/3/2019 3:00,N/A,N/A
5/3/2019 4:00,N/A,N/A
5/3/2019 5:00,N/A,N/A
5/3/2019 6:00,N/A,N/A
5/3/2019 7:00,N/A,N/A
5/3/2019 8:00,N/A,N/A
5/3/2019 9:00,N/A,N/A
5/3/2019 10:00,N/A,N/A
5/3/2019 11:00,N/A,N/A
5/3/2019 12:00,N/A,N/A
5/3/2019 13:00,N/A,N/A
5/3/2019 14:00,N/A,N/A
5/3/2019 15:00,N/A,N/A
5/3/2019 16:00,N/A,N/A
5/3/2019 17:00,N/A,N/A
5/3/2019 18:00,N/A,N/A
5/3/2019 19:00,N/A,N/A
5/3/2019 20:00,N/A,N/A
5/3/2019 21:00,N/A,N/A
5/3/2019 22:00,N/A,N/A
5/3/2019 23:00,N/A,N/A
5/4/2019 0:00,N/A,N/A
5/4/2019 1:00,N/A,N/A
5/4/2019 2:00,N/A,N/A
5/4/2019 3:00,N/A,N/A
5/4/2019 4:00,N/A,N/A
5/4/2019 5:00,N/A,N/A
5/4/2019 6:00,N/A,N/A
5/4/2019 7:00,N/A,N/A
5/4/2019 8:00,N/A,N/A
5/4/2019 9:00,N/A,N/A
5/4/2019 10:00,N/A,N/A
5/4/2019 11:00,N/A,N/A
5/4/2019 12:00,N/A,N/A
5/4/2019 13:00,N/A,N/A
5/4/2019 14:00,N/A,N/A
5/4/2019 15:00,N/A,N/A
5/4/2019 16:00,N/A,N/A
5/4/2019 17:00,N/A,N/A
5/4/2019 18:00,N/A,N/A
5/4/2019 19:00,N/A,N/A
5/4/2019 20:00,N/A,N/A
5/4/2019 21:00,N/A,N/A
5/4/2019 22:00,N/A,N/A
5/4/2019 23:00,N/A,N/A
5/5/2019 0:00,N/A,N/A
5/5/2019 1:00,N/A,N/A
5/5/2019 2:00,N/A,N/A
5/5/2019 3:00,N/A,N/A
5/5/2019 4:00,N/A,N/A
5/5/2019 5:00,N/A,N/A
5/5/2019 6:00,N/A,N/A
5/5/2019 7:00,N/A,N/A
5/5/2019 8:00,N/A,N/A
5/5/2019 9:00,N/A,N/A
5/5/2019 10:00,N/A,N/A
5/5/2019 11:00,N/A,N/A
5/5/2019 12:00,N/A,N/A
5/5/2019 13:00,N/A,N/A
5/5/2019 14:00,N/A,N/A
5/5/2019 15:00,N/A,N/A
5/5/2019 16:00,N/A,N/A
5/5/2019 17:00,N/A,N/A
5/5/2019 18:00,N/A,N/A
5/5/2019 19:00,N/A,N/A
5/5/2019 20:00,N/A,N/A
5/5/2019 21:00,N/A,N/A
5/5/2019 22:00,N/A,N/A
5/5/2019 23:00,N/A,N/A
5/6/2019 0:00,N/A,N/A
5/6/2019 1:00,N/A,N/A
5/6/2019 2:00,N/A,N/A
5/6/2019 3:00,N/A,N/A
5/6/2019 4:00,N/A,N/A
5/6/2019 5:00,N/A,N/A
5/6/2019 6:00,N/A,N/A
5/6/2019 7:00,N/A,N/A
5/6/2019 8:00,N/A,N/A
5/6/2019 9:00,N/A,N/A
5/6/2019 10:00,N/A,N/A
5/6/2019 11:00,N/A,N/A
5/6/2019 12:00,N/A,N/A
5/6/2019 13:00,N/A,N/A
5/6/2019 14:00,N/A,N/A
5/6/2019 15:00,N/A,N/A
5/6/2019 16:00,N/A,N/A
5/6/2019 17:00,N/A,N/A
5/6/2019 18:00,N/A,N/A
5/6/2019 19:00,N/A,N/A
5/6/2019 20:00,N/A,N/A
5/6/2019 21:00,N/A,N/A
5/6/2019 22:00,N/A,N/A
5/6/2019 23:00,N/A,N/A
5/7/2019 0:00,N/A,N/A
5/7/2019 1:00,N/A,N/A
5/7/2019 2:00,N/A,N/A
5/7/2019 3:00,N/A,N/A
5/7/2019 4:00,N/A,N/A
5/7/2019 5:00,N/A,N/A
5/7/2019 6:00,N/A,N/A
5/7/2019 7:00,N/A,N/A
5/7/2019 8:00,N/A,N/A
5/7/2019 9:00,N/A,N/A
5/7/2019 10:00,N/A,N/A
5/7/2019 11:00,N/A,N/A
5/7/2019 12:00,N/A,N/A
5/7/2019 13:00,N/A,N/A
5/7/2019 14:00,N/A,N/A
5/7/2019 15:00,N/A,N/A
5/7/2019 16:00,N/A,N/A
5/7/2019 17:00,N/A,N/A
5/7/2019 18:00,N/A,N/A
5/7/2019 19:00,N/A,N/A
5/7/2019 20:00,N/A,N/A
5/7/2019 21:00,N/A,N/A
5/7/2019 22:00,N/A,N/A
5/7/2019 23:00,N/A,N/A
5/8/2019 0:00,N/A,N/A
5/8/2019 1:00,N/A,N/A
5/8/2019 2:00,N/A,N/A
5/8/2019 3:00,N/A,N/A
5/8/2019 4:00,N/A,N/A
5/8/2019 5:00,N/A,N/A
5/8/2019 6:00,N/A,N/A
5/8/2019 7:00,N/A,N/A
5/8/2019 8:00,N/A,N/A
5/8/2019 9:00,N/A,N/A
5/8/2019 10:00,N/A,N/A
5/8/2019 11:00,N/A,N/A
5/8/2019 12:00,N/A,N/A
5/8/2019 13:00,N/A,N/A
5/8/2019 14:00,N/A,N/A
5/8/2019 15:00,N/A,N/A
5/8/2019 16:00,N/A,N/A
5/8/2019 17:00,N/A,N/A
5/8/2019 18:00,N/A,N/A
5/8/2019 19:00,N/A,N/A
5/8/2019 20:00,N/A,N/A
5/8/2019 21:00,N/A,N/A
5/8/2019 22:00,N/A,N/A
5/8/2019 23:00,N/A,N/A
5/9/2019 0:00,N/A,N/A
5/9/2019 1:00,N/A,N/A
5/9/2019 2:00,N/A,N/A
5/9/2019 3:00,N/A,N/A
5/9/2019 4:00,N/A,N/A
5/9/2019 5:00,N/A,N/A
5/9/2019 6:00,N/A,N/A
5/9/2019 7:00,N/A,N/A
5/9/2019 8:00,N/A,N/A
5/9/2019 9:00,N/A,N/A
5/9/2019 10:00,N/A,N/A
5/9/2019 11:00,N/A,N/A
5/9/2019 12:00,N/A,N/A
5/9/2019 13:00,N/A,N/A
5/9/2019 14:00,N/A,N/A
5/9/2019 15:00,N/A,N/A
5/9/2019 16:00,N/A,N/A
5/9/2019 17:00,N/A,N/A
5/9/2019 18:00,N/A,N/A
5/9/2019 19:00,N/A,N/A
5/9/2019 20:00,N/A,N/A
5/9/2019 21:00,N/A,N/A
5/9/2019 22:00,N/A,N/A
5/9/2019 23:00,N/A,N/A
5/10/2019 0:00,N/A,N/A
5/10/2019 1:00,N/A,N/A
5/10/2019 2:00,N/A,N/A
5/10/2019 3:00,N/A,N/A
5/10/2019 4:00,N/A,N/A
5/10/2019 5:00,N/A,N/A
5/10/2019 6:00,N/A,N/A
5/10/2019 7:00,N/A,N/A
5/10/2019 8:00,N/A,N/A
5/10/2019 9:00,N/A,N/A
5/10/2019 10:00,N/A,N/A
5/10/2019 11:00,N/A,N/A
5/10/2019 12:00,N/A,N/A
5/10/2019 13:00,N/A,N/A
5/10/2019 14:00,N/A,N/A
5/10/2019 15:00,N/A,N/A
5/10/2019 16:00,N/A,N/A
5/10/2019 17:00,N/A,N/A
5/10/2019 18:00,N/A,N/A
5/10/2019 19:00,N/A,N/A
5/10/2019 20:00,N/A,N/A
5/10/2019 21:00,N/A,N/A
5/10/2019 22:00,N/A,N/A
5/10/2019 23:00,N/A,N/A
5/11/2019 0:00,N/A,N/A
5/11/2019 1:00,N/A,N/A
5/11/2019 2:00,N/A,N/A
5/11/2019 3:00,N/A,N/A
5/11/2019 4:00,N/A,N/A
5/11/2019 5:00,N/A,N/A
5/11/2019 6:00,N/A,N/A
5/11/2019 7:00,N/A,N/A
5/11/2019 8:00,N/A,N/A
5/11/2019 9:00,N/A,N/A
5/11/2019 10:00,N/A,N/A
5/11/2019 11:00,N/A,N/A
5/11/2019 12:00,N/A,N/A
5/11/2019 13:00,N/A,N/A
5/11/2019 14:00,N/A,N/A
5/11/2019 15:00,N/A,N/A
5/11/2019 16:00,N/A,N/A
5/11/2019 17:00,N/A,N/A
5/11/2019 18:00,N/A,N/A
5/11/2019 19:00,N/A,N/A
5/11/2019 20:00,N/A,N/A
5/11/2019 21:00,N/A,N/A
5/11/2019 22:00,N/A,N/A
5/11/2019 23:00,N/A,N/A
5/12/2019 0:00,N/A,N/A
5/12/2019 1:00,N/A,N/A
5/12/2019 2:00,N/A,N/A
5/12/2019 3:00,N/A,N/A
5/12/2019 4:00,N/A,N/A
5/12/2019 5:00,N/A,N/A
5/12/2019 6:00,N/A,N/A
5/12/2019 7:00,N/A,N/A
5/12/2019 8:00,N/A,N/A
5/12/2019 9:00,N/A,N/A
5/12/2019 10:00,N/A,N/A
5/12/2019 11:00,N/A,N/A
5/12/2019 12:00,N/A,N/A
5/12/2019 13:00,N/A,N/A
5/12/2019 14:00,N/A,N/A
5/12/2019 15:00,N/A,N/A
5/12/2019 16:00,N/A,N/A
5/12/2019 17:00,N/A,N/A
5/12/2019 18:00,N/A,N/A
5/12/2019 19:00,N/A,N/A
5/12/2019 20:00,N/A,N/A
5/12/2019 21:00,N/A,N/A
5/12/2019 22:00,N/A,N/A
5/12/2019 23:00,N/A,N/A
5/13/2019 0:00,N/A,N/A
5/13/2019 1:00,N/A,N/A
5/13/2019 2:00,N/A,N/A
5/13/2019 3:00,N/A,N/A
5/13/2019 4:00,N/A,N/A
5/13/2019 5:00,N/A,N/A
5/13/2019 6:00,N/A,N/A
5/13/2019 7:00,N/A,N/A
5/13/2019 8:00,N/A,N/A
5/13/2019 9:00,N/A,N/A
5/13/2019 10:00,N/A,N/A
5/13/2019 11:00,N/A,N/A
5/13/2019 12:00,N/A,N/A
5/13/2019 13:00,N/A,N/A
5/13/2019 14:00,N/A,N/A
5/13/2019 15:00,N/A,N/A
5/13/2019 16:00,N/A,N/A
5/13/2019 17:00,N/A,N/A
5/13/2019 18:00,N/A,N/A
5/13/2019 19:00,N/A,N/A
5/13/2019 20:00,N/A,N/A
5/13/2019 21:00,N/A,N/A
5/13/2019 22:00,N/A,N/A
5/13/2019 23:00,N/A,N/A
5/14/2019 0:00,N/A,N/A
5/14/2019 1:00,N/A,N/A
5/14/2019 2:00,N/A,N/A
5/14/2019 3:00,N/A,N/A
5/14/2019 4:00,N/A,N/A
5/14/2019 5:00,N/A,N/A
5/14/2019 6:00,N/A,N/A
5/14/2019 7:00,N/A,N/A
5/14/2019 8:00,N/A,N/A
5/14/2019 9:00,N/A,N/A
5/14/2019 10:00,N/A,N/A
5/14/2019 11:00,N/A,N/A
5/14/2019 12:00,N/A,N/A
5/14/2019 13:00,N/A,N/A
5/14/2019 14:00,N/A,N/A
5/14/2019 15:00,N/A,N/A
5/14/2019 16:00,N/A,N/A
5/14/2019 17:00,N/A,N/A
5/14/2019 18:00,N/A,N/A
5/14/2019 19:00,N/A,N/A
5/14/2019 20:00,N/A,N/A
5/14/2019 21:00,N/A,N/A
5/14/2019 22:00,N/A,N/A
5/14/2019 23:00,N/A,N/A
5/15/2019 0:00,N/A,N/A
5/15/2019 1:00,N/A,N/A
5/15/2019 2:00,N/A,N/A
5/15/2019 3:00,N/A,N/A
5/15/2019 4:00,N/A,N/A
5/15/2019 5:00,N/A,N/A
5/15/2019 6:00,N/A,N/A
5/15/2019 7:00,N/A,N/A
5/15/2019 8:00,N/A,N/A
5/15/2019 9:00,N/A,N/A
5/15/2019 10:00,N/A,N/A
5/15/2019 11:00,N/A,N/A
5/15/2019 12:00,N/A,N/A
5/15/2019 13:00,N/A,N/A
5/15/2019 14:00,N/A,N/A
5/15/2019 15:00,N/A,N/A
5/15/2019 16:00,N/A,N/A
5/15/2019 17:00,N/A,N/A
5/15/2019 18:00,N/A,N/A
5/15/2019 19:00,N/A,N/A
5/15/2019 20:00,N/A,N/A
5/15/2019 21:00,N/A,N/A
5/15/2019 22:00,N/A,N/A
5/15/2019 23:00,N/A,N/A
5/16/2019 0:00,N/A,N/A
5/16/2019 1:00,N/A,N/A
5/16/2019 2:00,N/A,N/A
5/16/2019 3:00,N/A,N/A
5/16/2019 4:00,N/A,N/A
5/16/2019 5:00,N/A,N/A
5/16/2019 6:00,N/A,N/A
5/16/2019 7:00,N/A,N/A
5/16/2019 8:00,N/A,N/A
5/16/2019 9:00,N/A,N/A
5/16/2019 10:00,N/A,N/A
5/16/2019 11:00,N/A,N/A
5/16/2019 12:00,N/A,N/A
5/16/2019 13:00,N/A,N/A
5/16/2019 14:00,N/A,N/A
5/16/2019 15:00,N/A,N/A
5/16/2019 16:00,N/A,N/A
5/16/2019 17:00,N/A,N/A
5/16/2019 18:00,N/A,N/A
5/16/2019 19:00,N/A,N/A
5/16/2019 20:00,N/A,N/A
5/16/2019 21:00,N/A,N/A
5/16/2019 22:00,N/A,N/A
5/16/2019 23:00,N/A,N/A
5/17/2019 0:00,N/A,N/A
5/17/2019 1:00,N/A,N/A
5/17/2019 2:00,N/A,N/A
5/17/2019 3:00,N/A,N/A
5/17/2019 4:00,N/A,N/A
5/17/2019 5:00,N/A,N/A
5/17/2019 6:00,N/A,N/A
5/17/2019 7:00,N/A,N/A
5/17/2019 8:00,N/A,N/A
5/17/2019 9:00,N/A,N/A
5/17/2019 10:00,N/A,N/A
5/17/2019 11:00,N/A,N/A
5/17/2019 12:00,N/A,N/A
5/17/2019 13:00,N/A,N/A
5/17/2019 14:00,N/A,N/A
5/17/2019 15:00,N/A,N/A
5/17/2019 16:00,N/A,N/A
5/17/2019 17:00,N/A,N/A
5/17/2019 18:00,N/A,N/A
5/17/2019 19:00,N/A,N/A
5/17/2019 20:00,N/A,N/A
5/17/2019 21:00,N/A,N/A
5/17/2019 22:00,N/A,N/A
5/17/2019 23:00,N/A,N/A
5/18/2019 0:00,N/A,N/A
5/18/2019 1:00,N/A,N/A
5/18/2019 2:00,N/A,N/A
5/18/2019 3:00,N/A,N/A
5/18/2019 4:00,N/A,N/A
5/18/2019 5:00,N/A,N/A
5/18/2019 6:00,N/A,N/A
5/18/2019 7:00,N/A,N/A
5/18/2019 8:00,N/A,N/A
5/18/2019 9:00,N/A,N/A
5/18/2019 10:00,N/A,N/A
5/18/2019 11:00,N/A,N/A
5/18/2019 12:00,N/A,N/A
5/18/2019 13:00,N/A,N/A
5/18/2019 14:00,N/A,N/A
5/18/2019 15:00,N/A,N/A
5/18/2019 16:00,N/A,N/A
5/18/2019 17:00,N/A,N/A
5/18/2019 18:00,N/A,N/A
5/18/2019 19:00,N/A,N/A
5/18/2019 20:00,N/A,N/A
5/18/2019 21:00,N/A,N/A
5/18/2019 22:00,N/A,N/A
5/18/2019 23:00,N/A,N/A
5/19/2019 0:00,N/A,N/A
5/19/2019 1:00,N/A,N/A
5/19/2019 2:00,N/A,N/A
5/19/2019 3:00,N/A,N/A
5/19/2019 4:00,N/A,N/A
5/19/2019 5:00,N/A,N/A
5/19/2019 6:00,N/A,N/A
5/19/2019 7:00,N/A,N/A
5/19/2019 8:00,N/A,N/A
5/19/2019 9:00,N/A,N/A
5/19/2019 10:00,N/A,N/A
5/19/2019 11:00,N/A,N/A
5/19/2019 12:00,N/A,N/A
5/19/2019 13:00,N/A,N/A
5/19/2019 14:00,N/A,N/A
5/19/2019 15:00,N/A,N/A
5/19/2019 16:00,N/A,N/A
5/19/2019 17:00,N/A,N/A
5/19/2019 18:00,N/A,N/A
5/19/2019 19:00,N/A,N/A
5/19/2019 20:00,N/A,N/A
5/19/2019 21:00,N/A,N/A
5/19/2019 22:00,N/A,N/A
5/19/2019 23:00,N/A,N/A
5/20/2019 0:00,N/A,N/A
5/20/2019 1:00,N/A,N/A
5/20/2019 2:00,N/A,N/A
5/20/2019 3:00,N/A,N/A
5/20/2019 4:00,N/A,N/A
5/20/2019 5:00,N/A,N/A
5/20/2019 6:00,N/A,N/A
5/20/2019 7:00,N/A,N/A
5/20/2019 8:00,N/A,N/A
5/20/2019 9:00,N/A,N/A
5/20/2019 10:00,N/A,N/A
5/20/2019 11:00,N/A,N/A
5/20/2019 12:00,N/A,N/A
5/20/2019 13:00,N/A,N/A
5/20/2019 14:00,N/A,N/A
5/20/2019 15:00,N/A,N/A
5/20/2019 16:00,N/A,N/A
5/20/2019 17:00,N/A,N/A
5/20/2019 18:00,N/A,N/A
5/20/2019 19:00,N/A,N/A
5/20/2019 20:00,N/A,N/A
5/20/2019 21:00,N/A,N/A
5/20/2019 22:00,N/A,N/A
5/20/2019 23:00,N/A,N/A
5/21/2019 0:00,N/A,N/A
5/21/2019 1:00,N/A,N/A
5/21/2019 2:00,N/A,N/A
5/21/2019 3:00,N/A,N/A
5/21/2019 4:00,N/A,N/A
5/21/2019 5:00,N/A,N/A
5/21/2019 6:00,N/A,N/A
5/21/2019 7:00,N/A,N/A
5/21/2019 8:00,N/A,N/A
5/21/2019 9:00,N/A,N/A
5/21/2019 10:00,N/A,N/A
5/21/2019 11:00,N/A,N/A
5/21/2019 12:00,N/A,N/A
5/21/2019 13:00,N/A,N/A
5/21/2019 14:00,N/A,N/A
5/21/2019 15:00,N/A,N/A
5/21/2019 16:00,N/A,N/A
5/21/2019 17:00,N/A,N/A
5/21/2019 18:00,N/A,N/A
5/21/2019 19:00,N/A,N/A
5/21/2019 20:00,N/A,N/A
5/21/2019 21:00,N/A,N/A
5/21/2019 22:00,N/A,N/A
5/21/2019 23:00,N/A,N/A
5/22/2019 0:00,N/A,N/A
5/22/2019 1:00,N/A,N/A
5/22/2019 2:00,N/A,N/A
5/22/2019 3:00,N/A,N/A
5/22/2019 4:00,N/A,N/A
5/22/2019 5:00,N/A,N/A
5/22/2019 6:00,N/A,N/A
5/22/2019 7:00,N/A,N/A
5/22/2019 8:00,N/A,N/A
5/22/2019 9:00,N/A,N/A
5/22/2019 10:00,N/A,N/A
5/22/2019 11:00,N/A,N/A
5/22/2019 12:00,N/A,N/A
5/22/2019 13:00,N/A,N/A
5/22/2019 14:00,N/A,N/A
5/22/2019 15:00,N/A,N/A
5/22/2019 16:00,N/A,N/A
5/22/2019 17:00,N/A,N/A
5/22/2019 18:00,N/A,N/A
5/22/2019 19:00,N/A,N/A
5/22/2019 20:00,N/A,N/A
5/22/2019 21:00,N/A,N/A
5/22/2019 22:00,N/A,N/A
5/22/2019 23:00,N/A,N/A
5/23/2019 0:00,N/A,N/A
5/23/2019 1:00,N/A,N/A
5/23/2019 2:00,N/A,N/A
5/23/2019 3:00,N/A,N/A
5/23/2019 4:00,N/A,N/A
5/23/2019 5:00,N/A,N/A
5/23/2019 6:00,N/A,N/A
5/23/2019 7:00,N/A,N/A
5/23/2019 8:00,N/A,N/A
5/23/2019 9:00,N/A,N/A
5/23/2019 10:00,N/A,N/A
5/23/2019 11:00,N/A,N/A
5/23/2019 12:00,N/A,N/A
5/23/2019 13:00,N/A,N/A
5/23/2019 14:00,N/A,N/A
5/23/2019 15:00,N/A,N/A
5/23/2019 16:00,N/A,N/A
5/23/2019 17:00,N/A,N/A
5/23/2019 18:00,N/A,N/A
5/23/2019 19:00,N/A,N/A
5/23/2019 20:00,N/A,N/A
5/23/2019 21:00,N/A,N/A
5/23/2019 22:00,N/A,N/A
5/23/2019 23:00,N/A,N/A
5/24/2019 0:00,N/A,N/A
5/24/2019 1:00,N/A,N/A
5/24/2019 2:00,N/A,N/A
5/24/2019 3:00,N/A,N/A
5/24/2019 4:00,N/A,N/A
5/24/2019 5:00,N/A,N/A
5/24/2019 6:00,N/A,N/A
5/24/2019 7:00,N/A,N/A
5/24/2019 8:00,N/A,N/A
5/24/2019 9:00,N/A,N/A
5/24/2019 10:00,N/A,N/A
5/24/2019 11:00,N/A,N/A
5/24/2019 12:00,N/A,N/A
5/24/2019 13:00,N/A,N/A
5/24/2019 14:00,N/A,N/A
5/24/2019 15:00,N/A,N/A
5/24/2019 16:00,N/A,N/A
5/24/2019 17:00,N/A,N/A
5/24/2019 18:00,N/A,N/A
5/24/2019 19:00,N/A,N/A
5/24/2019 20:00,N/A,N/A
5/24/2019 21:00,N/A,N/A
5/24/2019 22:00,N/A,N/A
5/24/2019 23:00,N/A,N/A
5/25/2019 0:00,N/A,N/A
5/25/2019 1:00,N/A,N/A
5/25/2019 2:00,N/A,N/A
5/25/2019 3:00,N/A,N/A
5/25/2019 4:00,N/A,N/A
5/25/2019 5:00,N/A,N/A
5/25/2019 6:00,N/A,N/A
5/25/2019 7:00,N/A,N/A
5/25/2019 8:00,N/A,N/A
5/25/2019 9:00,N/A,N/A
5/25/2019 10:00,N/A,N/A
5/25/2019 11:00,N/A,N/A
5/25/2019 12:00,N/A,N/A
5/25/2019 13:00,N/A,N/A
5/25/2019 14:00,N/A,N/A
5/25/2019 15:00,N/A,N/A
5/25/2019 16:00,N/A,N/A
5/25/2019 17:00,N/A,N/A
5/25/2019 18:00,N/A,N/A
5/25/2019 19:00,N/A,N/A
5/25/2019 20:00,N/A,N/A
5/25/2019 21:00,N/A,N/A
5/25/2019 22:00,N/A,N/A
5/25/2019 23:00,N/A,N/A
5/26/2019 0:00,N/A,N/A
5/26/2019 1:00,N/A,N/A
5/26/2019 2:00,N/A,N/A
5/26/2019 3:00,N/A,N/A
5/26/2019 4:00,N/A,N/A
5/26/2019 5:00,N/A,N/A
5/26/2019 6:00,N/A,N/A
5/26/2019 7:00,N/A,N/A
5/26/2019 8:00,N/A,N/A
5/26/2019 9:00,N/A,N/A
5/26/2019 10:00,N/A,N/A
5/26/2019 11:00,N/A,N/A
5/26/2019 12:00,N/A,N/A
5/26/2019 13:00,N/A,N/A
5/26/2019 14:00,N/A,N/A
5/26/2019 15:00,N/A,N/A
5/26/2019 16:00,N/A,N/A
5/26/2019 17:00,N/A,N/A
5/26/2019 18:00,N/A,N/A
5/26/2019 19:00,N/A,N/A
5/26/2019 20:00,N/A,N/A
5/26/2019 21:00,N/A,N/A
5/26/2019 22:00,N/A,N/A
5/26/2019 23:00,N/A,N/A
5/27/2019 0:00,N/A,N/A
5/27/2019 1:00,N/A,N/A
5/27/2019 2:00,N/A,N/A
5/27/2019 3:00,N/A,N/A
5/27/2019 4:00,N/A,N/A
5/27/2019 5:00,N/A,N/A
5/27/2019 6:00,N/A,N/A
5/27/2019 7:00,N/A,N/A
5/27/2019 8:00,N/A,N/A
5/27/2019 9:00,N/A,N/A
5/27/2019 10:00,N/A,N/A
5/27/2019 11:00,N/A,N/A
5/27/2019 12:00,N/A,N/A
5/27/2019 13:00,N/A,N/A
5/27/2019 14:00,N/A,N/A
5/27/2019 15:00,N/A,N/A
5/27/2019 16:00,N/A,N/A
5/27/2019 17:00,N/A,N/A
5/27/2019 18:00,N/A,N/A
5/27/2019 19:00,N/A,N/A
5/27/2019 20:00,N/A,N/A
5/27/2019 21:00,N/A,N/A
5/27/2019 22:00,N/A,N/A
5/27/2019 23:00,N/A,N/A
5/28/2019 0:00,N/A,N/A
5/28/2019 1:00,N/A,N/A
5/28/2019 2:00,N/A,N/A
5/28/2019 3:00,N/A,N/A
5/28/2019 4:00,N/A,N/A
5/28/2019 5:00,N/A,N/A
5/28/2019 6:00,N/A,N/A
5/28/2019 7:00,N/A,N/A
5/28/2019 8:00,N/A,N/A
5/28/2019 9:00,N/A,N/A
5/28/2019 10:00,N/A,N/A
5/28/2019 11:00,N/A,N/A
5/28/2019 12:00,N/A,N/A
5/28/2019 13:00,N/A,N/A
5/28/2019 14:00,N/A,N/A
5/28/2019 15:00,N/A,N/A
5/28/2019 16:00,N/A,N/A
5/28/2019 17:00,N/A,N/A
5/28/2019 18:00,N/A,N/A
5/28/2019 19:00,N/A,N/A
5/28/2019 20:00,N/A,N/A
5/28/2019 21:00,N/A,N/A
5/28/2019 22:00,N/A,N/A
5/28/2019 23:00,N/A,N/A
5/29/2019 0:00,N/A,N/A
5/29/2019 1:00,N/A,N/A
5/29/2019 2:00,N/A,N/A
5/29/2019 3:00,N/A,N/A
5/29/2019 4:00,N/A,N/A
5/29/2019 5:00,N/A,N/A
5/29/2019 6:00,N/A,N/A
5/29/2019 7:00,N/A,N/A
5/29/2019 8:00,N/A,N/A
5/29/2019 9:00,N/A,N/A
5/29/2019 10:00,N/A,N/A
5/29/2019 11:00,N/A,N/A
5/29/2019 12:00,N/A,N/A
5/29/2019 13:00,N/A,N/A
5/29/2019 14:00,N/A,N/A
5/29/2019 15:00,N/A,N/A
5/29/2019 16:00,N/A,N/A
5/29/2019 17:00,N/A,N/A
5/29/2019 18:00,N/A,N/A
5/29/2019 19:00,N/A,N/A
5/29/2019 20:00,N/A,N/A
5/29/2019 21:00,N/A,N/A
5/29/2019 22:00,N/A,N/A
5/29/2019 23:00,N/A,N/A
5/30/2019 0:00,N/A,N/A
5/30/2019 1:00,N/A,N/A
5/30/2019 2:00,N/A,N/A
5/30/2019 3:00,N/A,N/A
5/30/2019 4:00,N/A,N/A
5/30/2019 5:00,N/A,N/A
5/30/2019 6:00,N/A,N/A
5/30/2019 7:00,N/A,N/A
5/30/2019 8:00,N/A,N/A
5/30/2019 9:00,N/A,N/A
5/30/2019 10:00,N/A,N/A
5/30/2019 11:00,N/A,N/A
5/30/2019 12:00,N/A,N/A
5/30/2019 13:00,N/A,N/A
5/30/2019 14:00,N/A,N/A
5/30/2019 15:00,N/A,N/A
5/30/2019 16:00,N/A,N/A
5/30/2019 17:00,N/A,N/A
5/30/2019 18:00,N/A,N/A
5/30/2019 19:00,N/A,N/A
5/30/2019 20:00,N/A,N/A
5/30/2019 21:00,N/A,N/A
5/30/2019 22:00,N/A,N/A
5/30/2019 23:00,N/A,N/A
5/31/2019 0:00,N/A,N/A
5/31/2019 1:00,N/A,N/A
5/31/2019 2:00,N/A,N/A
5/31/2019 3:00,N/A,N/A
5/31/2019 4:00,N/A,N/A
5/31/2019 5:00,N/A,N/A
5/31/2019 6:00,N/A,N/A
5/31/2019 7:00,N/A,N/A
5/31/2019 8:00,N/A,N/A
5/31/2019 9:00,N/A,N/A
5/31/2019 10:00,N/A,N/A
5/31/2019 11:00,N/A,N/A
5/31/2019 12:00,N/A,N/A
5/31/2019 13:00,N/A,N/A
5/31/2019 14:00,N/A,N/A
5/31/2019 15:00,N/A,N/A
5/31/2019 16:00,N/A,N/A
5/31/2019 17:00,N/A,N/A
5/31/2019 18:00,N/A,N/A
5/31/2019 19:00,N/A,N/A
5/31/2019 20:00,N/A,N/A
5/31/2019 21:00,N/A,N/A
5/31/2019 22:00,N/A,N/A
5/31/2019 23:00,N/A,N/A
6/1/2019 0:00,N/A,N/A
6/1/2019 1:00,N/A,N/A
6/1/2019 2:00,N/A,N/A
6/1/2019 3:00,N/A,N/A
6/1/2019 4:00,N/A,N/A
6/1/2019 5:00,N/A,N/A
6/1/2019 6:00,N/A,N/A
6/1/2019 7:00,N/A,N/A
6/1/2019 8:00,N/A,N/A
6/1/2019 9:00,N/A,N/A
6/1/2019 10:00,N/A,N/A
6/1/2019 11:00,N/A,N/A
6/1/2019 12:00,N/A,N/A
6/1/2019 13:00,N/A,N/A
6/1/2019 14:00,N/A,N/A
6/1/2019 15:00,N/A,N/A
6/1/2019 16:00,N/A,N/A
6/1/2019 17:00,N/A,N/A
6/1/2019 18:00,N/A,N/A
6/1/2019 19:00,N/A,N/A
6/1/2019 20:00,N/A,N/A
6/1/2019 21:00,N/A,N/A
6/1/2019 22:00,N/A,N/A
6/1/2019 23:00,N/A,N/A
6/2/2019 0:00,N/A,N/A
6/2/2019 1:00,N/A,N/A
6/2/2019 2:00,N/A,N/A
6/2/2019 3:00,N/A,N/A
6/2/2019 4:00,N/A,N/A
6/2/2019 5:00,N/A,N/A
6/2/2019 6:00,N/A,N/A
6/2/2019 7:00,N/A,N/A
6/2/2019 8:00,N/A,N/A
6/2/2019 9:00,N/A,N/A
6/2/2019 10:00,N/A,N/A
6/2/2019 11:00,N/A,N/A
6/2/2019 12:00,N/A,N/A
6/2/2019 13:00,N/A,N/A
6/2/2019 14:00,N/A,N/A
6/2/2019 15:00,N/A,N/A
6/2/2019 16:00,N/A,N/A
6/2/2019 17:00,N/A,N/A
6/2/2019 18:00,N/A,N/A
6/2/2019 19:00,N/A,N/A
6/2/2019 20:00,N/A,N/A
6/2/2019 21:00,N/A,N/A
6/2/2019 22:00,N/A,N/A
6/2/2019 23:00,N/A,N/A
6/3/2019 0:00,N/A,N/A
6/3/2019 1:00,N/A,N/A
6/3/2019 2:00,N/A,N/A
6/3/2019 3:00,N/A,N/A
6/3/2019 4:00,N/A,N/A
6/3/2019 5:00,N/A,N/A
6/3/2019 6:00,N/A,N/A
6/3/2019 7:00,N/A,N/A
6/3/2019 8:00,N/A,N/A
6/3/2019 9:00,N/A,N/A
6/3/2019 10:00,N/A,N/A
6/3/2019 11:00,N/A,N/A
6/3/2019 12:00,N/A,N/A
6/3/2019 13:00,N/A,N/A
6/3/2019 14:00,N/A,N/A
6/3/2019 15:00,N/A,N/A
6/3/2019 16:00,N/A,N/A
6/3/2019 17:00,N/A,N/A
6/3/2019 18:00,N/A,N/A
6/3/2019 19:00,N/A,N/A
6/3/2019 20:00,N/A,N/A
6/3/2019 21:00,N/A,N/A
6/3/2019 22:00,N/A,N/A
6/3/2019 23:00,N/A,N/A
6/4/2019 0:00,N/A,N/A
6/4/2019 1:00,N/A,N/A
6/4/2019 2:00,N/A,N/A
6/4/2019 3:00,N/A,N/A
6/4/2019 4:00,N/A,N/A
6/4/2019 5:00,N/A,N/A
6/4/2019 6:00,N/A,N/A
6/4/2019 7:00,N/A,N/A
6/4/2019 8:00,N/A,N/A
6/4/2019 9:00,N/A,N/A
6/4/2019 10:00,N/A,N/A
6/4/2019 11:00,N/A,N/A
6/4/2019 12:00,N/A,N/A
6/4/2019 13:00,N/A,N/A
6/4/2019 14:00,N/A,N/A
6/4/2019 15:00,N/A,N/A
6/4/2019 16:00,N/A,N/A
6/4/2019 17:00,N/A,N/A
6/4/2019 18:00,N/A,N/A
6/4/2019 19:00,N/A,N/A
6/4/2019 20:00,N/A,N/A
6/4/2019 21:00,N/A,N/A
6/4/2019 22:00,N/A,N/A
6/4/2019 23:00,N/A,N/A
6/5/2019 0:00,N/A,N/A
6/5/2019 1:00,N/A,N/A
6/5/2019 2:00,N/A,N/A
6/5/2019 3:00,N/A,N/A
6/5/2019 4:00,N/A,N/A
6/5/2019 5:00,N/A,N/A
6/5/2019 6:00,N/A,N/A
6/5/2019 7:00,N/A,N/A
6/5/2019 8:00,N/A,N/A
6/5/2019 9:00,N/A,N/A
6/5/2019 10:00,N/A,N/A
6/5/2019 11:00,N/A,N/A
6/5/2019 12:00,N/A,N/A
6/5/2019 13:00,N/A,N/A
6/5/2019 14:00,N/A,N/A
6/5/2019 15:00,N/A,N/A
6/5/2019 16:00,N/A,N/A
6/5/2019 17:00,N/A,N/A
6/5/2019 18:00,N/A,N/A
6/5/2019 19:00,N/A,N/A
6/5/2019 20:00,N/A,N/A
6/5/2019 21:00,N/A,N/A
6/5/2019 22:00,N/A,N/A
6/5/2019 23:00,N/A,N/A
6/6/2019 0:00,N/A,N/A
6/6/2019 1:00,N/A,N/A
6/6/2019 2:00,N/A,N/A
6/6/2019 3:00,N/A,N/A
6/6/2019 4:00,N/A,N/A
6/6/2019 5:00,N/A,N/A
6/6/2019 6:00,N/A,N/A
6/6/2019 7:00,N/A,N/A
6/6/2019 8:00,N/A,N/A
6/6/2019 9:00,N/A,N/A
6/6/2019 10:00,N/A,N/A
6/6/2019 11:00,N/A,N/A
6/6/2019 12:00,N/A,N/A
6/6/2019 13:00,N/A,N/A
6/6/2019 14:00,N/A,N/A
6/6/2019 15:00,N/A,N/A
6/6/2019 16:00,N/A,N/A
6/6/2019 17:00,N/A,N/A
6/6/2019 18:00,N/A,N/A
6/6/2019 19:00,N/A,N/A
6/6/2019 20:00,N/A,N/A
6/6/2019 21:00,N/A,N/A
6/6/2019 22:00,N/A,N/A
6/6/2019 23:00,N/A,N/A
6/7/2019 0:00,N/A,N/A
6/7/2019 1:00,N/A,N/A
6/7/2019 2:00,N/A,N/A
6/7/2019 3:00,N/A,N/A
6/7/2019 4:00,N/A,N/A
6/7/2019 5:00,N/A,N/A
6/7/2019 6:00,N/A,N/A
6/7/2019 7:00,N/A,N/A
6/7/2019 8:00,N/A,N/A
6/7/2019 9:00,N/A,N/A
6/7/2019 10:00,N/A,N/A
6/7/2019 11:00,N/A,N/A
6/7/2019 12:00,N/A,N/A
6/7/2019 13:00,N/A,N/A
6/7/2019 14:00,N/A,N/A
6/7/2019 15:00,N/A,N/A
6/7/2019 16:00,N/A,N/A
6/7/2019 17:00,N/A,N/A
6/7/2019 18:00,N/A,N/A
6/7/2019 19:00,N/A,N/A
6/7/2019 20:00,N/A,N/A
6/7/2019 21:00,N/A,N/A
6/7/2019 22:00,N/A,N/A
6/7/2019 23:00,N/A,N/A
6/8/2019 0:00,N/A,N/A
6/8/2019 1:00,N/A,N/A
6/8/2019 2:00,N/A,N/A
6/8/2019 3:00,N/A,N/A
6/8/2019 4:00,N/A,N/A
6/8/2019 5:00,N/A,N/A
6/8/2019 6:00,N/A,N/A
6/8/2019 7:00,N/A,N/A
6/8/2019 8:00,N/A,N/A
6/8/2019 9:00,N/A,N/A
6/8/2019 10:00,N/A,N/A
6/8/2019 11:00,N/A,N/A
6/8/2019 12:00,N/A,N/A
6/8/2019 13:00,N/A,N/A
6/8/2019 14:00,N/A,N/A
6/8/2019 15:00,N/A,N/A
6/8/2019 16:00,N/A,N/A
6/8/2019 17:00,N/A,N/A
6/8/2019 18:00,N/A,N/A
6/8/2019 19:00,N/A,N/A
6/8/2019 20:00,N/A,N/A
6/8/2019 21:00,N/A,N/A
6/8/2019 22:00,N/A,N/A
6/8/2019 23:00,N/A,N/A
6/9/2019 0:00,N/A,N/A
6/9/2019 1:00,N/A,N/A
6/9/2019 2:00,N/A,N/A
6/9/2019 3:00,N/A,N/A
6/9/2019 4:00,N/A,N/A
6/9/2019 5:00,N/A,N/A
6/9/2019 6:00,N/A,N/A
6/9/2019 7:00,N/A,N/A
6/9/2019 8:00,N/A,N/A
6/9/2019 9:00,N/A,N/A
6/9/2019 10:00,N/A,N/A
6/9/2019 11:00,N/A,N/A
6/9/2019 12:00,N/A,N/A
6/9/2019 13:00,N/A,N/A
6/9/2019 14:00,N/A,N/A
6/9/2019 15:00,N/A,N/A
6/9/2019 16:00,N/A,N/A
6/9/2019 17:00,N/A,N/A
6/9/2019 18:00,N/A,N/A
6/9/2019 19:00,N/A,N/A
6/9/2019 20:00,N/A,N/A
6/9/2019 21:00,N/A,N/A
6/9/2019 22:00,N/A,N/A
6/9/2019 23:00,N/A,N/A
6/10/2019 0:00,N/A,N/A
6/10/2019 1:00,N/A,N/A
6/10/2019 2:00,N/A,N/A
6/10/2019 3:00,N/A,N/A
6/10/2019 4:00,N/A,N/A
6/10/2019 5:00,N/A,N/A
6/10/2019 6:00,N/A,N/A
6/10/2019 7:00,N/A,N/A
6/10/2019 8:00,N/A,N/A
6/10/2019 9:00,N/A,N/A
6/10/2019 10:00,N/A,N/A
6/10/2019 11:00,N/A,N/A
6/10/2019 12:00,N/A,N/A
6/10/2019 13:00,N/A,N/A
6/10/2019 14:00,N/A,N/A
6/10/2019 15:00,N/A,N/A
6/10/2019 16:00,N/A,N/A
6/10/2019 17:00,N/A,N/A
6/10/2019 18:00,N/A,N/A
6/10/2019 19:00,N/A,N/A
6/10/2019 20:00,N/A,N/A
6/10/2019 21:00,N/A,N/A
6/10/2019 22:00,N/A,N/A
6/10/2019 23:00,N/A,N/A
6/11/2019 0:00,N/A,N/A
6/11/2019 1:00,N/A,N/A
6/11/2019 2:00,N/A,N/A
6/11/2019 3:00,N/A,N/A
6/11/2019 4:00,N/A,N/A
6/11/2019 5:00,N/A,N/A
6/11/2019 6:00,N/A,N/A
6/11/2019 7:00,N/A,N/A
6/11/2019 8:00,N/A,N/A
6/11/2019 9:00,N/A,N/A
6/11/2019 10:00,N/A,N/A
6/11/2019 11:00,N/A,N/A
6/11/2019 12:00,N/A,N/A
6/11/2019 13:00,N/A,N/A
6/11/2019 14:00,N/A,N/A
6/11/2019 15:00,N/A,N/A
6/11/2019 16:00,N/A,N/A
6/11/2019 17:00,N/A,N/A
6/11/2019 18:00,N/A,N/A
6/11/2019 19:00,N/A,N/A
6/11/2019 20:00,N/A,N/A
6/11/2019 21:00,N/A,N/A
6/11/2019 22:00,N/A,N/A
6/11/2019 23:00,N/A,N/A
6/12/2019 0:00,N/A,N/A
6/12/2019 1:00,N/A,N/A
6/12/2019 2:00,N/A,N/A
6/12/2019 3:00,N/A,N/A
6/12/2019 4:00,N/A,N/A
6/12/2019 5:00,N/A,N/A
6/12/2019 6:00,N/A,N/A
6/12/2019 7:00,N/A,N/A
6/12/2019 8:00,N/A,N/A
6/12/2019 9:00,N/A,N/A
6/12/2019 10:00,N/A,N/A
6/12/2019 11:00,N/A,N/A
6/12/2019 12:00,N/A,N/A
6/12/2019 13:00,N/A,N/A
6/12/2019 14:00,N/A,N/A
6/12/2019 15:00,N/A,N/A
6/12/2019 16:00,N/A,N/A
6/12/2019 17:00,N/A,N/A
6/12/2019 18:00,N/A,N/A
6/12/2019 19:00,N/A,N/A
6/12/2019 20:00,N/A,N/A
6/12/2019 21:00,N/A,N/A
6/12/2019 22:00,N/A,N/A
6/12/2019 23:00,N/A,N/A
6/13/2019 0:00,N/A,N/A
6/13/2019 1:00,N/A,N/A
6/13/2019 2:00,N/A,N/A
6/13/2019 3:00,N/A,N/A
6/13/2019 4:00,N/A,N/A
6/13/2019 5:00,N/A,N/A
6/13/2019 6:00,N/A,N/A
6/13/2019 7:00,N/A,N/A
6/13/2019 8:00,N/A,N/A
6/13/2019 9:00,N/A,N/A
6/13/2019 10:00,N/A,N/A
6/13/2019 11:00,N/A,N/A
6/13/2019 12:00,N/A,N/A
6/13/2019 13:00,N/A,N/A
6/13/2019 14:00,N/A,N/A
6/13/2019 15:00,N/A,N/A
6/13/2019 16:00,N/A,N/A
6/13/2019 17:00,N/A,N/A
6/13/2019 18:00,N/A,N/A
6/13/2019 19:00,N/A,N/A
6/13/2019 20:00,N/A,N/A
6/13/2019 21:00,N/A,N/A
6/13/2019 22:00,N/A,N/A
6/13/2019 23:00,N/A,N/A
6/14/2019 0:00,N/A,N/A
6/14/2019 1:00,N/A,N/A
6/14/2019 2:00,N/A,N/A
6/14/2019 3:00,N/A,N/A
6/14/2019 4:00,N/A,N/A
6/14/2019 5:00,N/A,N/A
6/14/2019 6:00,N/A,N/A
6/14/2019 7:00,N/A,N/A
6/14/2019 8:00,N/A,N/A
6/14/2019 9:00,N/A,N/A
6/14/2019 10:00,N/A,N/A
6/14/2019 11:00,N/A,N/A
6/14/2019 12:00,N/A,N/A
6/14/2019 13:00,N/A,N/A
6/14/2019 14:00,N/A,N/A
6/14/2019 15:00,N/A,N/A
6/14/2019 16:00,N/A,N/A
6/14/2019 17:00,N/A,N/A
6/14/2019 18:00,N/A,N/A
6/14/2019 19:00,N/A,N/A
6/14/2019 20:00,N/A,N/A
6/14/2019 21:00,N/A,N/A
6/14/2019 22:00,N/A,N/A
6/14/2019 23:00,N/A,N/A
6/15/2019 0:00,N/A,N/A
6/15/2019 1:00,N/A,N/A
6/15/2019 2:00,N/A,N/A
6/15/2019 3:00,N/A,N/A
6/15/2019 4:00,N/A,N/A
6/15/2019 5:00,N/A,N/A
6/15/2019 6:00,N/A,N/A
6/15/2019 7:00,N/A,N/A
6/15/2019 8:00,N/A,N/A
6/15/2019 9:00,N/A,N/A
6/15/2019 10:00,N/A,N/A
6/15/2019 11:00,N/A,N/A
6/15/2019 12:00,N/A,N/A
6/15/2019 13:00,N/A,N/A
6/15/2019 14:00,N/A,N/A
6/15/2019 15:00,N/A,N/A
6/15/2019 16:00,N/A,N/A
6/15/2019 17:00,N/A,N/A
6/15/2019 18:00,N/A,N/A
6/15/2019 19:00,N/A,N/A
6/15/2019 20:00,N/A,N/A
6/15/2019 21:00,N/A,N/A
6/15/2019 22:00,N/A,N/A
6/15/2019 23:00,N/A,N/A
6/16/2019 0:00,N/A,N/A
6/16/2019 1:00,N/A,N/A
6/16/2019 2:00,N/A,N/A
6/16/2019 3:00,N/A,N/A
6/16/2019 4:00,N/A,N/A
6/16/2019 5:00,N/A,N/A
6/16/2019 6:00,N/A,N/A
6/16/2019 7:00,N/A,N/A
6/16/2019 8:00,N/A,N/A
6/16/2019 9:00,N/A,N/A
6/16/2019 10:00,N/A,N/A
6/16/2019 11:00,N/A,N/A
6/16/2019 12:00,N/A,N/A
6/16/2019 13:00,N/A,N/A
6/16/2019 14:00,N/A,N/A
6/16/2019 15:00,N/A,N/A
6/16/2019 16:00,N/A,N/A
6/16/2019 17:00,N/A,N/A
6/16/2019 18:00,N/A,N/A
6/16/2019 19:00,N/A,N/A
6/16/2019 20:00,N/A,N/A
6/16/2019 21:00,N/A,N/A
6/16/2019 22:00,N/A,N/A
6/16/2019 23:00,N/A,N/A
6/17/2019 0:00,N/A,N/A
6/17/2019 1:00,N/A,N/A
6/17/2019 2:00,N/A,N/A
6/17/2019 3:00,N/A,N/A
6/17/2019 4:00,N/A,N/A
6/17/2019 5:00,N/A,N/A
6/17/2019 6:00,N/A,N/A
6/17/2019 7:00,N/A,N/A
6/17/2019 8:00,N/A,N/A
6/17/2019 9:00,N/A,N/A
6/17/2019 10:00,N/A,N/A
6/17/2019 11:00,N/A,N/A
6/17/2019 12:00,N/A,N/A
6/17/2019 13:00,N/A,N/A
6/17/2019 14:00,N/A,N/A
6/17/2019 15:00,N/A,N/A
6/17/2019 16:00,N/A,N/A
6/17/2019 17:00,N/A,N/A
6/17/2019 18:00,N/A,N/A
6/17/2019 19:00,N/A,N/A
6/17/2019 20:00,N/A,N/A
6/17/2019 21:00,N/A,N/A
6/17/2019 22:00,N/A,N/A
6/17/2019 23:00,N/A,N/A
6/18/2019 0:00,N/A,N/A
6/18/2019 1:00,N/A,N/A
6/18/2019 2:00,N/A,N/A
6/18/2019 3:00,N/A,N/A
6/18/2019 4:00,N/A,N/A
6/18/2019 5:00,N/A,N/A
6/18/2019 6:00,N/A,N/A
6/18/2019 7:00,N/A,N/A
6/18/2019 8:00,N/A,N/A
6/18/2019 9:00,N/A,N/A
6/18/2019 10:00,N/A,N/A
6/18/2019 11:00,N/A,N/A
6/18/2019 12:00,N/A,N/A
6/18/2019 13:00,N/A,N/A
6/18/2019 14:00,N/A,N/A
6/18/2019 15:00,N/A,N/A
6/18/2019 16:00,N/A,N/A
6/18/2019 17:00,N/A,N/A
6/18/2019 18:00,N/A,N/A
6/18/2019 19:00,N/A,N/A
6/18/2019 20:00,N/A,N/A
6/18/2019 21:00,N/A,N/A
6/18/2019 22:00,N/A,N/A
6/18/2019 23:00,N/A,N/A
6/19/2019 0:00,N/A,N/A
6/19/2019 1:00,N/A,N/A
6/19/2019 2:00,N/A,N/A
6/19/2019 3:00,N/A,N/A
6/19/2019 4:00,N/A,N/A
6/19/2019 5:00,N/A,N/A
6/19/2019 6:00,N/A,N/A
6/19/2019 7:00,N/A,N/A
6/19/2019 8:00,N/A,N/A
6/19/2019 9:00,N/A,N/A
6/19/2019 10:00,N/A,N/A
6/19/2019 11:00,N/A,N/A
6/19/2019 12:00,N/A,N/A
6/19/2019 13:00,N/A,N/A
6/19/2019 14:00,N/A,N/A
6/19/2019 15:00,N/A,N/A
6/19/2019 16:00,N/A,N/A
6/19/2019 17:00,N/A,N/A
6/19/2019 18:00,N/A,N/A
6/19/2019 19:00,N/A,N/A
6/19/2019 20:00,N/A,N/A
6/19/2019 21:00,N/A,N/A
6/19/2019 22:00,N/A,N/A
6/19/2019 23:00,N/A,N/A
6/20/2019 0:00,N/A,N/A
6/20/2019 1:00,N/A,N/A
6/20/2019 2:00,N/A,N/A
6/20/2019 3:00,N/A,N/A
6/20/2019 4:00,N/A,N/A
6/20/2019 5:00,N/A,N/A
6/20/2019 6:00,N/A,N/A
6/20/2019 7:00,N/A,N/A
6/20/2019 8:00,N/A,N/A
6/20/2019 9:00,N/A,N/A
6/20/2019 10:00,N/A,N/A
6/20/2019 11:00,N/A,N/A
6/20/2019 12:00,N/A,N/A
6/20/2019 13:00,N/A,N/A
6/20/2019 14:00,N/A,N/A
6/20/2019 15:00,N/A,N/A
6/20/2019 16:00,N/A,N/A
6/20/2019 17:00,N/A,N/A
6/20/2019 18:00,N/A,N/A
6/20/2019 19:00,N/A,N/A
6/20/2019 20:00,N/A,N/A
6/20/2019 21:00,N/A,N/A
6/20/2019 22:00,N/A,N/A
6/20/2019 23:00,N/A,N/A
6/21/2019 0:00,N/A,N/A
6/21/2019 1:00,N/A,N/A
6/21/2019 2:00,N/A,N/A
6/21/2019 3:00,N/A,N/A
6/21/2019 4:00,N/A,N/A
6/21/2019 5:00,N/A,N/A
6/21/2019 6:00,N/A,N/A
6/21/2019 7:00,N/A,N/A
6/21/2019 8:00,N/A,N/A
6/21/2019 9:00,N/A,N/A
6/21/2019 10:00,N/A,N/A
6/21/2019 11:00,N/A,N/A
6/21/2019 12:00,N/A,N/A
6/21/2019 13:00,N/A,N/A
6/21/2019 14:00,N/A,N/A
6/21/2019 15:00,N/A,N/A
6/21/2019 16:00,N/A,N/A
6/21/2019 17:00,N/A,N/A
6/21/2019 18:00,N/A,N/A
6/21/2019 19:00,N/A,N/A
6/21/2019 20:00,N/A,N/A
6/21/2019 21:00,N/A,N/A
6/21/2019 22:00,N/A,N/A
6/21/2019 23:00,N/A,N/A
6/22/2019 0:00,N/A,N/A
6/22/2019 1:00,N/A,N/A
6/22/2019 2:00,N/A,N/A
6/22/2019 3:00,N/A,N/A
6/22/2019 4:00,N/A,N/A
6/22/2019 5:00,N/A,N/A
6/22/2019 6:00,N/A,N/A
6/22/2019 7:00,N/A,N/A
6/22/2019 8:00,N/A,N/A
6/22/2019 9:00,N/A,N/A
6/22/2019 10:00,N/A,N/A
6/22/2019 11:00,N/A,N/A
6/22/2019 12:00,N/A,N/A
6/22/2019 13:00,N/A,N/A
6/22/2019 14:00,N/A,N/A
6/22/2019 15:00,N/A,N/A
6/22/2019 16:00,N/A,N/A
6/22/2019 17:00,N/A,N/A
6/22/2019 18:00,N/A,N/A
6/22/2019 19:00,N/A,N/A
6/22/2019 20:00,N/A,N/A
6/22/2019 21:00,N/A,N/A
6/22/2019 22:00,N/A,N/A
6/22/2019 23:00,N/A,N/A
6/23/2019 0:00,N/A,N/A
6/23/2019 1:00,N/A,N/A
6/23/2019 2:00,N/A,N/A
6/23/2019 3:00,N/A,N/A
6/23/2019 4:00,N/A,N/A
6/23/2019 5:00,N/A,N/A
6/23/2019 6:00,N/A,N/A
6/23/2019 7:00,N/A,N/A
6/23/2019 8:00,N/A,N/A
6/23/2019 9:00,N/A,N/A
6/23/2019 10:00,N/A,N/A
6/23/2019 11:00,N/A,N/A
6/23/2019 12:00,N/A,N/A
6/23/2019 13:00,N/A,N/A
6/23/2019 14:00,N/A,N/A
6/23/2019 15:00,N/A,N/A
6/23/2019 16:00,N/A,N/A
6/23/2019 17:00,N/A,N/A
6/23/2019 18:00,N/A,N/A
6/23/2019 19:00,N/A,N/A
6/23/2019 20:00,N/A,N/A
6/23/2019 21:00,N/A,N/A
6/23/2019 22:00,N/A,N/A
6/23/2019 23:00,N/A,N/A
6/24/2019 0:00,N/A,N/A
6/24/2019 1:00,N/A,N/A
6/24/2019 2:00,N/A,N/A
6/24/2019 3:00,N/A,N/A
6/24/2019 4:00,N/A,N/A
6/24/2019 5:00,N/A,N/A
6/24/2019 6:00,N/A,N/A
6/24/2019 7:00,N/A,N/A
6/24/2019 8:00,N/A,N/A
6/24/2019 9:00,N/A,N/A
6/24/2019 10:00,N/A,N/A
6/24/2019 11:00,N/A,N/A
6/24/2019 12:00,N/A,N/A
6/24/2019 13:00,N/A,N/A
6/24/2019 14:00,N/A,N/A
6/24/2019 15:00,N/A,N/A
6/24/2019 16:00,N/A,N/A
6/24/2019 17:00,N/A,N/A
6/24/2019 18:00,N/A,N/A
6/24/2019 19:00,N/A,N/A
6/24/2019 20:00,N/A,N/A
6/24/2019 21:00,N/A,N/A
6/24/2019 22:00,N/A,N/A
6/24/2019 23:00,N/A,N/A
6/25/2019 0:00,N/A,N/A
6/25/2019 1:00,N/A,N/A
6/25/2019 2:00,N/A,N/A
6/25/2019 3:00,N/A,N/A
6/25/2019 4:00,N/A,N/A
6/25/2019 5:00,N/A,N/A
6/25/2019 6:00,N/A,N/A
6/25/2019 7:00,N/A,N/A
6/25/2019 8:00,N/A,N/A
6/25/2019 9:00,N/A,N/A
6/25/2019 10:00,N/A,N/A
6/25/2019 11:00,N/A,N/A
6/25/2019 12:00,N/A,N/A
6/25/2019 13:00,N/A,N/A
6/25/2019 14:00,N/A,N/A
6/25/2019 15:00,N/A,N/A
6/25/2019 16:00,N/A,N/A
6/25/2019 17:00,N/A,N/A
6/25/2019 18:00,N/A,N/A
6/25/2019 19:00,N/A,N/A
6/25/2019 20:00,N/A,N/A
6/25/2019 21:00,N/A,N/A
6/25/2019 22:00,N/A,N/A
6/25/2019 23:00,N/A,N/A
6/26/2019 0:00,N/A,N/A
6/26/2019 1:00,N/A,N/A
6/26/2019 2:00,N/A,N/A
6/26/2019 3:00,N/A,N/A
6/26/2019 4:00,N/A,N/A
6/26/2019 5:00,N/A,N/A
6/26/2019 6:00,N/A,N/A
6/26/2019 7:00,N/A,N/A
6/26/2019 8:00,N/A,N/A
6/26/2019 9:00,N/A,N/A
6/26/2019 10:00,N/A,N/A
6/26/2019 11:00,N/A,N/A
6/26/2019 12:00,N/A,N/A
6/26/2019 13:00,N/A,N/A
6/26/2019 14:00,N/A,N/A
6/26/2019 15:00,N/A,N/A
6/26/2019 16:00,N/A,N/A
6/26/2019 17:00,N/A,N/A
6/26/2019 18:00,N/A,N/A
6/26/2019 19:00,N/A,N/A
6/26/2019 20:00,N/A,N/A
6/26/2019 21:00,N/A,N/A
6/26/2019 22:00,N/A,N/A
6/26/2019 23:00,N/A,N/A
6/27/2019 0:00,N/A,N/A
6/27/2019 1:00,N/A,N/A
6/27/2019 2:00,N/A,N/A
6/27/2019 3:00,N/A,N/A
6/27/2019 4:00,N/A,N/A
6/27/2019 5:00,N/A,N/A
6/27/2019 6:00,N/A,N/A
6/27/2019 7:00,N/A,N/A
6/27/2019 8:00,N/A,N/A
6/27/2019 9:00,N/A,N/A
6/27/2019 10:00,N/A,N/A
6/27/2019 11:00,N/A,N/A
6/27/2019 12:00,N/A,N/A
6/27/2019 13:00,N/A,N/A
6/27/2019 14:00,N/A,N/A
6/27/2019 15:00,N/A,N/A
6/27/2019 16:00,N/A,N/A
6/27/2019 17:00,N/A,N/A
6/27/2019 18:00,N/A,N/A
6/27/2019 19:00,N/A,N/A
6/27/2019 20:00,N/A,N/A
6/27/2019 21:00,N/A,N/A
6/27/2019 22:00,N/A,N/A
6/27/2019 23:00,N/A,N/A
6/28/2019 0:00,N/A,N/A
6/28/2019 1:00,N/A,N/A
6/28/2019 2:00,N/A,N/A
6/28/2019 3:00,N/A,N/A
6/28/2019 4:00,N/A,N/A
6/28/2019 5:00,N/A,N/A
6/28/2019 6:00,N/A,N/A
6/28/2019 7:00,N/A,N/A
6/28/2019 8:00,N/A,N/A
6/28/2019 9:00,N/A,N/A
6/28/2019 10:00,N/A,N/A
6/28/2019 11:00,N/A,N/A
6/28/2019 12:00,N/A,N/A
6/28/2019 13:00,N/A,N/A
6/28/2019 14:00,N/A,N/A
6/28/2019 15:00,N/A,N/A
6/28/2019 16:00,N/A,N/A
6/28/2019 17:00,N/A,N/A
6/28/2019 18:00,N/A,N/A
6/28/2019 19:00,N/A,N/A
6/28/2019 20:00,N/A,N/A
6/28/2019 21:00,N/A,N/A
6/28/2019 22:00,N/A,N/A
6/28/2019 23:00,N/A,N/A
6/29/2019 0:00,N/A,N/A
6/29/2019 1:00,N/A,N/A
6/29/2019 2:00,N/A,N/A
6/29/2019 3:00,N/A,N/A
6/29/2019 4:00,N/A,N/A
6/29/2019 5:00,N/A,N/A
6/29/2019 6:00,N/A,N/A
6/29/2019 7:00,N/A,N/A
6/29/2019 8:00,N/A,N/A
6/29/2019 9:00,N/A,N/A
6/29/2019 10:00,N/A,N/A
6/29/2019 11:00,N/A,N/A
6/29/2019 12:00,N/A,N/A
6/29/2019 13:00,N/A,N/A
6/29/2019 14:00,N/A,N/A
6/29/2019 15:00,N/A,N/A
6/29/2019 16:00,N/A,N/A
6/29/2019 17:00,N/A,N/A
6/29/2019 18:00,N/A,N/A
6/29/2019 19:00,N/A,N/A
6/29/2019 20:00,N/A,N/A
6/29/2019 21:00,N/A,N/A
6/29/2019 22:00,N/A,N/A
6/29/2019 23:00,N/A,N/A
6/30/2019 0:00,N/A,N/A
6/30/2019 1:00,N/A,N/A
6/30/2019 2:00,N/A,N/A
6/30/2019 3:00,N/A,N/A
6/30/2019 4:00,N/A,N/A
6/30/2019 5:00,N/A,N/A
6/30/2019 6:00,N/A,N/A
6/30/2019 7:00,N/A,N/A
6/30/2019 8:00,N/A,N/A
6/30/2019 9:00,N/A,N/A
6/30/2019 10:00,N/A,N/A
6/30/2019 11:00,N/A,N/A
6/30/2019 12:00,N/A,N/A
6/30/2019 13:00,N/A,N/A
6/30/2019 14:00,N/A,N/A
6/30/2019 15:00,N/A,N/A
6/30/2019 16:00,N/A,N/A
6/30/2019 17:00,N/A,N/A
6/30/2019 18:00,N/A,N/A
6/30/2019 19:00,N/A,N/A
6/30/2019 20:00,N/A,N/A
6/30/2019 21:00,N/A,N/A
6/30/2019 22:00,N/A,N/A
6/30/2019 23:00,N/A,N/A
7/1/2019 0:00,N/A,N/A
7/1/2019 1:00,N/A,N/A
7/1/2019 2:00,N/A,N/A
7/1/2019 3:00,N/A,N/A
7/1/2019 4:00,N/A,N/A
7/1/2019 5:00,N/A,N/A
7/1/2019 6:00,N/A,N/A
7/1/2019 7:00,N/A,N/A
7/1/2019 8:00,N/A,N/A
7/1/2019 9:00,N/A,N/A
7/1/2019 10:00,N/A,N/A
7/1/2019 11:00,N/A,N/A
7/1/2019 12:00,N/A,N/A
7/1/2019 13:00,N/A,N/A
7/1/2019 14:00,N/A,N/A
7/1/2019 15:00,N/A,N/A
7/1/2019 16:00,N/A,N/A
7/1/2019 17:00,N/A,N/A
7/1/2019 18:00,N/A,N/A
7/1/2019 19:00,N/A,N/A
7/1/2019 20:00,N/A,N/A
7/1/2019 21:00,N/A,N/A
7/1/2019 22:00,N/A,N/A
7/1/2019 23:00,N/A,N/A
7/2/2019 0:00,N/A,N/A
7/2/2019 1:00,N/A,N/A
7/2/2019 2:00,N/A,N/A
7/2/2019 3:00,N/A,N/A
7/2/2019 4:00,N/A,N/A
7/2/2019 5:00,N/A,N/A
7/2/2019 6:00,N/A,N/A
7/2/2019 7:00,N/A,N/A
7/2/2019 8:00,N/A,N/A
7/2/2019 9:00,N/A,N/A
7/2/2019 10:00,N/A,N/A
7/2/2019 11:00,N/A,N/A
7/2/2019 12:00,N/A,N/A
7/2/2019 13:00,N/A,N/A
7/2/2019 14:00,N/A,N/A
7/2/2019 15:00,N/A,N/A
7/2/2019 16:00,N/A,N/A
7/2/2019 17:00,N/A,N/A
7/2/2019 18:00,N/A,N/A
7/2/2019 19:00,N/A,N/A
7/2/2019 20:00,N/A,N/A
7/2/2019 21:00,N/A,N/A
7/2/2019 22:00,N/A,N/A
7/2/2019 23:00,N/A,N/A
7/3/2019 0:00,N/A,N/A
7/3/2019 1:00,N/A,N/A
7/3/2019 2:00,N/A,N/A
7/3/2019 3:00,N/A,N/A
7/3/2019 4:00,N/A,N/A
7/3/2019 5:00,N/A,N/A
7/3/2019 6:00,N/A,N/A
7/3/2019 7:00,N/A,N/A
7/3/2019 8:00,N/A,N/A
7/3/2019 9:00,N/A,N/A
7/3/2019 10:00,N/A,N/A
7/3/2019 11:00,N/A,N/A
7/3/2019 12:00,N/A,N/A
7/3/2019 13:00,N/A,N/A
7/3/2019 14:00,N/A,N/A
7/3/2019 15:00,N/A,N/A
7/3/2019 16:00,N/A,N/A
7/3/2019 17:00,N/A,N/A
7/3/2019 18:00,N/A,N/A
7/3/2019 19:00,N/A,N/A
7/3/2019 20:00,N/A,N/A
7/3/2019 21:00,N/A,N/A
7/3/2019 22:00,N/A,N/A
7/3/2019 23:00,N/A,N/A
7/4/2019 0:00,N/A,N/A
7/4/2019 1:00,N/A,N/A
7/4/2019 2:00,N/A,N/A
7/4/2019 3:00,N/A,N/A
7/4/2019 4:00,N/A,N/A
7/4/2019 5:00,N/A,N/A
7/4/2019 6:00,N/A,N/A
7/4/2019 7:00,N/A,N/A
7/4/2019 8:00,N/A,N/A
7/4/2019 9:00,N/A,N/A
7/4/2019 10:00,N/A,N/A
7/4/2019 11:00,N/A,N/A
7/4/2019 12:00,N/A,N/A
7/4/2019 13:00,N/A,N/A
7/4/2019 14:00,N/A,N/A
7/4/2019 15:00,N/A,N/A
7/4/2019 16:00,N/A,N/A
7/4/2019 17:00,N/A,N/A
7/4/2019 18:00,N/A,N/A
7/4/2019 19:00,N/A,N/A
7/4/2019 20:00,N/A,N/A
7/4/2019 21:00,N/A,N/A
7/4/2019 22:00,N/A,N/A
7/4/2019 23:00,N/A,N/A
7/5/2019 0:00,N/A,N/A
7/5/2019 1:00,N/A,N/A
7/5/2019 2:00,N/A,N/A
7/5/2019 3:00,N/A,N/A
7/5/2019 4:00,N/A,N/A
7/5/2019 5:00,N/A,N/A
7/5/2019 6:00,N/A,N/A
7/5/2019 7:00,N/A,N/A
7/5/2019 8:00,N/A,N/A
7/5/2019 9:00,N/A,N/A
7/5/2019 10:00,N/A,N/A
7/5/2019 11:00,N/A,N/A
7/5/2019 12:00,N/A,N/A
7/5/2019 13:00,N/A,N/A
7/5/2019 14:00,N/A,N/A
7/5/2019 15:00,N/A,N/A
7/5/2019 16:00,N/A,N/A
7/5/2019 17:00,N/A,N/A
7/5/2019 18:00,N/A,N/A
7/5/2019 19:00,N/A,N/A
7/5/2019 20:00,N/A,N/A
7/5/2019 21:00,N/A,N/A
7/5/2019 22:00,N/A,N/A
7/5/2019 23:00,N/A,N/A
7/6/2019 0:00,N/A,N/A
7/6/2019 1:00,N/A,N/A
7/6/2019 2:00,N/A,N/A
7/6/2019 3:00,N/A,N/A
7/6/2019 4:00,N/A,N/A
7/6/2019 5:00,N/A,N/A
7/6/2019 6:00,N/A,N/A
7/6/2019 7:00,N/A,N/A
7/6/2019 8:00,N/A,N/A
7/6/2019 9:00,N/A,N/A
7/6/2019 10:00,N/A,N/A
7/6/2019 11:00,N/A,N/A
7/6/2019 12:00,N/A,N/A
7/6/2019 13:00,N/A,N/A
7/6/2019 14:00,N/A,N/A
7/6/2019 15:00,N/A,N/A
7/6/2019 16:00,N/A,N/A
7/6/2019 17:00,N/A,N/A
7/6/2019 18:00,N/A,N/A
7/6/2019 19:00,N/A,N/A
7/6/2019 20:00,N/A,N/A
7/6/2019 21:00,N/A,N/A
7/6/2019 22:00,N/A,N/A
7/6/2019 23:00,N/A,N/A
7/7/2019 0:00,N/A,N/A
7/7/2019 1:00,N/A,N/A
7/7/2019 2:00,N/A,N/A
7/7/2019 3:00,N/A,N/A
7/7/2019 4:00,N/A,N/A
7/7/2019 5:00,N/A,N/A
7/7/2019 6:00,N/A,N/A
7/7/2019 7:00,N/A,N/A
7/7/2019 8:00,N/A,N/A
7/7/2019 9:00,N/A,N/A
7/7/2019 10:00,N/A,N/A
7/7/2019 11:00,N/A,N/A
7/7/2019 12:00,N/A,N/A
7/7/2019 13:00,N/A,N/A
7/7/2019 14:00,N/A,N/A
7/7/2019 15:00,N/A,N/A
7/7/2019 16:00,N/A,N/A
7/7/2019 17:00,N/A,N/A
7/7/2019 18:00,N/A,N/A
7/7/2019 19:00,N/A,N/A
7/7/2019 20:00,N/A,N/A
7/7/2019 21:00,N/A,N/A
7/7/2019 22:00,N/A,N/A
7/7/2019 23:00,N/A,N/A
7/8/2019 0:00,N/A,N/A
7/8/2019 1:00,N/A,N/A
7/8/2019 2:00,N/A,N/A
7/8/2019 3:00,N/A,N/A
7/8/2019 4:00,N/A,N/A
7/8/2019 5:00,N/A,N/A
7/8/2019 6:00,N/A,N/A
7/8/2019 7:00,N/A,N/A
7/8/2019 8:00,N/A,N/A
7/8/2019 9:00,N/A,N/A
7/8/2019 10:00,N/A,N/A
7/8/2019 11:00,N/A,N/A
7/8/2019 12:00,N/A,N/A
7/8/2019 13:00,N/A,N/A
7/8/2019 14:00,N/A,N/A
7/8/2019 15:00,N/A,N/A
7/8/2019 16:00,N/A,N/A
7/8/2019 17:00,N/A,N/A
7/8/2019 18:00,N/A,N/A
7/8/2019 19:00,N/A,N/A
7/8/2019 20:00,N/A,N/A
7/8/2019 21:00,N/A,N/A
7/8/2019 22:00,N/A,N/A
7/8/2019 23:00,N/A,N/A
7/9/2019 0:00,N/A,N/A
7/9/2019 1:00,N/A,N/A
7/9/2019 2:00,N/A,N/A
7/9/2019 3:00,N/A,N/A
7/9/2019 4:00,N/A,N/A
7/9/2019 5:00,N/A,N/A
7/9/2019 6:00,N/A,N/A
7/9/2019 7:00,N/A,N/A
7/9/2019 8:00,N/A,N/A
7/9/2019 9:00,N/A,N/A
7/9/2019 10:00,N/A,N/A
7/9/2019 11:00,N/A,N/A
7/9/2019 12:00,N/A,N/A
7/9/2019 13:00,N/A,N/A
7/9/2019 14:00,N/A,N/A
7/9/2019 15:00,N/A,N/A
7/9/2019 16:00,N/A,N/A
7/9/2019 17:00,N/A,N/A
7/9/2019 18:00,N/A,N/A
7/9/2019 19:00,N/A,N/A
7/9/2019 20:00,N/A,N/A
7/9/2019 21:00,N/A,N/A
7/9/2019 22:00,N/A,N/A
7/9/2019 23:00,N/A,N/A
7/10/2019 0:00,N/A,N/A
7/10/2019 1:00,N/A,N/A
7/10/2019 2:00,N/A,N/A
7/10/2019 3:00,N/A,N/A
7/10/2019 4:00,N/A,N/A
7/10/2019 5:00,N/A,N/A
7/10/2019 6:00,N/A,N/A
7/10/2019 7:00,N/A,N/A
7/10/2019 8:00,N/A,N/A
7/10/2019 9:00,N/A,N/A
7/10/2019 10:00,N/A,N/A
7/10/2019 11:00,N/A,N/A
7/10/2019 12:00,N/A,N/A
7/10/2019 13:00,N/A,N/A
7/10/2019 14:00,N/A,N/A
7/10/2019 15:00,N/A,N/A
7/10/2019 16:00,N/A,N/A
7/10/2019 17:00,N/A,N/A
7/10/2019 18:00,N/A,N/A
7/10/2019 19:00,N/A,N/A
7/10/2019 20:00,N/A,N/A
7/10/2019 21:00,N/A,N/A
7/10/2019 22:00,N/A,N/A
7/10/2019 23:00,N/A,N/A
7/11/2019 0:00,N/A,N/A
7/11/2019 1:00,N/A,N/A
7/11/2019 2:00,N/A,N/A
7/11/2019 3:00,N/A,N/A
7/11/2019 4:00,N/A,N/A
7/11/2019 5:00,N/A,N/A
7/11/2019 6:00,N/A,N/A
7/11/2019 7:00,N/A,N/A
7/11/2019 8:00,N/A,N/A
7/11/2019 9:00,N/A,N/A
7/11/2019 10:00,N/A,N/A
7/11/2019 11:00,N/A,N/A
7/11/2019 12:00,N/A,N/A
7/11/2019 13:00,N/A,N/A
7/11/2019 14:00,N/A,N/A
7/11/2019 15:00,N/A,N/A
7/11/2019 16:00,N/A,N/A
7/11/2019 17:00,N/A,N/A
7/11/2019 18:00,N/A,N/A
7/11/2019 19:00,N/A,N/A
7/11/2019 20:00,N/A,N/A
7/11/2019 21:00,0,0
7/11/2019 22:00,0,0
7/11/2019 23:00,0,0
7/12/2019 0:00,0,0
7/12/2019 1:00,0,0
7/12/2019 2:00,0,0
7/12/2019 3:00,0,0
7/12/2019 4:00,0,0
7/12/2019 5:00,0,0
7/12/2019 6:00,0,1
7/12/2019 7:00,0,1
7/12/2019 8:00,0,1
7/12/2019 9:00,0,1
7/12/2019 10:00,0,1
7/12/2019 11:00,0,0
7/12/2019 12:00,0,0
7/12/2019 13:00,0,0
7/12/2019 14:00,0,0
7/12/2019 15:00,0,0
7/12/2019 16:00,0,0
7/12/2019 17:00,0,0
7/12/2019 18:00,0,0
7/12/2019 19:00,0,0
7/12/2019 20:00,0,0
7/12/2019 21:00,0,0
7/12/2019 22:00,0,1
7/12/2019 23:00,0,1
7/13/2019 0:00,0,0
7/13/2019 1:00,0,0
7/13/2019 2:00,0,0
7/13/2019 3:00,0,0
7/13/2019 4:00,0,1
7/13/2019 5:00,0,1
7/13/2019 6:00,0,0
7/13/2019 7:00,0,0
7/13/2019 8:00,0,0
7/13/2019 9:00,0,0
7/13/2019 10:00,0,0
7/13/2019 11:00,0,1
7/13/2019 12:00,0,0
7/13/2019 13:00,0,0
7/13/2019 14:00,0,0
7/13/2019 15:00,0,0
7/13/2019 16:00,0,0
7/13/2019 17:00,0,0
7/13/2019 18:00,0,0
7/13/2019 19:00,0,0
7/13/2019 20:00,0,0
7/13/2019 21:00,0,0
7/13/2019 22:00,0,0
7/13/2019 23:00,0,0
7/14/2019 0:00,0,0
7/14/2019 1:00,0,0
7/14/2019 2:00,0,0
7/14/2019 3:00,0,1
7/14/2019 4:00,0,0
7/14/2019 5:00,0,0
7/14/2019 6:00,0,0
7/14/2019 7:00,0,1
7/14/2019 8:00,0,0
7/14/2019 9:00,0,0
7/14/2019 10:00,0,1
7/14/2019 11:00,0,0
7/14/2019 12:00,0,0
7/14/2019 13:00,0,0
7/14/2019 14:00,0,0
7/14/2019 15:00,0,0
7/14/2019 16:00,0,0
7/14/2019 17:00,0,0
7/14/2019 18:00,0,0
7/14/2019 19:00,0,0
7/14/2019 20:00,0,1
7/14/2019 21:00,0,0
7/14/2019 22:00,0,0
7/14/2019 23:00,0,0
7/15/2019 0:00,0,0
7/15/2019 1:00,0,0
7/15/2019 2:00,0,1
7/15/2019 3:00,0,0
7/15/2019 4:00,0,0
7/15/2019 5:00,0,0
7/15/2019 6:00,0,0
7/15/2019 7:00,0,0
7/15/2019 8:00,0,0
7/15/2019 9:00,0,0
7/15/2019 10:00,0,1
7/15/2019 11:00,0,1
7/15/2019 12:00,0,0
7/15/2019 13:00,0,0
7/15/2019 14:00,0,0
7/15/2019 15:00,0,0
7/15/2019 16:00,0,0
7/15/2019 17:00,0,1
7/15/2019 18:00,0,0
7/15/2019 19:00,0,0
7/15/2019 20:00,0,0
7/15/2019 21:00,0,0
7/15/2019 22:00,0,1
7/15/2019 23:00,0,1
7/16/2019 0:00,0,0
7/16/2019 1:00,0,1
7/16/2019 2:00,0,1
7/16/2019 3:00,0,1
7/16/2019 4:00,0,0
7/16/2019 5:00,0,0
7/16/2019 6:00,0,0
7/16/2019 7:00,0,0
7/16/2019 8:00,0,0
7/16/2019 9:00,0,0
7/16/2019 10:00,0,1
7/16/2019 11:00,0,0
7/16/2019 12:00,0,0
7/16/2019 13:00,0,0
7/16/2019 14:00,0,0
7/16/2019 15:00,0,0
7/16/2019 16:00,0,0
7/16/2019 17:00,0,0
7/16/2019 18:00,0,0
7/16/2019 19:00,0,0
7/16/2019 20:00,0,0
7/16/2019 21:00,0,0
7/16/2019 22:00,0,0
7/16/2019 23:00,0,0
7/17/2019 0:00,0,1
7/17/2019 1:00,0,0
7/17/2019 2:00,0,1
7/17/2019 3:00,0,1
7/17/2019 4:00,0,1
7/17/2019 5:00,0,0
7/17/2019 6:00,0,0
7/17/2019 7:00,0,0
7/17/2019 8:00,0,0
7/17/2019 9:00,0,0
7/17/2019 10:00,0,0
7/17/2019 11:00,0,0
7/17/2019 12:00,0,0
7/17/2019 13:00,0,0
7/17/2019 14:00,0,0
7/17/2019 15:00,0,0
7/17/2019 16:00,0,0
7/17/2019 17:00,0,1
7/17/2019 18:00,0,0
7/17/2019 19:00,0,0
7/17/2019 20:00,0,0
7/17/2019 21:00,0,0
7/17/2019 22:00,0,0
7/17/2019 23:00,0,0
7/18/2019 0:00,0,0
7/18/2019 1:00,0,0
7/18/2019 2:00,0,0
7/18/2019 3:00,0,0
7/18/2019 4:00,0,1
7/18/2019 5:00,0,1
7/18/2019 6:00,0,0
7/18/2019 7:00,0,0
7/18/2019 8:00,0,0
7/18/2019 9:00,0,0
7/18/2019 10:00,0,0
7/18/2019 11:00,0,0
7/18/2019 12:00,0,0
7/18/2019 13:00,0,0
7/18/2019 14:00,0,0
7/18/2019 15:00,0,1
7/18/2019 16:00,0,0
7/18/2019 17:00,0,1
7/18/2019 18:00,0,0
7/18/2019 19:00,0,1
7/18/2019 20:00,0,0
7/18/2019 21:00,0,0
7/18/2019 22:00,0,0
7/18/2019 23:00,0,0
7/19/2019 0:00,0,1
7/19/2019 1:00,0,0
7/19/2019 2:00,0,0
7/19/2019 3:00,0,0
7/19/2019 4:00,0,1
7/19/2019 5:00,0,1
7/19/2019 6:00,0,1
7/19/2019 7:00,0,1
7/19/2019 8:00,0,1
7/19/2019 9:00,0,1
7/19/2019 10:00,0,0
7/19/2019 11:00,0,0
7/19/2019 12:00,0,0
7/19/2019 13:00,0,0
7/19/2019 14:00,0,0
7/19/2019 15:00,0,0
7/19/2019 16:00,0,0
7/19/2019 17:00,0,0
7/19/2019 18:00,0,0
7/19/2019 19:00,0,0
7/19/2019 20:00,0,0
7/19/2019 21:00,0,0
7/19/2019 22:00,0,1
7/19/2019 23:00,0,0
7/20/2019 0:00,0,0
7/20/2019 1:00,0,0
7/20/2019 2:00,0,0
7/20/2019 3:00,0,0
7/20/2019 4:00,0,1
7/20/2019 5:00,0,0
7/20/2019 6:00,0,0
7/20/2019 7:00,0,0
7/20/2019 8:00,0,1
7/20/2019 9:00,0,0
7/20/2019 10:00,0,1
7/20/2019 11:00,0,1
7/20/2019 12:00,0,0
7/20/2019 13:00,0,1
7/20/2019 14:00,0,1
7/20/2019 15:00,0,1
7/20/2019 16:00,0,0
7/20/2019 17:00,0,0
7/20/2019 18:00,0,1
7/20/2019 19:00,0,0
7/20/2019 20:00,0,0
7/20/2019 21:00,0,1
7/20/2019 22:00,0,1
7/20/2019 23:00,0,1
7/21/2019 0:00,0,0
7/21/2019 1:00,0,0
7/21/2019 2:00,0,0
7/21/2019 3:00,0,1
7/21/2019 4:00,0,1
7/21/2019 5:00,0,0
7/21/2019 6:00,0,0
7/21/2019 7:00,0,0
7/21/2019 8:00,0,1
7/21/2019 9:00,0,1
7/21/2019 10:00,0,0
7/21/2019 11:00,0,0
7/21/2019 12:00,0,0
7/21/2019 13:00,0,0
7/21/2019 14:00,0,0
7/21/2019 15:00,0,0
7/21/2019 16:00,0,0
7/21/2019 17:00,0,0
7/21/2019 18:00,0,0
7/21/2019 19:00,0,0
7/21/2019 20:00,0,0
7/21/2019 21:00,0,0
7/21/2019 22:00,0,1
7/21/2019 23:00,0,1
7/22/2019 0:00,0,1
7/22/2019 1:00,0,1
7/22/2019 2:00,0,1
7/22/2019 3:00,0,0
7/22/2019 4:00,0,1
7/22/2019 5:00,0,1
7/22/2019 6:00,0,0
7/22/2019 7:00,0,1
7/22/2019 8:00,0,1
7/22/2019 9:00,0,1
7/22/2019 10:00,0,1
7/22/2019 11:00,0,1
7/22/2019 12:00,0,1
7/22/2019 13:00,0,0
7/22/2019 14:00,0,0
7/22/2019 15:00,0,1
7/22/2019 16:00,0,0
7/22/2019 17:00,0,0
7/22/2019 18:00,0,0
7/22/2019 19:00,0,0
7/22/2019 20:00,0,0
7/22/2019 21:00,0,1
7/22/2019 22:00,0,0
7/22/2019 23:00,0,0
7/23/2019 0:00,0,1
7/23/2019 1:00,0,0
7/23/2019 2:00,0,0
7/23/2019 3:00,0,1
7/23/2019 4:00,0,1
7/23/2019 5:00,0,1
7/23/2019 6:00,0,0
7/23/2019 7:00,0,1
7/23/2019 8:00,0,0
7/23/2019 9:00,0,0
7/23/2019 10:00,0,0
7/23/2019 11:00,0,0
7/23/2019 12:00,0,1
7/23/2019 13:00,0,1
7/23/2019 14:00,0,0
7/23/2019 15:00,0,0
7/23/2019 16:00,0,0
7/23/2019 17:00,0,0
7/23/2019 18:00,0,0
7/23/2019 19:00,0,0
7/23/2019 20:00,0,1
7/23/2019 21:00,0,1
7/23/2019 22:00,0,1
7/23/2019 23:00,0,0
7/24/2019 0:00,0,0
7/24/2019 1:00,0,1
7/24/2019 2:00,0,0
7/24/2019 3:00,0,1
7/24/2019 4:00,0,1
7/24/2019 5:00,0,0
7/24/2019 6:00,0,1
7/24/2019 7:00,0,1
7/24/2019 8:00,0,0
7/24/2019 9:00,0,0
7/24/2019 10:00,0,0
7/24/2019 11:00,0,0
7/24/2019 12:00,0,0
7/24/2019 13:00,0,0
7/24/2019 14:00,0,0
7/24/2019 15:00,0,0
7/24/2019 16:00,0,0
7/24/2019 17:00,0,0
7/24/2019 18:00,0,0
7/24/2019 19:00,0,0
7/24/2019 20:00,0,0
7/24/2019 21:00,0,1
7/24/2019 22:00,0,1
7/24/2019 23:00,0,0
7/25/2019 0:00,0,1
7/25/2019 1:00,0,0
7/25/2019 2:00,0,0
7/25/2019 3:00,0,1
7/25/2019 4:00,0,1
7/25/2019 5:00,0,0
7/25/2019 6:00,0,0
7/25/2019 7:00,0,1
7/25/2019 8:00,0,1
7/25/2019 9:00,0,1
7/25/2019 10:00,0,0
7/25/2019 11:00,0,0
7/25/2019 12:00,0,0
7/25/2019 13:00,0,0
7/25/2019 14:00,0,0
7/25/2019 15:00,0,0
7/25/2019 16:00,0,0
7/25/2019 17:00,0,0
7/25/2019 18:00,0,0
7/25/2019 19:00,0,0
7/25/2019 20:00,0,0
7/25/2019 21:00,0,0
7/25/2019 22:00,0,0
7/25/2019 23:00,0,0
7/26/2019 0:00,0,0
7/26/2019 1:00,0,1
7/26/2019 2:00,0,1
7/26/2019 3:00,0,1
7/26/2019 4:00,0,1
7/26/2019 5:00,0,1
7/26/2019 6:00,0,1
7/26/2019 7:00,0,1
7/26/2019 8:00,0,1
7/26/2019 9:00,0,1
7/26/2019 10:00,0,0
7/26/2019 11:00,0,0
7/26/2019 12:00,0,0
7/26/2019 13:00,0,0
7/26/2019 14:00,0,0
7/26/2019 15:00,0,1
7/26/2019 16:00,0,0
7/26/2019 17:00,0,0
7/26/2019 18:00,0,0
7/26/2019 19:00,0,0
7/26/2019 20:00,0,0
7/26/2019 21:00,0,0
7/26/2019 22:00,0,0
7/26/2019 23:00,0,1
7/27/2019 0:00,0,1
7/27/2019 1:00,0,1
7/27/2019 2:00,0,1
7/27/2019 3:00,0,1
7/27/2019 4:00,0,1
7/27/2019 5:00,0,0
7/27/2019 6:00,0,1
7/27/2019 7:00,0,0
7/27/2019 8:00,0,1
7/27/2019 9:00,0,1
7/27/2019 10:00,0,0
7/27/2019 11:00,0,0
7/27/2019 12:00,0,0
7/27/2019 13:00,0,0
7/27/2019 14:00,0,0
7/27/2019 15:00,0,0
7/27/2019 16:00,0,0
7/27/2019 17:00,0,0
7/27/2019 18:00,0,0
7/27/2019 19:00,0,0
7/27/2019 20:00,0,0
7/27/2019 21:00,0,0
7/27/2019 22:00,0,0
7/27/2019 23:00,0,0
7/28/2019 0:00,0,0
7/28/2019 1:00,0,0
7/28/2019 2:00,0,1
7/28/2019 3:00,0,0
7/28/2019 4:00,0,1
7/28/2019 5:00,0,1
7/28/2019 6:00,0,1
7/28/2019 7:00,0,1
7/28/2019 8:00,0,1
7/28/2019 9:00,0,1
7/28/2019 10:00,0,1
7/28/2019 11:00,0,0
7/28/2019 12:00,0,0
7/28/2019 13:00,0,0
7/28/2019 14:00,0,1
7/28/2019 15:00,0,1
7/28/2019 16:00,0,1
7/28/2019 17:00,0,1
7/28/2019 18:00,0,0
7/28/2019 19:00,0,0
7/28/2019 20:00,0,0
7/28/2019 21:00,0,0
7/28/2019 22:00,0,0
7/28/2019 23:00,0,0
7/29/2019 0:00,0,1
7/29/2019 1:00,0,1
7/29/2019 2:00,0,1
7/29/2019 3:00,0,0
7/29/2019 4:00,0,1
7/29/2019 5:00,0,0
7/29/2019 6:00,0,1
7/29/2019 7:00,0,1
7/29/2019 8:00,0,1
7/29/2019 9:00,0,1
7/29/2019 10:00,0,0
7/29/2019 11:00,0,0
7/29/2019 12:00,0,0
7/29/2019 13:00,0,0
7/29/2019 14:00,0,0
7/29/2019 15:00,0,0
7/29/2019 16:00,0,0
7/29/2019 17:00,0,0
7/29/2019 18:00,0,0
7/29/2019 19:00,0,0
7/29/2019 20:00,0,0
7/29/2019 21:00,0,0
7/29/2019 22:00,0,0
7/29/2019 23:00,0,0
7/30/2019 0:00,0,0
7/30/2019 1:00,0,1
7/30/2019 2:00,0,1
7/30/2019 3:00,0,1
7/30/2019 4:00,0,1
7/30/2019 5:00,0,1
7/30/2019 6:00,0,1
7/30/2019 7:00,0,1
7/30/2019 8:00,0,0
7/30/2019 9:00,0,0
7/30/2019 10:00,0,0
7/30/2019 11:00,0,0
7/30/2019 12:00,0,0
7/30/2019 13:00,0,0
7/30/2019 14:00,0,0
7/30/2019 15:00,0,0
7/30/2019 16:00,0,0
7/30/2019 17:00,0,0
7/30/2019 18:00,0,1
7/30/2019 19:00,0,1
7/30/2019 20:00,0,1
7/30/2019 21:00,0,0
7/30/2019 22:00,0,0
7/30/2019 23:00,0,1
7/31/2019 0:00,0,1
7/31/2019 1:00,0,1
7/31/2019 2:00,0,1
7/31/2019 3:00,0,1
7/31/2019 4:00,0,1
7/31/2019 5:00,0,0
7/31/2019 6:00,0,1
7/31/2019 7:00,0,0
7/31/2019 8:00,0,0
7/31/2019 9:00,0,1
7/31/2019 10:00,0,0
7/31/2019 11:00,0,0
7/31/2019 12:00,0,0
7/31/2019 13:00,0,0
7/31/2019 14:00,0,1
7/31/2019 15:00,0,1
7/31/2019 16:00,0,1
7/31/2019 17:00,0,0
7/31/2019 18:00,0,0
7/31/2019 19:00,0,0
7/31/2019 20:00,0,1
7/31/2019 21:00,0,0
7/31/2019 22:00,0,1
7/31/2019 23:00,0,1
8/1/2019 0:00,0,1
8/1/2019 1:00,0,1
8/1/2019 2:00,0,1
8/1/2019 3:00,0,1
8/1/2019 4:00,0,1
8/1/2019 5:00,0,1
8/1/2019 6:00,0,1
8/1/2019 7:00,0,1
8/1/2019 8:00,0,1
8/1/2019 9:00,0,0
8/1/2019 10:00,0,1
8/1/2019 11:00,0,0
8/1/2019 12:00,0,0
8/1/2019 13:00,0,0
8/1/2019 14:00,0,0
8/1/2019 15:00,0,0
8/1/2019 16:00,0,0
8/1/2019 17:00,0,0
8/1/2019 18:00,0,0
8/1/2019 19:00,0,0
8/1/2019 20:00,0,0
8/1/2019 21:00,0,0
8/1/2019 22:00,0,0
8/1/2019 23:00,0,0
8/2/2019 0:00,0,0
8/2/2019 1:00,0,0
8/2/2019 2:00,0,1
8/2/2019 3:00,0,1
8/2/2019 4:00,0,1
8/2/2019 5:00,0,1
8/2/2019 6:00,0,1
8/2/2019 7:00,0,1
8/2/2019 8:00,0,0
8/2/2019 9:00,0,0
8/2/2019 10:00,0,0
8/2/2019 11:00,0,0
8/2/2019 12:00,0,0
8/2/2019 13:00,0,0
8/2/2019 14:00,0,0
8/2/2019 15:00,0,0
8/2/2019 16:00,0,0
8/2/2019 17:00,0,0
8/2/2019 18:00,0,0
8/2/2019 19:00,0,0
8/2/2019 20:00,0,0
8/2/2019 21:00,0,0
8/2/2019 22:00,0,0
8/2/2019 23:00,0,0
8/3/2019 0:00,0,0
8/3/2019 1:00,0,1
8/3/2019 2:00,0,0
8/3/2019 3:00,0,1
8/3/2019 4:00,0,1
8/3/2019 5:00,0,1
8/3/2019 6:00,0,1
8/3/2019 7:00,0,1
8/3/2019 8:00,0,1
8/3/2019 9:00,0,1
8/3/2019 10:00,0,1
8/3/2019 11:00,0,0
8/3/2019 12:00,0,0
8/3/2019 13:00,0,0
8/3/2019 14:00,0,0
8/3/2019 15:00,0,0
8/3/2019 16:00,0,1
8/3/2019 17:00,0,0
8/3/2019 18:00,0,0
8/3/2019 19:00,0,0
8/3/2019 20:00,0,0
8/3/2019 21:00,0,0
8/3/2019 22:00,0,0
8/3/2019 23:00,0,1
8/4/2019 0:00,0,1
8/4/2019 1:00,0,1
8/4/2019 2:00,0,1
8/4/2019 3:00,0,1
8/4/2019 4:00,0,1
8/4/2019 5:00,0,1
8/4/2019 6:00,0,1
8/4/2019 7:00,0,0
8/4/2019 8:00,0,1
8/4/2019 9:00,0,1
8/4/2019 10:00,0,1
8/4/2019 11:00,0,1
8/4/2019 12:00,0,1
8/4/2019 13:00,0,0
8/4/2019 14:00,0,0
8/4/2019 15:00,0,0
8/4/2019 16:00,0,1
8/4/2019 17:00,0,1
8/4/2019 18:00,0,0
8/4/2019 19:00,0,1
8/4/2019 20:00,0,1
8/4/2019 21:00,0,0
8/4/2019 22:00,0,0
8/4/2019 23:00,0,0
8/5/2019 0:00,0,0
8/5/2019 1:00,0,1
8/5/2019 2:00,0,1
8/5/2019 3:00,0,1
8/5/2019 4:00,0,1
8/5/2019 5:00,0,1
8/5/2019 6:00,0,1
8/5/2019 7:00,0,1
8/5/2019 8:00,0,1
8/5/2019 9:00,0,1
8/5/2019 10:00,0,1
8/5/2019 11:00,0,1
8/5/2019 12:00,0,0
8/5/2019 13:00,0,0
8/5/2019 14:00,0,0
8/5/2019 15:00,0,0
8/5/2019 16:00,0,0
8/5/2019 17:00,0,0
8/5/2019 18:00,0,0
8/5/2019 19:00,0,0
8/5/2019 20:00,0,0
8/5/2019 21:00,0,0
8/5/2019 22:00,0,0
8/5/2019 23:00,0,1
8/6/2019 0:00,0,0
8/6/2019 1:00,0,1
8/6/2019 2:00,0,1
8/6/2019 3:00,0,1
8/6/2019 4:00,0,1
8/6/2019 5:00,0,1
8/6/2019 6:00,0,1
8/6/2019 7:00,0,1
8/6/2019 8:00,0,1
8/6/2019 9:00,0,1
8/6/2019 10:00,0,1
8/6/2019 11:00,0,0
8/6/2019 12:00,0,0
8/6/2019 13:00,0,0
8/6/2019 14:00,0,1
8/6/2019 15:00,0,1
8/6/2019 16:00,0,0
8/6/2019 17:00,0,0
8/6/2019 18:00,0,0
8/6/2019 19:00,0,0
8/6/2019 20:00,0,0
8/6/2019 21:00,0,0
8/6/2019 22:00,0,0
8/6/2019 23:00,0,1
8/7/2019 0:00,0,0
8/7/2019 1:00,0,1
8/7/2019 2:00,0,1
8/7/2019 3:00,0,1
8/7/2019 4:00,0,1
8/7/2019 5:00,0,1
8/7/2019 6:00,0,1
8/7/2019 7:00,0,1
8/7/2019 8:00,0,1
8/7/2019 9:00,0,0
8/7/2019 10:00,0,1
8/7/2019 11:00,0,1
8/7/2019 12:00,0,0
8/7/2019 13:00,0,0
8/7/2019 14:00,0,0
8/7/2019 15:00,0,0
8/7/2019 16:00,0,0
8/7/2019 17:00,0,0
8/7/2019 18:00,0,0
8/7/2019 19:00,0,0
8/7/2019 20:00,0,0
8/7/2019 21:00,0,0
8/7/2019 22:00,0,0
8/7/2019 23:00,0,0
8/8/2019 0:00,0,0
8/8/2019 1:00,0,0
8/8/2019 2:00,0,1
8/8/2019 3:00,0,1
8/8/2019 4:00,0,1
8/8/2019 5:00,0,1
8/8/2019 6:00,0,1
8/8/2019 7:00,0,1
8/8/2019 8:00,0,1
8/8/2019 9:00,0,1
8/8/2019 10:00,0,1
8/8/2019 11:00,0,1
8/8/2019 12:00,0,1
8/8/2019 13:00,0,0
8/8/2019 14:00,0,0
8/8/2019 15:00,0,1
8/8/2019 16:00,0,0
8/8/2019 17:00,0,0
8/8/2019 18:00,0,0
8/8/2019 19:00,0,1
8/8/2019 20:00,0,0
8/8/2019 21:00,0,0
8/8/2019 22:00,0,0
8/8/2019 23:00,0,0
8/9/2019 0:00,0,1
8/9/2019 1:00,0,0
8/9/2019 2:00,0,0
8/9/2019 3:00,0,1
8/9/2019 4:00,0,1
8/9/2019 5:00,0,1
8/9/2019 6:00,0,0
8/9/2019 7:00,0,1
8/9/2019 8:00,0,1
8/9/2019 9:00,0,1
8/9/2019 10:00,0,1
8/9/2019 11:00,0,0
8/9/2019 12:00,0,1
8/9/2019 13:00,0,0
8/9/2019 14:00,0,0
8/9/2019 15:00,0,0
8/9/2019 16:00,0,0
8/9/2019 17:00,0,0
8/9/2019 18:00,0,1
8/9/2019 19:00,0,0
8/9/2019 20:00,0,0
8/9/2019 21:00,0,0
8/9/2019 22:00,0,0
8/9/2019 23:00,0,0
8/10/2019 0:00,0,1
8/10/2019 1:00,0,1
8/10/2019 2:00,0,1
8/10/2019 3:00,0,1
8/10/2019 4:00,0,1
8/10/2019 5:00,0,1
8/10/2019 6:00,0,1
8/10/2019 7:00,0,1
8/10/2019 8:00,0,1
8/10/2019 9:00,0,1
8/10/2019 10:00,0,1
8/10/2019 11:00,0,1
8/10/2019 12:00,0,1
8/10/2019 13:00,0,0
8/10/2019 14:00,0,0
8/10/2019 15:00,0,0
8/10/2019 16:00,0,0
8/10/2019 17:00,0,0
8/10/2019 18:00,0,0
8/10/2019 19:00,0,0
8/10/2019 20:00,0,0
8/10/2019 21:00,0,0
8/10/2019 22:00,0,0
8/10/2019 23:00,0,0
8/11/2019 0:00,0,0
8/11/2019 1:00,0,0
8/11/2019 2:00,0,0
8/11/2019 3:00,0,1
8/11/2019 4:00,0,1
8/11/2019 5:00,0,0
8/11/2019 6:00,0,1
8/11/2019 7:00,0,0
8/11/2019 8:00,0,1
8/11/2019 9:00,0,0
8/11/2019 10:00,0,1
8/11/2019 11:00,0,1
8/11/2019 12:00,0,0
8/11/2019 13:00,0,1
8/11/2019 14:00,0,0
8/11/2019 15:00,0,0
8/11/2019 16:00,0,1
8/11/2019 17:00,0,0
8/11/2019 18:00,0,0
8/11/2019 19:00,0,0
8/11/2019 20:00,0,0
8/11/2019 21:00,0,0
8/11/2019 22:00,0,0
8/11/2019 23:00,0,0
8/12/2019 0:00,0,1
8/12/2019 1:00,0,0
8/12/2019 2:00,0,1
8/12/2019 3:00,0,1
8/12/2019 4:00,0,1
8/12/2019 5:00,0,1
8/12/2019 6:00,0,1
8/12/2019 7:00,0,1
8/12/2019 8:00,0,1
8/12/2019 9:00,0,0
8/12/2019 10:00,0,1
8/12/2019 11:00,0,1
8/12/2019 12:00,0,0
8/12/2019 13:00,0,1
8/12/2019 14:00,0,1
8/12/2019 15:00,0,0
8/12/2019 16:00,0,0
8/12/2019 17:00,0,0
8/12/2019 18:00,0,0
8/12/2019 19:00,0,0
8/12/2019 20:00,0,0
8/12/2019 21:00,0,0
8/12/2019 22:00,0,1
8/12/2019 23:00,0,0
8/13/2019 0:00,0,0
8/13/2019 1:00,0,0
8/13/2019 2:00,0,1
8/13/2019 3:00,0,1
8/13/2019 4:00,0,0
8/13/2019 5:00,0,1
8/13/2019 6:00,0,1
8/13/2019 7:00,0,0
8/13/2019 8:00,0,0
8/13/2019 9:00,0,0
8/13/2019 10:00,0,1
8/13/2019 11:00,0,0
8/13/2019 12:00,0,0
8/13/2019 13:00,0,0
8/13/2019 14:00,0,0
8/13/2019 15:00,0,0
8/13/2019 16:00,0,0
8/13/2019 17:00,0,0
8/13/2019 18:00,0,0
8/13/2019 19:00,0,0
8/13/2019 20:00,0,0
8/13/2019 21:00,0,0
8/13/2019 22:00,0,1
8/13/2019 23:00,0,0
8/14/2019 0:00,0,0
8/14/2019 1:00,0,0
8/14/2019 2:00,0,1
8/14/2019 3:00,0,1
8/14/2019 4:00,0,1
8/14/2019 5:00,0,1
8/14/2019 6:00,0,0
8/14/2019 7:00,0,1
8/14/2019 8:00,0,1
8/14/2019 9:00,0,1
8/14/2019 10:00,0,0
8/14/2019 11:00,0,0
8/14/2019 12:00,0,0
8/14/2019 13:00,0,0
8/14/2019 14:00,0,0
8/14/2019 15:00,0,0
8/14/2019 16:00,0,0
8/14/2019 17:00,0,0
8/14/2019 18:00,0,0
8/14/2019 19:00,0,0
8/14/2019 20:00,0,0
8/14/2019 21:00,0,0
8/14/2019 22:00,0,1
8/14/2019 23:00,0,0
8/15/2019 0:00,0,1
8/15/2019 1:00,0,1
8/15/2019 2:00,0,1
8/15/2019 3:00,0,1
8/15/2019 4:00,0,1
8/15/2019 5:00,0,1
8/15/2019 6:00,0,1
8/15/2019 7:00,0,1
8/15/2019 8:00,0,1
8/15/2019 9:00,0,1
8/15/2019 10:00,0,1
8/15/2019 11:00,0,1
8/15/2019 12:00,0,0
8/15/2019 13:00,0,0
8/15/2019 14:00,0,0
8/15/2019 15:00,0,0
8/15/2019 16:00,0,0
8/15/2019 17:00,0,1
8/15/2019 18:00,0,1
8/15/2019 19:00,0,0
8/15/2019 20:00,0,0
8/15/2019 21:00,0,0
8/15/2019 22:00,0,1
8/15/2019 23:00,0,0
8/16/2019 0:00,0,0
8/16/2019 1:00,0,1
8/16/2019 2:00,0,1
8/16/2019 3:00,0,1
8/16/2019 4:00,0,1
8/16/2019 5:00,0,1
8/16/2019 6:00,0,1
8/16/2019 7:00,0,1
8/16/2019 8:00,0,1
8/16/2019 9:00,0,0
8/16/2019 10:00,0,1
8/16/2019 11:00,0,0
8/16/2019 12:00,0,0
8/16/2019 13:00,0,0
8/16/2019 14:00,0,1
8/16/2019 15:00,0,0
8/16/2019 16:00,0,0
8/16/2019 17:00,0,0
8/16/2019 18:00,0,0
8/16/2019 19:00,0,0
8/16/2019 20:00,0,0
8/16/2019 21:00,0,0
8/16/2019 22:00,0,0
8/16/2019 23:00,0,1
8/17/2019 0:00,0,0
8/17/2019 1:00,0,1
8/17/2019 2:00,0,0
8/17/2019 3:00,0,1
8/17/2019 4:00,0,1
8/17/2019 5:00,0,1
8/17/2019 6:00,0,1
8/17/2019 7:00,0,0
8/17/2019 8:00,0,1
8/17/2019 9:00,0,1
8/17/2019 10:00,0,1
8/17/2019 11:00,0,1
8/17/2019 12:00,0,0
8/17/2019 13:00,0,0
8/17/2019 14:00,0,0
8/17/2019 15:00,0,0
8/17/2019 16:00,0,0
8/17/2019 17:00,0,0
8/17/2019 18:00,0,0
8/17/2019 19:00,0,0
8/17/2019 20:00,0,0
8/17/2019 21:00,0,0
8/17/2019 22:00,0,0
8/17/2019 23:00,0,0
8/18/2019 0:00,0,1
8/18/2019 1:00,0,1
8/18/2019 2:00,0,0
8/18/2019 3:00,0,1
8/18/2019 4:00,0,1
8/18/2019 5:00,0,1
8/18/2019 6:00,0,0
8/18/2019 7:00,0,1
8/18/2019 8:00,0,1
8/18/2019 9:00,0,1
8/18/2019 10:00,0,1
8/18/2019 11:00,0,0
8/18/2019 12:00,0,0
8/18/2019 13:00,0,0
8/18/2019 14:00,0,1
8/18/2019 15:00,0,0
8/18/2019 16:00,0,0
8/18/2019 17:00,0,0
8/18/2019 18:00,0,0
8/18/2019 19:00,0,0
8/18/2019 20:00,0,0
8/18/2019 21:00,0,0
8/18/2019 22:00,0,0
8/18/2019 23:00,0,1
8/19/2019 0:00,0,1
8/19/2019 1:00,0,1
8/19/2019 2:00,0,0
8/19/2019 3:00,0,1
8/19/2019 4:00,0,1
8/19/2019 5:00,0,1
8/19/2019 6:00,0,1
8/19/2019 7:00,0,1
8/19/2019 8:00,0,1
8/19/2019 9:00,0,0
8/19/2019 10:00,0,1
8/19/2019 11:00,0,0
8/19/2019 12:00,0,1
8/19/2019 13:00,0,0
8/19/2019 14:00,0,0
8/19/2019 15:00,0,0
8/19/2019 16:00,0,0
8/19/2019 17:00,0,0
8/19/2019 18:00,0,0
8/19/2019 19:00,0,0
8/19/2019 20:00,0,0
8/19/2019 21:00,0,0
8/19/2019 22:00,0,0
8/19/2019 23:00,0,0
8/20/2019 0:00,0,0
8/20/2019 1:00,0,0
8/20/2019 2:00,0,0
8/20/2019 3:00,0,1
8/20/2019 4:00,0,1
8/20/2019 5:00,0,1
8/20/2019 6:00,0,1
8/20/2019 7:00,0,1
8/20/2019 8:00,0,1
8/20/2019 9:00,0,1
8/20/2019 10:00,0,1
8/20/2019 11:00,0,1
8/20/2019 12:00,0,1
8/20/2019 13:00,0,0
8/20/2019 14:00,0,0
8/20/2019 15:00,0,0
8/20/2019 16:00,0,0
8/20/2019 17:00,0,0
8/20/2019 18:00,0,1
8/20/2019 19:00,0,1
8/20/2019 20:00,0,1
8/20/2019 21:00,0,0
8/20/2019 22:00,0,0
8/20/2019 23:00,0,0
8/21/2019 0:00,0,1
8/21/2019 1:00,0,1
8/21/2019 2:00,0,1
8/21/2019 3:00,0,1
8/21/2019 4:00,0,1
8/21/2019 5:00,0,1
8/21/2019 6:00,0,1
8/21/2019 7:00,0,1
8/21/2019 8:00,0,1
8/21/2019 9:00,0,1
8/21/2019 10:00,0,1
8/21/2019 11:00,0,1
8/21/2019 12:00,0,0
8/21/2019 13:00,0,0
8/21/2019 14:00,0,0
8/21/2019 15:00,0,0
8/21/2019 16:00,0,0
8/21/2019 17:00,0,1
8/21/2019 18:00,0,1
8/21/2019 19:00,0,1
8/21/2019 20:00,0,1
8/21/2019 21:00,0,0
8/21/2019 22:00,0,0
8/21/2019 23:00,0,0
8/22/2019 0:00,0,1
8/22/2019 1:00,0,1
8/22/2019 2:00,0,1
8/22/2019 3:00,0,1
8/22/2019 4:00,0,1
8/22/2019 5:00,0,1
8/22/2019 6:00,0,1
8/22/2019 7:00,0,1
8/22/2019 8:00,0,1
8/22/2019 9:00,0,1
8/22/2019 10:00,0,1
8/22/2019 11:00,0,1
8/22/2019 12:00,0,1
8/22/2019 13:00,0,1
8/22/2019 14:00,0,0
8/22/2019 15:00,0,0
8/22/2019 16:00,0,0
8/22/2019 17:00,0,0
8/22/2019 18:00,0,0
8/22/2019 19:00,0,1
8/22/2019 20:00,0,1
8/22/2019 21:00,0,1
8/22/2019 22:00,0,1
8/22/2019 23:00,0,1
8/23/2019 0:00,0,1
8/23/2019 1:00,0,1
8/23/2019 2:00,0,0
8/23/2019 3:00,0,1
8/23/2019 4:00,0,1
8/23/2019 5:00,0,0
8/23/2019 6:00,0,1
8/23/2019 7:00,0,1
8/23/2019 8:00,0,1
8/23/2019 9:00,0,1
8/23/2019 10:00,0,1
8/23/2019 11:00,0,0
8/23/2019 12:00,0,1
8/23/2019 13:00,0,1
8/23/2019 14:00,0,1
8/23/2019 15:00,0,0
8/23/2019 16:00,0,1
8/23/2019 17:00,0,1
8/23/2019 18:00,0,0
8/23/2019 19:00,0,1
8/23/2019 20:00,0,1
8/23/2019 21:00,0,1
8/23/2019 22:00,0,0
8/23/2019 23:00,0,1
8/24/2019 0:00,0,1
8/24/2019 1:00,0,1
8/24/2019 2:00,0,1
8/24/2019 3:00,0,1
8/24/2019 4:00,0,1
8/24/2019 5:00,0,1
8/24/2019 6:00,0,1
8/24/2019 7:00,0,1
8/24/2019 8:00,0,1
8/24/2019 9:00,0,1
8/24/2019 10:00,0,1
8/24/2019 11:00,0,1
8/24/2019 12:00,0,1
8/24/2019 13:00,0,0
8/24/2019 14:00,0,0
8/24/2019 15:00,0,1
8/24/2019 16:00,0,1
8/24/2019 17:00,0,1
8/24/2019 18:00,0,1
8/24/2019 19:00,0,1
8/24/2019 20:00,0,1
8/24/2019 21:00,0,1
8/24/2019 22:00,0,1
8/24/2019 23:00,0,1
8/25/2019 0:00,0,0
8/25/2019 1:00,0,1
8/25/2019 2:00,0,1
8/25/2019 3:00,0,1
8/25/2019 4:00,0,1
8/25/2019 5:00,0,1
8/25/2019 6:00,0,0
8/25/2019 7:00,0,1
8/25/2019 8:00,0,1
8/25/2019 9:00,0,1
8/25/2019 10:00,0,1
8/25/2019 11:00,0,1
8/25/2019 12:00,0,1
8/25/2019 13:00,0,1
8/25/2019 14:00,0,1
8/25/2019 15:00,0,1
8/25/2019 16:00,0,0
8/25/2019 17:00,0,0
8/25/2019 18:00,0,0
8/25/2019 19:00,0,0
8/25/2019 20:00,0,1
8/25/2019 21:00,0,0
8/25/2019 22:00,0,0
8/25/2019 23:00,0,1
8/26/2019 0:00,0,1
8/26/2019 1:00,0,1
8/26/2019 2:00,0,0
8/26/2019 3:00,0,1
8/26/2019 4:00,0,1
8/26/2019 5:00,0,1
8/26/2019 6:00,0,1
8/26/2019 7:00,0,1
8/26/2019 8:00,0,1
8/26/2019 9:00,0,1
8/26/2019 10:00,0,1
8/26/2019 11:00,0,0
8/26/2019 12:00,0,1
8/26/2019 13:00,0,1
8/26/2019 14:00,0,0
8/26/2019 15:00,0,1
8/26/2019 16:00,0,1
8/26/2019 17:00,0,1
8/26/2019 18:00,0,0
8/26/2019 19:00,0,0
8/26/2019 20:00,0,0
8/26/2019 21:00,0,1
8/26/2019 22:00,1,0
8/26/2019 23:00,1,0
8/27/2019 0:00,0,1
8/27/2019 1:00,0,1
8/27/2019 2:00,0,1
8/27/2019 3:00,0,0
8/27/2019 4:00,0,0
8/27/2019 5:00,0,1
8/27/2019 6:00,0,1
8/27/2019 7:00,0,1
8/27/2019 8:00,0,1
8/27/2019 9:00,0,1
8/27/2019 10:00,0,1
8/27/2019 11:00,0,0
8/27/2019 12:00,0,1
8/27/2019 13:00,0,1
8/27/2019 14:00,0,1
8/27/2019 15:00,0,1
8/27/2019 16:00,0,1
8/27/2019 17:00,0,1
8/27/2019 18:00,0,1
8/27/2019 19:00,0,1
8/27/2019 20:00,0,0
8/27/2019 21:00,0,0
8/27/2019 22:00,0,0
8/27/2019 23:00,0,0
8/28/2019 0:00,0,1
8/28/2019 1:00,0,0
8/28/2019 2:00,0,0
8/28/2019 3:00,0,1
8/28/2019 4:00,0,1
8/28/2019 5:00,0,1
8/28/2019 6:00,0,1
8/28/2019 7:00,0,0
8/28/2019 8:00,0,1
8/28/2019 9:00,0,1
8/28/2019 10:00,0,1
8/28/2019 11:00,0,1
8/28/2019 12:00,0,0
8/28/2019 13:00,0,0
8/28/2019 14:00,0,1
8/28/2019 15:00,0,1
8/28/2019 16:00,0,0
8/28/2019 17:00,0,0
8/28/2019 18:00,0,1
8/28/2019 19:00,0,1
8/28/2019 20:00,0,0
8/28/2019 21:00,0,0
8/28/2019 22:00,0,0
8/28/2019 23:00,0,1
8/29/2019 0:00,0,1
8/29/2019 1:00,0,1
8/29/2019 2:00,1,1
8/29/2019 3:00,0,1
8/29/2019 4:00,0,1
8/29/2019 5:00,0,1
8/29/2019 6:00,0,1
8/29/2019 7:00,0,1
8/29/2019 8:00,0,1
8/29/2019 9:00,0,1
8/29/2019 10:00,0,1
8/29/2019 11:00,0,1
8/29/2019 12:00,0,1
8/29/2019 13:00,0,0
8/29/2019 14:00,0,0
8/29/2019 15:00,0,0
8/29/2019 16:00,0,1
8/29/2019 17:00,0,0
8/29/2019 18:00,0,0
8/29/2019 19:00,0,0
8/29/2019 20:00,0,0
8/29/2019 21:00,0,0
8/29/2019 22:00,0,1
8/29/2019 23:00,0,0
8/30/2019 0:00,1,1
8/30/2019 1:00,0,1
8/30/2019 2:00,0,1
8/30/2019 3:00,0,1
8/30/2019 4:00,0,1
8/30/2019 5:00,0,1
8/30/2019 6:00,0,1
8/30/2019 7:00,0,1
8/30/2019 8:00,0,1
8/30/2019 9:00,0,1
8/30/2019 10:00,0,1
8/30/2019 11:00,0,1
8/30/2019 12:00,0,1
8/30/2019 13:00,0,0
8/30/2019 14:00,0,0
8/30/2019 15:00,0,0
8/30/2019 16:00,0,1
8/30/2019 17:00,0,1
8/30/2019 18:00,0,0
8/30/2019 19:00,0,0
8/30/2019 20:00,0,1
8/30/2019 21:00,0,0
8/30/2019 22:00,0,0
8/30/2019 23:00,0,0
8/31/2019 0:00,0,1
8/31/2019 1:00,0,1
8/31/2019 2:00,0,1
8/31/2019 3:00,0,1
8/31/2019 4:00,0,1
8/31/2019 5:00,0,1
8/31/2019 6:00,0,1
8/31/2019 7:00,0,1
8/31/2019 8:00,0,1
8/31/2019 9:00,0,0
8/31/2019 10:00,0,1
8/31/2019 11:00,0,0
8/31/2019 12:00,0,0
8/31/2019 13:00,0,0
8/31/2019 14:00,0,0
8/31/2019 15:00,0,0
8/31/2019 16:00,0,1
8/31/2019 17:00,0,0
8/31/2019 18:00,0,0
8/31/2019 19:00,0,0
8/31/2019 20:00,0,0
8/31/2019 21:00,0,0
8/31/2019 22:00,0,0
8/31/2019 23:00,0,1
9/1/2019 0:00,0,0
9/1/2019 1:00,0,1
9/1/2019 2:00,0,0
9/1/2019 3:00,0,1
9/1/2019 4:00,0,1
9/1/2019 5:00,0,1
9/1/2019 6:00,0,1
9/1/2019 7:00,0,1
9/1/2019 8:00,0,1
9/1/2019 9:00,0,1
9/1/2019 10:00,0,1
9/1/2019 11:00,0,1
9/1/2019 12:00,0,0
9/1/2019 13:00,0,0
9/1/2019 14:00,0,0
9/1/2019 15:00,0,0
9/1/2019 16:00,0,0
9/1/2019 17:00,0,0
9/1/2019 18:00,0,0
9/1/2019 19:00,0,0
9/1/2019 20:00,0,0
9/1/2019 21:00,0,1
9/1/2019 22:00,0,1
9/1/2019 23:00,0,0
9/2/2019 0:00,0,1
9/2/2019 1:00,0,1
9/2/2019 2:00,0,1
9/2/2019 3:00,0,1
9/2/2019 4:00,0,1
9/2/2019 5:00,0,1
9/2/2019 6:00,0,1
9/2/2019 7:00,0,1
9/2/2019 8:00,0,1
9/2/2019 9:00,0,1
9/2/2019 10:00,0,1
9/2/2019 11:00,0,1
9/2/2019 12:00,0,0
9/2/2019 13:00,0,0
9/2/2019 14:00,0,1
9/2/2019 15:00,N/A,N/A
9/2/2019 16:00,N/A,N/A
9/2/2019 17:00,N/A,N/A
9/2/2019 18:00,N/A,N/A
9/2/2019 19:00,N/A,N/A
9/2/2019 20:00,N/A,N/A
9/2/2019 21:00,N/A,N/A
9/2/2019 22:00,N/A,N/A
9/2/2019 23:00,N/A,N/A
9/3/2019 0:00,N/A,N/A
9/3/2019 1:00,N/A,N/A
9/3/2019 2:00,N/A,N/A
9/3/2019 3:00,N/A,N/A
9/3/2019 4:00,N/A,N/A
9/3/2019 5:00,N/A,N/A
9/3/2019 6:00,N/A,N/A
9/3/2019 7:00,N/A,N/A
9/3/2019 8:00,N/A,N/A
9/3/2019 9:00,N/A,N/A
9/3/2019 10:00,N/A,N/A
9/3/2019 11:00,N/A,N/A
9/3/2019 12:00,N/A,N/A
9/3/2019 13:00,N/A,N/A
9/3/2019 14:00,N/A,N/A
9/3/2019 15:00,N/A,N/A
9/3/2019 16:00,N/A,N/A
9/3/2019 17:00,N/A,N/A
9/3/2019 18:00,N/A,N/A
9/3/2019 19:00,N/A,N/A
9/3/2019 20:00,N/A,N/A
9/3/2019 21:00,N/A,N/A
9/3/2019 22:00,N/A,N/A
9/3/2019 23:00,N/A,N/A
9/4/2019 0:00,N/A,N/A
9/4/2019 1:00,N/A,N/A
9/4/2019 2:00,N/A,N/A
9/4/2019 3:00,N/A,N/A
9/4/2019 4:00,N/A,N/A
9/4/2019 5:00,N/A,N/A
9/4/2019 6:00,N/A,N/A
9/4/2019 7:00,N/A,N/A
9/4/2019 8:00,N/A,N/A
9/4/2019 9:00,N/A,N/A
9/4/2019 10:00,N/A,N/A
9/4/2019 11:00,N/A,N/A
9/4/2019 12:00,N/A,N/A
9/4/2019 13:00,N/A,N/A
9/4/2019 14:00,N/A,N/A
9/4/2019 15:00,N/A,N/A
9/4/2019 16:00,N/A,N/A
9/4/2019 17:00,N/A,N/A
9/4/2019 18:00,N/A,N/A
9/4/2019 19:00,N/A,N/A
9/4/2019 20:00,N/A,N/A
9/4/2019 21:00,N/A,N/A
9/4/2019 22:00,N/A,N/A
9/4/2019 23:00,N/A,N/A
9/5/2019 0:00,N/A,N/A
9/5/2019 1:00,N/A,N/A
9/5/2019 2:00,N/A,N/A
9/5/2019 3:00,N/A,N/A
9/5/2019 4:00,N/A,N/A
9/5/2019 5:00,N/A,N/A
9/5/2019 6:00,N/A,N/A
9/5/2019 7:00,N/A,N/A
9/5/2019 8:00,N/A,N/A
9/5/2019 9:00,N/A,N/A
9/5/2019 10:00,N/A,N/A
9/5/2019 11:00,N/A,N/A
9/5/2019 12:00,N/A,N/A
9/5/2019 13:00,N/A,N/A
9/5/2019 14:00,N/A,N/A
9/5/2019 15:00,N/A,N/A
9/5/2019 16:00,N/A,N/A
9/5/2019 17:00,N/A,N/A
9/5/2019 18:00,N/A,N/A
9/5/2019 19:00,N/A,N/A
9/5/2019 20:00,N/A,N/A
9/5/2019 21:00,N/A,N/A
9/5/2019 22:00,N/A,N/A
9/5/2019 23:00,N/A,N/A
9/6/2019 0:00,N/A,N/A
9/6/2019 1:00,N/A,N/A
9/6/2019 2:00,N/A,N/A
9/6/2019 3:00,N/A,N/A
9/6/2019 4:00,N/A,N/A
9/6/2019 5:00,N/A,N/A
9/6/2019 6:00,N/A,N/A
9/6/2019 7:00,N/A,N/A
9/6/2019 8:00,N/A,N/A
9/6/2019 9:00,N/A,N/A
9/6/2019 10:00,N/A,N/A
9/6/2019 11:00,N/A,N/A
9/6/2019 12:00,N/A,N/A
9/6/2019 13:00,N/A,N/A
9/6/2019 14:00,N/A,N/A
9/6/2019 15:00,N/A,N/A
9/6/2019 16:00,N/A,N/A
9/6/2019 17:00,N/A,N/A
9/6/2019 18:00,N/A,N/A
9/6/2019 19:00,N/A,N/A
9/6/2019 20:00,N/A,N/A
9/6/2019 21:00,N/A,N/A
9/6/2019 22:00,N/A,N/A
9/6/2019 23:00,N/A,N/A
9/7/2019 0:00,N/A,N/A
9/7/2019 1:00,N/A,N/A
9/7/2019 2:00,N/A,N/A
9/7/2019 3:00,N/A,N/A
9/7/2019 4:00,N/A,N/A
9/7/2019 5:00,N/A,N/A
9/7/2019 6:00,N/A,N/A
9/7/2019 7:00,N/A,N/A
9/7/2019 8:00,N/A,N/A
9/7/2019 9:00,N/A,N/A
9/7/2019 10:00,N/A,N/A
9/7/2019 11:00,N/A,N/A
9/7/2019 12:00,N/A,N/A
9/7/2019 13:00,N/A,N/A
9/7/2019 14:00,N/A,N/A
9/7/2019 15:00,N/A,N/A
9/7/2019 16:00,N/A,N/A
9/7/2019 17:00,N/A,N/A
9/7/2019 18:00,N/A,N/A
9/7/2019 19:00,N/A,N/A
9/7/2019 20:00,N/A,N/A
9/7/2019 21:00,N/A,N/A
9/7/2019 22:00,N/A,N/A
9/7/2019 23:00,N/A,N/A
9/8/2019 0:00,N/A,N/A
9/8/2019 1:00,N/A,N/A
9/8/2019 2:00,N/A,N/A
9/8/2019 3:00,N/A,N/A
9/8/2019 4:00,N/A,N/A
9/8/2019 5:00,N/A,N/A
9/8/2019 6:00,N/A,N/A
9/8/2019 7:00,N/A,N/A
9/8/2019 8:00,N/A,N/A
9/8/2019 9:00,N/A,N/A
9/8/2019 10:00,N/A,N/A
9/8/2019 11:00,N/A,N/A
9/8/2019 12:00,N/A,N/A
9/8/2019 13:00,N/A,N/A
9/8/2019 14:00,N/A,N/A
9/8/2019 15:00,N/A,N/A
9/8/2019 16:00,N/A,N/A
9/8/2019 17:00,N/A,N/A
9/8/2019 18:00,N/A,N/A
9/8/2019 19:00,N/A,N/A
9/8/2019 20:00,N/A,N/A
9/8/2019 21:00,N/A,N/A
9/8/2019 22:00,N/A,N/A
9/8/2019 23:00,N/A,N/A
9/9/2019 0:00,N/A,N/A
9/9/2019 1:00,N/A,N/A
9/9/2019 2:00,N/A,N/A
9/9/2019 3:00,N/A,N/A
9/9/2019 4:00,N/A,N/A
9/9/2019 5:00,N/A,N/A
9/9/2019 6:00,N/A,N/A
9/9/2019 7:00,N/A,N/A
9/9/2019 8:00,N/A,N/A
9/9/2019 9:00,N/A,N/A
9/9/2019 10:00,N/A,N/A
9/9/2019 11:00,N/A,N/A
9/9/2019 12:00,N/A,N/A
9/9/2019 13:00,N/A,N/A
9/9/2019 14:00,N/A,N/A
9/9/2019 15:00,N/A,N/A
9/9/2019 16:00,N/A,N/A
9/9/2019 17:00,N/A,N/A
9/9/2019 18:00,N/A,N/A
9/9/2019 19:00,N/A,N/A
9/9/2019 20:00,N/A,N/A
9/9/2019 21:00,N/A,N/A
9/9/2019 22:00,N/A,N/A
9/9/2019 23:00,N/A,N/A
9/10/2019 0:00,N/A,N/A
9/10/2019 1:00,N/A,N/A
9/10/2019 2:00,N/A,N/A
9/10/2019 3:00,N/A,N/A
9/10/2019 4:00,N/A,N/A
9/10/2019 5:00,N/A,N/A
9/10/2019 6:00,N/A,N/A
9/10/2019 7:00,N/A,N/A
9/10/2019 8:00,N/A,N/A
9/10/2019 9:00,N/A,N/A
9/10/2019 10:00,N/A,N/A
9/10/2019 11:00,N/A,N/A
9/10/2019 12:00,N/A,N/A
9/10/2019 13:00,N/A,N/A
9/10/2019 14:00,N/A,N/A
9/10/2019 15:00,N/A,N/A
9/10/2019 16:00,N/A,N/A
9/10/2019 17:00,N/A,N/A
9/10/2019 18:00,N/A,N/A
9/10/2019 19:00,N/A,N/A
9/10/2019 20:00,N/A,N/A
9/10/2019 21:00,N/A,N/A
9/10/2019 22:00,N/A,N/A
9/10/2019 23:00,N/A,N/A
9/11/2019 0:00,N/A,N/A
9/11/2019 1:00,N/A,N/A
9/11/2019 2:00,N/A,N/A
9/11/2019 3:00,N/A,N/A
9/11/2019 4:00,N/A,N/A
9/11/2019 5:00,N/A,N/A
9/11/2019 6:00,N/A,N/A
9/11/2019 7:00,N/A,N/A
9/11/2019 8:00,N/A,N/A
9/11/2019 9:00,N/A,N/A
9/11/2019 10:00,N/A,N/A
9/11/2019 11:00,N/A,N/A
9/11/2019 12:00,N/A,N/A
9/11/2019 13:00,N/A,N/A
9/11/2019 14:00,N/A,N/A
9/11/2019 15:00,N/A,N/A
9/11/2019 16:00,N/A,N/A
9/11/2019 17:00,N/A,N/A
9/11/2019 18:00,N/A,N/A
9/11/2019 19:00,N/A,N/A
9/11/2019 20:00,N/A,N/A
9/11/2019 21:00,N/A,N/A
9/11/2019 22:00,N/A,N/A
9/11/2019 23:00,N/A,N/A
9/12/2019 0:00,N/A,N/A
9/12/2019 1:00,N/A,N/A
9/12/2019 2:00,N/A,N/A
9/12/2019 3:00,N/A,N/A
9/12/2019 4:00,N/A,N/A
9/12/2019 5:00,N/A,N/A
9/12/2019 6:00,N/A,N/A
9/12/2019 7:00,N/A,N/A
9/12/2019 8:00,N/A,N/A
9/12/2019 9:00,N/A,N/A
9/12/2019 10:00,N/A,N/A
9/12/2019 11:00,N/A,N/A
9/12/2019 12:00,N/A,N/A
9/12/2019 13:00,N/A,N/A
9/12/2019 14:00,N/A,N/A
9/12/2019 15:00,N/A,N/A
9/12/2019 16:00,N/A,N/A
9/12/2019 17:00,N/A,N/A
9/12/2019 18:00,N/A,N/A
9/12/2019 19:00,N/A,N/A
9/12/2019 20:00,N/A,N/A
9/12/2019 21:00,N/A,N/A
9/12/2019 22:00,N/A,N/A
9/12/2019 23:00,N/A,N/A
9/13/2019 0:00,N/A,N/A
9/13/2019 1:00,N/A,N/A
9/13/2019 2:00,N/A,N/A
9/13/2019 3:00,N/A,N/A
9/13/2019 4:00,N/A,N/A
9/13/2019 5:00,N/A,N/A
9/13/2019 6:00,N/A,N/A
9/13/2019 7:00,N/A,N/A
9/13/2019 8:00,N/A,N/A
9/13/2019 9:00,N/A,N/A
9/13/2019 10:00,N/A,N/A
9/13/2019 11:00,N/A,N/A
9/13/2019 12:00,N/A,N/A
9/13/2019 13:00,N/A,N/A
9/13/2019 14:00,N/A,N/A
9/13/2019 15:00,N/A,N/A
9/13/2019 16:00,N/A,N/A
9/13/2019 17:00,N/A,N/A
9/13/2019 18:00,N/A,N/A
9/13/2019 19:00,N/A,N/A
9/13/2019 20:00,N/A,N/A
9/13/2019 21:00,N/A,N/A
9/13/2019 22:00,N/A,N/A
9/13/2019 23:00,N/A,N/A
9/14/2019 0:00,N/A,N/A
9/14/2019 1:00,N/A,N/A
9/14/2019 2:00,N/A,N/A
9/14/2019 3:00,N/A,N/A
9/14/2019 4:00,N/A,N/A
9/14/2019 5:00,N/A,N/A
9/14/2019 6:00,N/A,N/A
9/14/2019 7:00,N/A,N/A
9/14/2019 8:00,N/A,N/A
9/14/2019 9:00,N/A,N/A
9/14/2019 10:00,N/A,N/A
9/14/2019 11:00,N/A,N/A
9/14/2019 12:00,N/A,N/A
9/14/2019 13:00,N/A,N/A
9/14/2019 14:00,N/A,N/A
9/14/2019 15:00,N/A,N/A
9/14/2019 16:00,N/A,N/A
9/14/2019 17:00,N/A,N/A
9/14/2019 18:00,N/A,N/A
9/14/2019 19:00,N/A,N/A
9/14/2019 20:00,N/A,N/A
9/14/2019 21:00,N/A,N/A
9/14/2019 22:00,N/A,N/A
9/14/2019 23:00,N/A,N/A
9/15/2019 0:00,N/A,N/A
9/15/2019 1:00,N/A,N/A
9/15/2019 2:00,N/A,N/A
9/15/2019 3:00,N/A,N/A
9/15/2019 4:00,N/A,N/A
9/15/2019 5:00,N/A,N/A
9/15/2019 6:00,N/A,N/A
9/15/2019 7:00,N/A,N/A
9/15/2019 8:00,N/A,N/A
9/15/2019 9:00,N/A,N/A
9/15/2019 10:00,N/A,N/A
9/15/2019 11:00,N/A,N/A
9/15/2019 12:00,N/A,N/A
9/15/2019 13:00,N/A,N/A
9/15/2019 14:00,N/A,N/A
9/15/2019 15:00,N/A,N/A
9/15/2019 16:00,N/A,N/A
9/15/2019 17:00,N/A,N/A
9/15/2019 18:00,N/A,N/A
9/15/2019 19:00,N/A,N/A
9/15/2019 20:00,N/A,N/A
9/15/2019 21:00,N/A,N/A
9/15/2019 22:00,N/A,N/A
9/15/2019 23:00,N/A,N/A
9/16/2019 0:00,N/A,N/A
9/16/2019 1:00,N/A,N/A
9/16/2019 2:00,N/A,N/A
9/16/2019 3:00,N/A,N/A
9/16/2019 4:00,N/A,N/A
9/16/2019 5:00,N/A,N/A
9/16/2019 6:00,N/A,N/A
9/16/2019 7:00,N/A,N/A
9/16/2019 8:00,N/A,N/A
9/16/2019 9:00,N/A,N/A
9/16/2019 10:00,N/A,N/A
9/16/2019 11:00,N/A,N/A
9/16/2019 12:00,N/A,N/A
9/16/2019 13:00,N/A,N/A
9/16/2019 14:00,N/A,N/A
9/16/2019 15:00,N/A,N/A
9/16/2019 16:00,N/A,N/A
9/16/2019 17:00,N/A,N/A
9/16/2019 18:00,N/A,N/A
9/16/2019 19:00,N/A,N/A
9/16/2019 20:00,N/A,N/A
9/16/2019 21:00,N/A,N/A
9/16/2019 22:00,N/A,N/A
9/16/2019 23:00,N/A,N/A
9/17/2019 0:00,N/A,N/A
9/17/2019 1:00,N/A,N/A
9/17/2019 2:00,N/A,N/A
9/17/2019 3:00,N/A,N/A
9/17/2019 4:00,N/A,N/A
9/17/2019 5:00,N/A,N/A
9/17/2019 6:00,N/A,N/A
9/17/2019 7:00,N/A,N/A
9/17/2019 8:00,N/A,N/A
9/17/2019 9:00,N/A,N/A
9/17/2019 10:00,N/A,N/A
9/17/2019 11:00,N/A,N/A
9/17/2019 12:00,N/A,N/A
9/17/2019 13:00,N/A,N/A
9/17/2019 14:00,N/A,N/A
9/17/2019 15:00,N/A,N/A
9/17/2019 16:00,N/A,N/A
9/17/2019 17:00,N/A,N/A
9/17/2019 18:00,N/A,N/A
9/17/2019 19:00,N/A,N/A
9/17/2019 20:00,N/A,N/A
9/17/2019 21:00,N/A,N/A
9/17/2019 22:00,N/A,N/A
9/17/2019 23:00,N/A,N/A
9/18/2019 0:00,N/A,N/A
9/18/2019 1:00,N/A,N/A
9/18/2019 2:00,N/A,N/A
9/18/2019 3:00,N/A,N/A
9/18/2019 4:00,N/A,N/A
9/18/2019 5:00,N/A,N/A
9/18/2019 6:00,N/A,N/A
9/18/2019 7:00,N/A,N/A
9/18/2019 8:00,N/A,N/A
9/18/2019 9:00,N/A,N/A
9/18/2019 10:00,N/A,N/A
9/18/2019 11:00,N/A,N/A
9/18/2019 12:00,N/A,N/A
9/18/2019 13:00,N/A,N/A
9/18/2019 14:00,N/A,N/A
9/18/2019 15:00,N/A,N/A
9/18/2019 16:00,N/A,N/A
9/18/2019 17:00,N/A,N/A
9/18/2019 18:00,N/A,N/A
9/18/2019 19:00,N/A,N/A
9/18/2019 20:00,N/A,N/A
9/18/2019 21:00,N/A,N/A
9/18/2019 22:00,N/A,N/A
9/18/2019 23:00,N/A,N/A
9/19/2019 0:00,N/A,N/A
9/19/2019 1:00,N/A,N/A
9/19/2019 2:00,N/A,N/A
9/19/2019 3:00,N/A,N/A
9/19/2019 4:00,N/A,N/A
9/19/2019 5:00,N/A,N/A
9/19/2019 6:00,N/A,N/A
9/19/2019 7:00,N/A,N/A
9/19/2019 8:00,N/A,N/A
9/19/2019 9:00,N/A,N/A
9/19/2019 10:00,N/A,N/A
9/19/2019 11:00,N/A,N/A
9/19/2019 12:00,N/A,N/A
9/19/2019 13:00,N/A,N/A
9/19/2019 14:00,N/A,N/A
9/19/2019 15:00,N/A,N/A
9/19/2019 16:00,N/A,N/A
9/19/2019 17:00,N/A,N/A
9/19/2019 18:00,N/A,N/A
9/19/2019 19:00,N/A,N/A
9/19/2019 20:00,N/A,N/A
9/19/2019 21:00,N/A,N/A
9/19/2019 22:00,N/A,N/A
9/19/2019 23:00,N/A,N/A
9/20/2019 0:00,N/A,N/A
9/20/2019 1:00,N/A,N/A
9/20/2019 2:00,N/A,N/A
9/20/2019 3:00,N/A,N/A
9/20/2019 4:00,N/A,N/A
9/20/2019 5:00,N/A,N/A
9/20/2019 6:00,N/A,N/A
9/20/2019 7:00,N/A,N/A
9/20/2019 8:00,N/A,N/A
9/20/2019 9:00,N/A,N/A
9/20/2019 10:00,N/A,N/A
9/20/2019 11:00,N/A,N/A
9/20/2019 12:00,N/A,N/A
9/20/2019 13:00,N/A,N/A
9/20/2019 14:00,N/A,N/A
9/20/2019 15:00,N/A,N/A
9/20/2019 16:00,N/A,N/A
9/20/2019 17:00,N/A,N/A
9/20/2019 18:00,N/A,N/A
9/20/2019 19:00,N/A,N/A
9/20/2019 20:00,N/A,N/A
9/20/2019 21:00,N/A,N/A
9/20/2019 22:00,N/A,N/A
9/20/2019 23:00,N/A,N/A
9/21/2019 0:00,N/A,N/A
9/21/2019 1:00,N/A,N/A
9/21/2019 2:00,N/A,N/A
9/21/2019 3:00,N/A,N/A
9/21/2019 4:00,N/A,N/A
9/21/2019 5:00,N/A,N/A
9/21/2019 6:00,N/A,N/A
9/21/2019 7:00,N/A,N/A
9/21/2019 8:00,N/A,N/A
9/21/2019 9:00,N/A,N/A
9/21/2019 10:00,N/A,N/A
9/21/2019 11:00,N/A,N/A
9/21/2019 12:00,N/A,N/A
9/21/2019 13:00,N/A,N/A
9/21/2019 14:00,N/A,N/A
9/21/2019 15:00,N/A,N/A
9/21/2019 16:00,N/A,N/A
9/21/2019 17:00,N/A,N/A
9/21/2019 18:00,N/A,N/A
9/21/2019 19:00,N/A,N/A
9/21/2019 20:00,N/A,N/A
9/21/2019 21:00,N/A,N/A
9/21/2019 22:00,N/A,N/A
9/21/2019 23:00,N/A,N/A
9/22/2019 0:00,N/A,N/A
9/22/2019 1:00,N/A,N/A
9/22/2019 2:00,N/A,N/A
9/22/2019 3:00,N/A,N/A
9/22/2019 4:00,N/A,N/A
9/22/2019 5:00,N/A,N/A
9/22/2019 6:00,N/A,N/A
9/22/2019 7:00,N/A,N/A
9/22/2019 8:00,N/A,N/A
9/22/2019 9:00,N/A,N/A
9/22/2019 10:00,N/A,N/A
9/22/2019 11:00,N/A,N/A
9/22/2019 12:00,N/A,N/A
9/22/2019 13:00,N/A,N/A
9/22/2019 14:00,N/A,N/A
9/22/2019 15:00,N/A,N/A
9/22/2019 16:00,N/A,N/A
9/22/2019 17:00,N/A,N/A
9/22/2019 18:00,N/A,N/A
9/22/2019 19:00,N/A,N/A
9/22/2019 20:00,N/A,N/A
9/22/2019 21:00,N/A,N/A
9/22/2019 22:00,N/A,N/A
9/22/2019 23:00,N/A,N/A
9/23/2019 0:00,N/A,N/A
9/23/2019 1:00,N/A,N/A
9/23/2019 2:00,N/A,N/A
9/23/2019 3:00,N/A,N/A
9/23/2019 4:00,N/A,N/A
9/23/2019 5:00,N/A,N/A
9/23/2019 6:00,N/A,N/A
9/23/2019 7:00,N/A,N/A
9/23/2019 8:00,N/A,N/A
9/23/2019 9:00,N/A,N/A
9/23/2019 10:00,N/A,N/A
9/23/2019 11:00,N/A,N/A
9/23/2019 12:00,N/A,N/A
9/23/2019 13:00,N/A,N/A
9/23/2019 14:00,N/A,N/A
9/23/2019 15:00,N/A,N/A
9/23/2019 16:00,N/A,N/A
9/23/2019 17:00,N/A,N/A
9/23/2019 18:00,N/A,N/A
9/23/2019 19:00,N/A,N/A
9/23/2019 20:00,N/A,N/A
9/23/2019 21:00,N/A,N/A
9/23/2019 22:00,N/A,N/A
9/23/2019 23:00,N/A,N/A
9/24/2019 0:00,N/A,N/A
9/24/2019 1:00,N/A,N/A
9/24/2019 2:00,N/A,N/A
9/24/2019 3:00,N/A,N/A
9/24/2019 4:00,N/A,N/A
9/24/2019 5:00,N/A,N/A
9/24/2019 6:00,N/A,N/A
9/24/2019 7:00,N/A,N/A
9/24/2019 8:00,N/A,N/A
9/24/2019 9:00,N/A,N/A
9/24/2019 10:00,N/A,N/A
9/24/2019 11:00,N/A,N/A
9/24/2019 12:00,N/A,N/A
9/24/2019 13:00,N/A,N/A
9/24/2019 14:00,N/A,N/A
9/24/2019 15:00,N/A,N/A
9/24/2019 16:00,N/A,N/A
9/24/2019 17:00,N/A,N/A
9/24/2019 18:00,N/A,N/A
9/24/2019 19:00,N/A,N/A
9/24/2019 20:00,N/A,N/A
9/24/2019 21:00,N/A,N/A
9/24/2019 22:00,N/A,N/A
9/24/2019 23:00,N/A,N/A
9/25/2019 0:00,N/A,N/A
9/25/2019 1:00,N/A,N/A
9/25/2019 2:00,N/A,N/A
9/25/2019 3:00,N/A,N/A
9/25/2019 4:00,N/A,N/A
9/25/2019 5:00,N/A,N/A
9/25/2019 6:00,N/A,N/A
9/25/2019 7:00,N/A,N/A
9/25/2019 8:00,N/A,N/A
9/25/2019 9:00,N/A,N/A
9/25/2019 10:00,N/A,N/A
9/25/2019 11:00,N/A,N/A
9/25/2019 12:00,N/A,N/A
9/25/2019 13:00,N/A,N/A
9/25/2019 14:00,N/A,N/A
9/25/2019 15:00,N/A,N/A
9/25/2019 16:00,N/A,N/A
9/25/2019 17:00,N/A,N/A
9/25/2019 18:00,N/A,N/A
9/25/2019 19:00,N/A,N/A
9/25/2019 20:00,N/A,N/A
9/25/2019 21:00,N/A,N/A
9/25/2019 22:00,N/A,N/A
9/25/2019 23:00,N/A,N/A
9/26/2019 0:00,N/A,N/A
9/26/2019 1:00,N/A,N/A
9/26/2019 2:00,N/A,N/A
9/26/2019 3:00,N/A,N/A
9/26/2019 4:00,N/A,N/A
9/26/2019 5:00,N/A,N/A
9/26/2019 6:00,N/A,N/A
9/26/2019 7:00,N/A,N/A
9/26/2019 8:00,N/A,N/A
9/26/2019 9:00,N/A,N/A
9/26/2019 10:00,N/A,N/A
9/26/2019 11:00,N/A,N/A
9/26/2019 12:00,N/A,N/A
9/26/2019 13:00,N/A,N/A
9/26/2019 14:00,N/A,N/A
9/26/2019 15:00,N/A,N/A
9/26/2019 16:00,N/A,N/A
9/26/2019 17:00,N/A,N/A
9/26/2019 18:00,N/A,N/A
9/26/2019 19:00,N/A,N/A
9/26/2019 20:00,N/A,N/A
9/26/2019 21:00,N/A,N/A
9/26/2019 22:00,N/A,N/A
9/26/2019 23:00,N/A,N/A
9/27/2019 0:00,N/A,N/A
9/27/2019 1:00,N/A,N/A
9/27/2019 2:00,N/A,N/A
9/27/2019 3:00,N/A,N/A
9/27/2019 4:00,N/A,N/A
9/27/2019 5:00,N/A,N/A
9/27/2019 6:00,N/A,N/A
9/27/2019 7:00,N/A,N/A
9/27/2019 8:00,N/A,N/A
9/27/2019 9:00,N/A,N/A
9/27/2019 10:00,N/A,N/A
9/27/2019 11:00,N/A,N/A
9/27/2019 12:00,N/A,N/A
9/27/2019 13:00,N/A,N/A
9/27/2019 14:00,N/A,N/A
9/27/2019 15:00,N/A,N/A
9/27/2019 16:00,N/A,N/A
9/27/2019 17:00,N/A,N/A
9/27/2019 18:00,N/A,N/A
9/27/2019 19:00,N/A,N/A
9/27/2019 20:00,N/A,N/A
9/27/2019 21:00,N/A,N/A
9/27/2019 22:00,N/A,N/A
9/27/2019 23:00,N/A,N/A
9/28/2019 0:00,N/A,N/A
9/28/2019 1:00,N/A,N/A
9/28/2019 2:00,N/A,N/A
9/28/2019 3:00,N/A,N/A
9/28/2019 4:00,N/A,N/A
9/28/2019 5:00,N/A,N/A
9/28/2019 6:00,N/A,N/A
9/28/2019 7:00,N/A,N/A
9/28/2019 8:00,N/A,N/A
9/28/2019 9:00,N/A,N/A
9/28/2019 10:00,N/A,N/A
9/28/2019 11:00,N/A,N/A
9/28/2019 12:00,N/A,N/A
9/28/2019 13:00,N/A,N/A
9/28/2019 14:00,N/A,N/A
9/28/2019 15:00,N/A,N/A
9/28/2019 16:00,N/A,N/A
9/28/2019 17:00,N/A,N/A
9/28/2019 18:00,N/A,N/A
9/28/2019 19:00,N/A,N/A
9/28/2019 20:00,N/A,N/A
9/28/2019 21:00,N/A,N/A
9/28/2019 22:00,N/A,N/A
9/28/2019 23:00,N/A,N/A
9/29/2019 0:00,N/A,N/A
9/29/2019 1:00,N/A,N/A
9/29/2019 2:00,N/A,N/A
9/29/2019 3:00,N/A,N/A
9/29/2019 4:00,N/A,N/A
9/29/2019 5:00,N/A,N/A
9/29/2019 6:00,N/A,N/A
9/29/2019 7:00,N/A,N/A
9/29/2019 8:00,N/A,N/A
9/29/2019 9:00,N/A,N/A
9/29/2019 10:00,N/A,N/A
9/29/2019 11:00,N/A,N/A
9/29/2019 12:00,N/A,N/A
9/29/2019 13:00,N/A,N/A
9/29/2019 14:00,N/A,N/A
9/29/2019 15:00,N/A,N/A
9/29/2019 16:00,N/A,N/A
9/29/2019 17:00,N/A,N/A
9/29/2019 18:00,N/A,N/A
9/29/2019 19:00,N/A,N/A
9/29/2019 20:00,N/A,N/A
9/29/2019 21:00,N/A,N/A
9/29/2019 22:00,N/A,N/A
9/29/2019 23:00,N/A,N/A
9/30/2019 0:00,N/A,N/A
9/30/2019 1:00,N/A,N/A
9/30/2019 2:00,N/A,N/A
9/30/2019 3:00,N/A,N/A
9/30/2019 4:00,N/A,N/A
9/30/2019 5:00,N/A,N/A
9/30/2019 6:00,N/A,N/A
9/30/2019 7:00,N/A,N/A
9/30/2019 8:00,N/A,N/A
9/30/2019 9:00,N/A,N/A
9/30/2019 10:00,N/A,N/A
9/30/2019 11:00,N/A,N/A
9/30/2019 12:00,N/A,N/A
9/30/2019 13:00,N/A,N/A
9/30/2019 14:00,N/A,N/A
9/30/2019 15:00,N/A,N/A
9/30/2019 16:00,N/A,N/A
9/30/2019 17:00,N/A,N/A
9/30/2019 18:00,N/A,N/A
9/30/2019 19:00,N/A,N/A
9/30/2019 20:00,N/A,N/A
9/30/2019 21:00,N/A,N/A
9/30/2019 22:00,N/A,N/A
9/30/2019 23:00,N/A,N/A
10/1/2019 0:00,N/A,N/A
10/1/2019 1:00,N/A,N/A
10/1/2019 2:00,N/A,N/A
10/1/2019 3:00,N/A,N/A
10/1/2019 4:00,N/A,N/A
10/1/2019 5:00,N/A,N/A
10/1/2019 6:00,N/A,N/A
10/1/2019 7:00,N/A,N/A
10/1/2019 8:00,N/A,N/A
10/1/2019 9:00,N/A,N/A
10/1/2019 10:00,N/A,N/A
10/1/2019 11:00,N/A,N/A
10/1/2019 12:00,N/A,N/A
10/1/2019 13:00,N/A,N/A
10/1/2019 14:00,N/A,N/A
10/1/2019 15:00,N/A,N/A
10/1/2019 16:00,N/A,N/A
10/1/2019 17:00,N/A,N/A
10/1/2019 18:00,N/A,N/A
10/1/2019 19:00,N/A,N/A
10/1/2019 20:00,N/A,N/A
10/1/2019 21:00,N/A,N/A
10/1/2019 22:00,N/A,N/A
10/1/2019 23:00,N/A,N/A
10/2/2019 0:00,N/A,N/A
10/2/2019 1:00,N/A,N/A
10/2/2019 2:00,N/A,N/A
10/2/2019 3:00,N/A,N/A
10/2/2019 4:00,N/A,N/A
10/2/2019 5:00,N/A,N/A
10/2/2019 6:00,N/A,N/A
10/2/2019 7:00,N/A,N/A
10/2/2019 8:00,N/A,N/A
10/2/2019 9:00,N/A,N/A
10/2/2019 10:00,N/A,N/A
10/2/2019 11:00,N/A,N/A
10/2/2019 12:00,N/A,N/A
10/2/2019 13:00,N/A,N/A
10/2/2019 14:00,N/A,N/A
10/2/2019 15:00,N/A,N/A
10/2/2019 16:00,N/A,N/A
10/2/2019 17:00,N/A,N/A
10/2/2019 18:00,N/A,N/A
10/2/2019 19:00,N/A,N/A
10/2/2019 20:00,N/A,N/A
10/2/2019 21:00,N/A,N/A
10/2/2019 22:00,N/A,N/A
10/2/2019 23:00,N/A,N/A
10/3/2019 0:00,N/A,N/A
10/3/2019 1:00,N/A,N/A
10/3/2019 2:00,N/A,N/A
10/3/2019 3:00,N/A,N/A
10/3/2019 4:00,N/A,N/A
10/3/2019 5:00,N/A,N/A
10/3/2019 6:00,N/A,N/A
10/3/2019 7:00,N/A,N/A
10/3/2019 8:00,N/A,N/A
10/3/2019 9:00,N/A,N/A
10/3/2019 10:00,N/A,N/A
10/3/2019 11:00,N/A,N/A
10/3/2019 12:00,N/A,N/A
10/3/2019 13:00,N/A,N/A
10/3/2019 14:00,N/A,N/A
10/3/2019 15:00,N/A,N/A
10/3/2019 16:00,N/A,N/A
10/3/2019 17:00,N/A,N/A
10/3/2019 18:00,N/A,N/A
10/3/2019 19:00,N/A,N/A
10/3/2019 20:00,N/A,N/A
10/3/2019 21:00,N/A,N/A
10/3/2019 22:00,N/A,N/A
10/3/2019 23:00,N/A,N/A
10/4/2019 0:00,N/A,N/A
10/4/2019 1:00,N/A,N/A
10/4/2019 2:00,N/A,N/A
10/4/2019 3:00,N/A,N/A
10/4/2019 4:00,N/A,N/A
10/4/2019 5:00,N/A,N/A
10/4/2019 6:00,N/A,N/A
10/4/2019 7:00,N/A,N/A
10/4/2019 8:00,N/A,N/A
10/4/2019 9:00,N/A,N/A
10/4/2019 10:00,N/A,N/A
10/4/2019 11:00,N/A,N/A
10/4/2019 12:00,N/A,N/A
10/4/2019 13:00,N/A,N/A
10/4/2019 14:00,N/A,N/A
10/4/2019 15:00,N/A,N/A
10/4/2019 16:00,N/A,N/A
10/4/2019 17:00,N/A,N/A
10/4/2019 18:00,N/A,N/A
10/4/2019 19:00,N/A,N/A
10/4/2019 20:00,N/A,N/A
10/4/2019 21:00,N/A,N/A
10/4/2019 22:00,N/A,N/A
10/4/2019 23:00,N/A,N/A
10/5/2019 0:00,N/A,N/A
10/5/2019 1:00,N/A,N/A
10/5/2019 2:00,N/A,N/A
10/5/2019 3:00,N/A,N/A
10/5/2019 4:00,N/A,N/A
10/5/2019 5:00,N/A,N/A
10/5/2019 6:00,N/A,N/A
10/5/2019 7:00,N/A,N/A
10/5/2019 8:00,N/A,N/A
10/5/2019 9:00,N/A,N/A
10/5/2019 10:00,N/A,N/A
10/5/2019 11:00,N/A,N/A
10/5/2019 12:00,N/A,N/A
10/5/2019 13:00,N/A,N/A
10/5/2019 14:00,N/A,N/A
10/5/2019 15:00,N/A,N/A
10/5/2019 16:00,N/A,N/A
10/5/2019 17:00,N/A,N/A
10/5/2019 18:00,N/A,N/A
10/5/2019 19:00,N/A,N/A
10/5/2019 20:00,N/A,N/A
10/5/2019 21:00,N/A,N/A
10/5/2019 22:00,N/A,N/A
10/5/2019 23:00,N/A,N/A
10/6/2019 0:00,N/A,N/A
10/6/2019 1:00,N/A,N/A
10/6/2019 2:00,N/A,N/A
10/6/2019 3:00,N/A,N/A
10/6/2019 4:00,N/A,N/A
10/6/2019 5:00,N/A,N/A
10/6/2019 6:00,N/A,N/A
10/6/2019 7:00,N/A,N/A
10/6/2019 8:00,N/A,N/A
10/6/2019 9:00,N/A,N/A
10/6/2019 10:00,N/A,N/A
10/6/2019 11:00,N/A,N/A
10/6/2019 12:00,N/A,N/A
10/6/2019 13:00,N/A,N/A
10/6/2019 14:00,N/A,N/A
10/6/2019 15:00,N/A,N/A
10/6/2019 16:00,N/A,N/A
10/6/2019 17:00,N/A,N/A
10/6/2019 18:00,N/A,N/A
10/6/2019 19:00,N/A,N/A
10/6/2019 20:00,N/A,N/A
10/6/2019 21:00,N/A,N/A
10/6/2019 22:00,N/A,N/A
10/6/2019 23:00,N/A,N/A
10/7/2019 0:00,N/A,N/A
10/7/2019 1:00,N/A,N/A
10/7/2019 2:00,N/A,N/A
10/7/2019 3:00,N/A,N/A
10/7/2019 4:00,N/A,N/A
10/7/2019 5:00,N/A,N/A
10/7/2019 6:00,N/A,N/A
10/7/2019 7:00,N/A,N/A
10/7/2019 8:00,N/A,N/A
10/7/2019 9:00,N/A,N/A
10/7/2019 10:00,N/A,N/A
10/7/2019 11:00,N/A,N/A
10/7/2019 12:00,N/A,N/A
10/7/2019 13:00,N/A,N/A
10/7/2019 14:00,N/A,N/A
10/7/2019 15:00,N/A,N/A
10/7/2019 16:00,N/A,N/A
10/7/2019 17:00,N/A,N/A
10/7/2019 18:00,N/A,N/A
10/7/2019 19:00,N/A,N/A
10/7/2019 20:00,N/A,N/A
10/7/2019 21:00,N/A,N/A
10/7/2019 22:00,N/A,N/A
10/7/2019 23:00,N/A,N/A
10/8/2019 0:00,N/A,N/A
10/8/2019 1:00,N/A,N/A
10/8/2019 2:00,N/A,N/A
10/8/2019 3:00,N/A,N/A
10/8/2019 4:00,N/A,N/A
10/8/2019 5:00,N/A,N/A
10/8/2019 6:00,N/A,N/A
10/8/2019 7:00,N/A,N/A
10/8/2019 8:00,N/A,N/A
10/8/2019 9:00,N/A,N/A
10/8/2019 10:00,N/A,N/A
10/8/2019 11:00,N/A,N/A
10/8/2019 12:00,N/A,N/A
10/8/2019 13:00,N/A,N/A
10/8/2019 14:00,N/A,N/A
10/8/2019 15:00,N/A,N/A
10/8/2019 16:00,N/A,N/A
10/8/2019 17:00,N/A,N/A
10/8/2019 18:00,N/A,N/A
10/8/2019 19:00,N/A,N/A
10/8/2019 20:00,N/A,N/A
10/8/2019 21:00,N/A,N/A
10/8/2019 22:00,N/A,N/A
10/8/2019 23:00,N/A,N/A
10/9/2019 0:00,N/A,N/A
10/9/2019 1:00,N/A,N/A
10/9/2019 2:00,N/A,N/A
10/9/2019 3:00,N/A,N/A
10/9/2019 4:00,N/A,N/A
10/9/2019 5:00,N/A,N/A
10/9/2019 6:00,N/A,N/A
10/9/2019 7:00,N/A,N/A
10/9/2019 8:00,N/A,N/A
10/9/2019 9:00,N/A,N/A
10/9/2019 10:00,N/A,N/A
10/9/2019 11:00,N/A,N/A
10/9/2019 12:00,N/A,N/A
10/9/2019 13:00,N/A,N/A
10/9/2019 14:00,N/A,N/A
10/9/2019 15:00,N/A,N/A
10/9/2019 16:00,N/A,N/A
10/9/2019 17:00,N/A,N/A
10/9/2019 18:00,N/A,N/A
10/9/2019 19:00,N/A,N/A
10/9/2019 20:00,N/A,N/A
10/9/2019 21:00,N/A,N/A
10/9/2019 22:00,N/A,N/A
10/9/2019 23:00,N/A,N/A
10/10/2019 0:00,N/A,N/A
10/10/2019 1:00,N/A,N/A
10/10/2019 2:00,N/A,N/A
10/10/2019 3:00,N/A,N/A
10/10/2019 4:00,N/A,N/A
10/10/2019 5:00,N/A,N/A
10/10/2019 6:00,N/A,N/A
10/10/2019 7:00,N/A,N/A
10/10/2019 8:00,N/A,N/A
10/10/2019 9:00,N/A,N/A
10/10/2019 10:00,N/A,N/A
10/10/2019 11:00,N/A,N/A
10/10/2019 12:00,N/A,N/A
10/10/2019 13:00,N/A,N/A
10/10/2019 14:00,N/A,N/A
10/10/2019 15:00,N/A,N/A
10/10/2019 16:00,N/A,N/A
10/10/2019 17:00,N/A,N/A
10/10/2019 18:00,N/A,N/A
10/10/2019 19:00,N/A,N/A
10/10/2019 20:00,N/A,N/A
10/10/2019 21:00,N/A,N/A
10/10/2019 22:00,N/A,N/A
10/10/2019 23:00,N/A,N/A
10/11/2019 0:00,N/A,N/A
10/11/2019 1:00,N/A,N/A
10/11/2019 2:00,N/A,N/A
10/11/2019 3:00,N/A,N/A
10/11/2019 4:00,N/A,N/A
10/11/2019 5:00,N/A,N/A
10/11/2019 6:00,N/A,N/A
10/11/2019 7:00,N/A,N/A
10/11/2019 8:00,N/A,N/A
10/11/2019 9:00,N/A,N/A
10/11/2019 10:00,N/A,N/A
10/11/2019 11:00,N/A,N/A
10/11/2019 12:00,N/A,N/A
10/11/2019 13:00,N/A,N/A
10/11/2019 14:00,N/A,N/A
10/11/2019 15:00,N/A,N/A
10/11/2019 16:00,N/A,N/A
10/11/2019 17:00,N/A,N/A
10/11/2019 18:00,N/A,N/A
10/11/2019 19:00,N/A,N/A
10/11/2019 20:00,N/A,N/A
10/11/2019 21:00,N/A,N/A
10/11/2019 22:00,N/A,N/A
10/11/2019 23:00,N/A,N/A
10/12/2019 0:00,N/A,N/A
10/12/2019 1:00,N/A,N/A
10/12/2019 2:00,N/A,N/A
10/12/2019 3:00,N/A,N/A
10/12/2019 4:00,N/A,N/A
10/12/2019 5:00,N/A,N/A
10/12/2019 6:00,N/A,N/A
10/12/2019 7:00,N/A,N/A
10/12/2019 8:00,N/A,N/A
10/12/2019 9:00,N/A,N/A
10/12/2019 10:00,N/A,N/A
10/12/2019 11:00,N/A,N/A
10/12/2019 12:00,N/A,N/A
10/12/2019 13:00,N/A,N/A
10/12/2019 14:00,N/A,N/A
10/12/2019 15:00,N/A,N/A
10/12/2019 16:00,N/A,N/A
10/12/2019 17:00,N/A,N/A
10/12/2019 18:00,N/A,N/A
10/12/2019 19:00,N/A,N/A
10/12/2019 20:00,N/A,N/A
10/12/2019 21:00,N/A,N/A
10/12/2019 22:00,N/A,N/A
10/12/2019 23:00,N/A,N/A
10/13/2019 0:00,N/A,N/A
10/13/2019 1:00,N/A,N/A
10/13/2019 2:00,N/A,N/A
10/13/2019 3:00,N/A,N/A
10/13/2019 4:00,N/A,N/A
10/13/2019 5:00,N/A,N/A
10/13/2019 6:00,N/A,N/A
10/13/2019 7:00,N/A,N/A
10/13/2019 8:00,N/A,N/A
10/13/2019 9:00,N/A,N/A
10/13/2019 10:00,N/A,N/A
10/13/2019 11:00,N/A,N/A
10/13/2019 12:00,N/A,N/A
10/13/2019 13:00,N/A,N/A
10/13/2019 14:00,N/A,N/A
10/13/2019 15:00,N/A,N/A
10/13/2019 16:00,N/A,N/A
10/13/2019 17:00,N/A,N/A
10/13/2019 18:00,N/A,N/A
10/13/2019 19:00,N/A,N/A
10/13/2019 20:00,N/A,N/A
10/13/2019 21:00,N/A,N/A
10/13/2019 22:00,N/A,N/A
10/13/2019 23:00,N/A,N/A
10/14/2019 0:00,N/A,N/A
10/14/2019 1:00,N/A,N/A
10/14/2019 2:00,N/A,N/A
10/14/2019 3:00,N/A,N/A
10/14/2019 4:00,N/A,N/A
10/14/2019 5:00,N/A,N/A
10/14/2019 6:00,N/A,N/A
10/14/2019 7:00,N/A,N/A
10/14/2019 8:00,N/A,N/A
10/14/2019 9:00,N/A,N/A
10/14/2019 10:00,N/A,N/A
10/14/2019 11:00,N/A,N/A
10/14/2019 12:00,N/A,N/A
10/14/2019 13:00,N/A,N/A
10/14/2019 14:00,N/A,N/A
10/14/2019 15:00,N/A,N/A
10/14/2019 16:00,N/A,N/A
10/14/2019 17:00,N/A,N/A
10/14/2019 18:00,N/A,N/A
10/14/2019 19:00,N/A,N/A
10/14/2019 20:00,N/A,N/A
10/14/2019 21:00,N/A,N/A
10/14/2019 22:00,N/A,N/A
10/14/2019 23:00,N/A,N/A
10/15/2019 0:00,N/A,N/A
10/15/2019 1:00,N/A,N/A
10/15/2019 2:00,N/A,N/A
10/15/2019 3:00,N/A,N/A
10/15/2019 4:00,N/A,N/A
10/15/2019 5:00,N/A,N/A
10/15/2019 6:00,N/A,N/A
10/15/2019 7:00,N/A,N/A
10/15/2019 8:00,N/A,N/A
10/15/2019 9:00,N/A,N/A
10/15/2019 10:00,N/A,N/A
10/15/2019 11:00,N/A,N/A
10/15/2019 12:00,N/A,N/A
10/15/2019 13:00,N/A,N/A
10/15/2019 14:00,N/A,N/A
10/15/2019 15:00,N/A,N/A
10/15/2019 16:00,N/A,N/A
10/15/2019 17:00,N/A,N/A
10/15/2019 18:00,N/A,N/A
10/15/2019 19:00,N/A,N/A
10/15/2019 20:00,N/A,N/A
10/15/2019 21:00,N/A,N/A
10/15/2019 22:00,N/A,N/A
10/15/2019 23:00,N/A,N/A
10/16/2019 0:00,N/A,N/A
10/16/2019 1:00,N/A,N/A
10/16/2019 2:00,N/A,N/A
10/16/2019 3:00,N/A,N/A
10/16/2019 4:00,N/A,N/A
10/16/2019 5:00,N/A,N/A
10/16/2019 6:00,N/A,N/A
10/16/2019 7:00,N/A,N/A
10/16/2019 8:00,N/A,N/A
10/16/2019 9:00,N/A,N/A
10/16/2019 10:00,N/A,N/A
10/16/2019 11:00,N/A,N/A
10/16/2019 12:00,N/A,N/A
10/16/2019 13:00,N/A,N/A
10/16/2019 14:00,N/A,N/A
10/16/2019 15:00,N/A,N/A
10/16/2019 16:00,N/A,N/A
10/16/2019 17:00,N/A,N/A
10/16/2019 18:00,N/A,N/A
10/16/2019 19:00,N/A,N/A
10/16/2019 20:00,N/A,N/A
10/16/2019 21:00,N/A,N/A
10/16/2019 22:00,N/A,N/A
10/16/2019 23:00,N/A,N/A
10/17/2019 0:00,N/A,N/A
10/17/2019 1:00,N/A,N/A
10/17/2019 2:00,N/A,N/A
10/17/2019 3:00,N/A,N/A
10/17/2019 4:00,N/A,N/A
10/17/2019 5:00,N/A,N/A
10/17/2019 6:00,N/A,N/A
10/17/2019 7:00,N/A,N/A
10/17/2019 8:00,N/A,N/A
10/17/2019 9:00,N/A,N/A
10/17/2019 10:00,N/A,N/A
10/17/2019 11:00,N/A,N/A
10/17/2019 12:00,N/A,N/A
10/17/2019 13:00,N/A,N/A
10/17/2019 14:00,N/A,N/A
10/17/2019 15:00,N/A,N/A
10/17/2019 16:00,N/A,N/A
10/17/2019 17:00,N/A,N/A
10/17/2019 18:00,N/A,N/A
10/17/2019 19:00,N/A,N/A
10/17/2019 20:00,N/A,N/A
10/17/2019 21:00,N/A,N/A
10/17/2019 22:00,N/A,N/A
10/17/2019 23:00,N/A,N/A
10/18/2019 0:00,N/A,N/A
10/18/2019 1:00,N/A,N/A
10/18/2019 2:00,N/A,N/A
10/18/2019 3:00,N/A,N/A
10/18/2019 4:00,N/A,N/A
10/18/2019 5:00,N/A,N/A
10/18/2019 6:00,N/A,N/A
10/18/2019 7:00,N/A,N/A
10/18/2019 8:00,N/A,N/A
10/18/2019 9:00,N/A,N/A
10/18/2019 10:00,N/A,N/A
10/18/2019 11:00,N/A,N/A
10/18/2019 12:00,N/A,N/A
10/18/2019 13:00,N/A,N/A
10/18/2019 14:00,N/A,N/A
10/18/2019 15:00,N/A,N/A
10/18/2019 16:00,N/A,N/A
10/18/2019 17:00,N/A,N/A
10/18/2019 18:00,N/A,N/A
10/18/2019 19:00,N/A,N/A
10/18/2019 20:00,N/A,N/A
10/18/2019 21:00,N/A,N/A
10/18/2019 22:00,N/A,N/A
10/18/2019 23:00,N/A,N/A
10/19/2019 0:00,N/A,N/A
10/19/2019 1:00,N/A,N/A
10/19/2019 2:00,N/A,N/A
10/19/2019 3:00,N/A,N/A
10/19/2019 4:00,N/A,N/A
10/19/2019 5:00,N/A,N/A
10/19/2019 6:00,N/A,N/A
10/19/2019 7:00,N/A,N/A
10/19/2019 8:00,N/A,N/A
10/19/2019 9:00,N/A,N/A
10/19/2019 10:00,N/A,N/A
10/19/2019 11:00,N/A,N/A
10/19/2019 12:00,N/A,N/A
10/19/2019 13:00,N/A,N/A
10/19/2019 14:00,N/A,N/A
10/19/2019 15:00,N/A,N/A
10/19/2019 16:00,N/A,N/A
10/19/2019 17:00,N/A,N/A
10/19/2019 18:00,N/A,N/A
10/19/2019 19:00,N/A,N/A
10/19/2019 20:00,N/A,N/A
10/19/2019 21:00,N/A,N/A
10/19/2019 22:00,N/A,N/A
10/19/2019 23:00,N/A,N/A
10/20/2019 0:00,N/A,N/A
10/20/2019 1:00,N/A,N/A
10/20/2019 2:00,N/A,N/A
10/20/2019 3:00,N/A,N/A
10/20/2019 4:00,N/A,N/A
10/20/2019 5:00,N/A,N/A
10/20/2019 6:00,N/A,N/A
10/20/2019 7:00,N/A,N/A
10/20/2019 8:00,N/A,N/A
10/20/2019 9:00,N/A,N/A
10/20/2019 10:00,N/A,N/A
10/20/2019 11:00,N/A,N/A
10/20/2019 12:00,N/A,N/A
10/20/2019 13:00,N/A,N/A
10/20/2019 14:00,N/A,N/A
10/20/2019 15:00,N/A,N/A
10/20/2019 16:00,N/A,N/A
10/20/2019 17:00,N/A,N/A
10/20/2019 18:00,N/A,N/A
10/20/2019 19:00,N/A,N/A
10/20/2019 20:00,N/A,N/A
10/20/2019 21:00,N/A,N/A
10/20/2019 22:00,N/A,N/A
10/20/2019 23:00,N/A,N/A
10/21/2019 0:00,N/A,N/A
10/21/2019 1:00,N/A,N/A
10/21/2019 2:00,N/A,N/A
10/21/2019 3:00,N/A,N/A
10/21/2019 4:00,N/A,N/A
10/21/2019 5:00,N/A,N/A
10/21/2019 6:00,N/A,N/A
10/21/2019 7:00,N/A,N/A
10/21/2019 8:00,N/A,N/A
10/21/2019 9:00,N/A,N/A
10/21/2019 10:00,N/A,N/A
10/21/2019 11:00,N/A,N/A
10/21/2019 12:00,N/A,N/A
10/21/2019 13:00,N/A,N/A
10/21/2019 14:00,N/A,N/A
10/21/2019 15:00,N/A,N/A
10/21/2019 16:00,N/A,N/A
10/21/2019 17:00,N/A,N/A
10/21/2019 18:00,N/A,N/A
10/21/2019 19:00,N/A,N/A
10/21/2019 20:00,N/A,N/A
10/21/2019 21:00,N/A,N/A
10/21/2019 22:00,N/A,N/A
10/21/2019 23:00,N/A,N/A
10/22/2019 0:00,N/A,N/A
10/22/2019 1:00,N/A,N/A
10/22/2019 2:00,N/A,N/A
10/22/2019 3:00,N/A,N/A
10/22/2019 4:00,N/A,N/A
10/22/2019 5:00,N/A,N/A
10/22/2019 6:00,N/A,N/A
10/22/2019 7:00,N/A,N/A
10/22/2019 8:00,N/A,N/A
10/22/2019 9:00,N/A,N/A
10/22/2019 10:00,N/A,N/A
10/22/2019 11:00,N/A,N/A
10/22/2019 12:00,N/A,N/A
10/22/2019 13:00,N/A,N/A
10/22/2019 14:00,N/A,N/A
10/22/2019 15:00,N/A,N/A
10/22/2019 16:00,N/A,N/A
10/22/2019 17:00,N/A,N/A
10/22/2019 18:00,N/A,N/A
10/22/2019 19:00,N/A,N/A
10/22/2019 20:00,N/A,N/A
10/22/2019 21:00,N/A,N/A
10/22/2019 22:00,N/A,N/A
10/22/2019 23:00,N/A,N/A
10/23/2019 0:00,N/A,N/A
10/23/2019 1:00,N/A,N/A
10/23/2019 2:00,N/A,N/A
10/23/2019 3:00,N/A,N/A
10/23/2019 4:00,N/A,N/A
10/23/2019 5:00,N/A,N/A
10/23/2019 6:00,N/A,N/A
10/23/2019 7:00,N/A,N/A
10/23/2019 8:00,N/A,N/A
10/23/2019 9:00,N/A,N/A
10/23/2019 10:00,N/A,N/A
10/23/2019 11:00,N/A,N/A
10/23/2019 12:00,N/A,N/A
10/23/2019 13:00,N/A,N/A
10/23/2019 14:00,N/A,N/A
10/23/2019 15:00,N/A,N/A
10/23/2019 16:00,N/A,N/A
10/23/2019 17:00,N/A,N/A
10/23/2019 18:00,N/A,N/A
10/23/2019 19:00,N/A,N/A
10/23/2019 20:00,N/A,N/A
10/23/2019 21:00,N/A,N/A
10/23/2019 22:00,N/A,N/A
10/23/2019 23:00,N/A,N/A
10/24/2019 0:00,N/A,N/A
10/24/2019 1:00,N/A,N/A
10/24/2019 2:00,N/A,N/A
10/24/2019 3:00,N/A,N/A
10/24/2019 4:00,N/A,N/A
10/24/2019 5:00,N/A,N/A
10/24/2019 6:00,N/A,N/A
10/24/2019 7:00,N/A,N/A
10/24/2019 8:00,N/A,N/A
10/24/2019 9:00,N/A,N/A
10/24/2019 10:00,N/A,N/A
10/24/2019 11:00,N/A,N/A
10/24/2019 12:00,N/A,N/A
10/24/2019 13:00,N/A,N/A
10/24/2019 14:00,N/A,N/A
10/24/2019 15:00,N/A,N/A
10/24/2019 16:00,N/A,N/A
10/24/2019 17:00,N/A,N/A
10/24/2019 18:00,N/A,N/A
10/24/2019 19:00,N/A,N/A
10/24/2019 20:00,N/A,N/A
10/24/2019 21:00,N/A,N/A
10/24/2019 22:00,N/A,N/A
10/24/2019 23:00,N/A,N/A
10/25/2019 0:00,N/A,N/A
10/25/2019 1:00,N/A,N/A
10/25/2019 2:00,N/A,N/A
10/25/2019 3:00,N/A,N/A
10/25/2019 4:00,N/A,N/A
10/25/2019 5:00,N/A,N/A
10/25/2019 6:00,N/A,N/A
10/25/2019 7:00,N/A,N/A
10/25/2019 8:00,N/A,N/A
10/25/2019 9:00,N/A,N/A
10/25/2019 10:00,N/A,N/A
10/25/2019 11:00,N/A,N/A
10/25/2019 12:00,N/A,N/A
10/25/2019 13:00,N/A,N/A
10/25/2019 14:00,N/A,N/A
10/25/2019 15:00,N/A,N/A
10/25/2019 16:00,N/A,N/A
10/25/2019 17:00,N/A,N/A
10/25/2019 18:00,N/A,N/A
10/25/2019 19:00,N/A,N/A
10/25/2019 20:00,N/A,N/A
10/25/2019 21:00,N/A,N/A
10/25/2019 22:00,N/A,N/A
10/25/2019 23:00,N/A,N/A
10/26/2019 0:00,N/A,N/A
10/26/2019 1:00,N/A,N/A
10/26/2019 2:00,N/A,N/A
10/26/2019 3:00,N/A,N/A
10/26/2019 4:00,N/A,N/A
10/26/2019 5:00,N/A,N/A
10/26/2019 6:00,N/A,N/A
10/26/2019 7:00,N/A,N/A
10/26/2019 8:00,N/A,N/A
10/26/2019 9:00,N/A,N/A
10/26/2019 10:00,N/A,N/A
10/26/2019 11:00,N/A,N/A
10/26/2019 12:00,N/A,N/A
10/26/2019 13:00,N/A,N/A
10/26/2019 14:00,N/A,N/A
10/26/2019 15:00,N/A,N/A
10/26/2019 16:00,N/A,N/A
10/26/2019 17:00,N/A,N/A
10/26/2019 18:00,N/A,N/A
10/26/2019 19:00,N/A,N/A
10/26/2019 20:00,N/A,N/A
10/26/2019 21:00,N/A,N/A
10/26/2019 22:00,N/A,N/A
10/26/2019 23:00,N/A,N/A
10/27/2019 0:00,N/A,N/A
10/27/2019 1:00,N/A,N/A
10/27/2019 2:00,N/A,N/A
10/27/2019 3:00,N/A,N/A
10/27/2019 4:00,N/A,N/A
10/27/2019 5:00,N/A,N/A
10/27/2019 6:00,N/A,N/A
10/27/2019 7:00,N/A,N/A
10/27/2019 8:00,N/A,N/A
10/27/2019 9:00,N/A,N/A
10/27/2019 10:00,N/A,N/A
10/27/2019 11:00,N/A,N/A
10/27/2019 12:00,N/A,N/A
10/27/2019 13:00,N/A,N/A
10/27/2019 14:00,N/A,N/A
10/27/2019 15:00,N/A,N/A
10/27/2019 16:00,N/A,N/A
10/27/2019 17:00,N/A,N/A
10/27/2019 18:00,N/A,N/A
10/27/2019 19:00,N/A,N/A
10/27/2019 20:00,N/A,N/A
10/27/2019 21:00,N/A,N/A
10/27/2019 22:00,N/A,N/A
10/27/2019 23:00,N/A,N/A
10/28/2019 0:00,N/A,N/A
10/28/2019 1:00,N/A,N/A
10/28/2019 2:00,N/A,N/A
10/28/2019 3:00,N/A,N/A
10/28/2019 4:00,N/A,N/A
10/28/2019 5:00,N/A,N/A
10/28/2019 6:00,N/A,N/A
10/28/2019 7:00,N/A,N/A
10/28/2019 8:00,N/A,N/A
10/28/2019 9:00,N/A,N/A
10/28/2019 10:00,N/A,N/A
10/28/2019 11:00,N/A,N/A
10/28/2019 12:00,N/A,N/A
10/28/2019 13:00,N/A,N/A
10/28/2019 14:00,N/A,N/A
10/28/2019 15:00,N/A,N/A
10/28/2019 16:00,N/A,N/A
10/28/2019 17:00,N/A,N/A
10/28/2019 18:00,N/A,N/A
10/28/2019 19:00,N/A,N/A
10/28/2019 20:00,N/A,N/A
10/28/2019 21:00,N/A,N/A
10/28/2019 22:00,N/A,N/A
10/28/2019 23:00,N/A,N/A
10/29/2019 0:00,N/A,N/A
10/29/2019 1:00,N/A,N/A
10/29/2019 2:00,N/A,N/A
10/29/2019 3:00,N/A,N/A
10/29/2019 4:00,N/A,N/A
10/29/2019 5:00,N/A,N/A
10/29/2019 6:00,N/A,N/A
10/29/2019 7:00,N/A,N/A
10/29/2019 8:00,N/A,N/A
10/29/2019 9:00,N/A,N/A
10/29/2019 10:00,N/A,N/A
10/29/2019 11:00,N/A,N/A
10/29/2019 12:00,N/A,N/A
10/29/2019 13:00,N/A,N/A
10/29/2019 14:00,N/A,N/A
10/29/2019 15:00,N/A,N/A
10/29/2019 16:00,N/A,N/A
10/29/2019 17:00,N/A,N/A
10/29/2019 18:00,N/A,N/A
10/29/2019 19:00,N/A,N/A
10/29/2019 20:00,N/A,N/A
10/29/2019 21:00,N/A,N/A
10/29/2019 22:00,N/A,N/A
10/29/2019 23:00,N/A,N/A
10/30/2019 0:00,N/A,N/A
10/30/2019 1:00,N/A,N/A
10/30/2019 2:00,N/A,N/A
10/30/2019 3:00,N/A,N/A
10/30/2019 4:00,N/A,N/A
10/30/2019 5:00,N/A,N/A
10/30/2019 6:00,N/A,N/A
10/30/2019 7:00,N/A,N/A
10/30/2019 8:00,N/A,N/A
10/30/2019 9:00,N/A,N/A
10/30/2019 10:00,N/A,N/A
10/30/2019 11:00,N/A,N/A
10/30/2019 12:00,N/A,N/A
10/30/2019 13:00,N/A,N/A
10/30/2019 14:00,N/A,N/A
10/30/2019 15:00,N/A,N/A
10/30/2019 16:00,N/A,N/A
10/30/2019 17:00,N/A,N/A
10/30/2019 18:00,N/A,N/A
10/30/2019 19:00,N/A,N/A
10/30/2019 20:00,N/A,N/A
10/30/2019 21:00,1,0
10/30/2019 22:00,1,0
10/30/2019 23:00,1,0
10/31/2019 0:00,1,0
10/31/2019 1:00,0,0
10/31/2019 2:00,0,1
10/31/2019 3:00,0,0
10/31/2019 4:00,0,0
10/31/2019 5:00,0,1
10/31/2019 6:00,0,0
10/31/2019 7:00,0,0
10/31/2019 8:00,0,1
10/31/2019 9:00,0,0
10/31/2019 10:00,0,0
10/31/2019 11:00,0,0
10/31/2019 12:00,0,0
10/31/2019 13:00,0,0
10/31/2019 14:00,0,0
10/31/2019 15:00,0,0
10/31/2019 16:00,0,0
10/31/2019 17:00,0,0
10/31/2019 18:00,0,1
10/31/2019 19:00,0,1
10/31/2019 20:00,0,1
10/31/2019 21:00,0,0
10/31/2019 22:00,0,0
10/31/2019 23:00,0,0
11/1/2019 0:00,0,1
11/1/2019 1:00,0,0
11/1/2019 2:00,0,0
11/1/2019 3:00,0,0
11/1/2019 4:00,0,0
11/1/2019 5:00,1,1
11/1/2019 6:00,1,0
11/1/2019 7:00,1,0
11/1/2019 8:00,0,0
11/1/2019 9:00,1,0
11/1/2019 10:00,1,0
11/1/2019 11:00,1,0
11/1/2019 12:00,1,0
11/1/2019 13:00,1,0
11/1/2019 14:00,1,0
11/1/2019 15:00,0,0
11/1/2019 16:00,0,0
11/1/2019 17:00,1,0
11/1/2019 18:00,0,0
11/1/2019 19:00,0,1
11/1/2019 20:00,0,1
11/1/2019 21:00,0,0
11/1/2019 22:00,0,1
11/1/2019 23:00,0,1
11/2/2019 0:00,0,1
11/2/2019 1:00,0,1
11/2/2019 2:00,0,0
11/2/2019 3:00,0,0
11/2/2019 4:00,0,0
11/2/2019 5:00,0,0
11/2/2019 6:00,1,0
11/2/2019 7:00,0,0
11/2/2019 8:00,0,0
11/2/2019 9:00,0,1
11/2/2019 10:00,1,0
11/2/2019 11:00,1,0
11/2/2019 12:00,1,0
11/2/2019 13:00,1,0
11/2/2019 14:00,1,0
11/2/2019 15:00,1,0
11/2/2019 16:00,0,0
11/2/2019 17:00,0,0
11/2/2019 18:00,0,1
11/2/2019 19:00,0,1
11/2/2019 20:00,1,0
11/2/2019 21:00,0,0
11/2/2019 22:00,0,0
11/2/2019 23:00,0,0
11/3/2019 0:00,0,1
11/3/2019 1:00,0,1
11/3/2019 2:00,0,0
11/3/2019 3:00,0,1
11/3/2019 4:00,0,1
11/3/2019 5:00,1,0
11/3/2019 6:00,0,0
11/3/2019 7:00,0,0
11/3/2019 8:00,0,1
11/3/2019 9:00,0,0
11/3/2019 10:00,0,0
11/3/2019 11:00,1,0
11/3/2019 12:00,1,0
11/3/2019 13:00,0,1
11/3/2019 14:00,0,0
11/3/2019 15:00,1,0
11/3/2019 16:00,1,0
11/3/2019 17:00,1,0
11/3/2019 18:00,1,0
11/3/2019 19:00,1,0
11/3/2019 20:00,1,0
11/3/2019 21:00,0,1
11/3/2019 22:00,0,1
11/3/2019 23:00,0,1
11/4/2019 0:00,0,1
11/4/2019 1:00,0,1
11/4/2019 2:00,0,0
11/4/2019 3:00,0,0
11/4/2019 4:00,0,0
11/4/2019 5:00,1,0
11/4/2019 6:00,1,0
11/4/2019 7:00,0,1
11/4/2019 8:00,1,0
11/4/2019 9:00,1,0
11/4/2019 10:00,1,0
11/4/2019 11:00,1,0
11/4/2019 12:00,1,0
11/4/2019 13:00,0,0
11/4/2019 14:00,0,0
11/4/2019 15:00,0,0
11/4/2019 16:00,1,0
11/4/2019 17:00,1,0
11/4/2019 18:00,1,0
11/4/2019 19:00,1,0
11/4/2019 20:00,1,0
11/4/2019 21:00,0,0
11/4/2019 22:00,0,1
11/4/2019 23:00,1,0
11/5/2019 0:00,1,0
11/5/2019 1:00,1,0
11/5/2019 2:00,1,0
11/5/2019 3:00,1,0
11/5/2019 4:00,1,0
11/5/2019 5:00,1,0
11/5/2019 6:00,1,0
11/5/2019 7:00,1,0
11/5/2019 8:00,0,0
11/5/2019 9:00,1,0
11/5/2019 10:00,1,0
11/5/2019 11:00,1,0
11/5/2019 12:00,0,0
11/5/2019 13:00,1,0
11/5/2019 14:00,1,0
11/5/2019 15:00,1,0
11/5/2019 16:00,0,0
11/5/2019 17:00,1,0
11/5/2019 18:00,1,0
11/5/2019 19:00,1,0
11/5/2019 20:00,1,0
11/5/2019 21:00,1,0
11/5/2019 22:00,1,0
11/5/2019 23:00,1,0
11/6/2019 0:00,1,0
11/6/2019 1:00,1,0
11/6/2019 2:00,1,0
11/6/2019 3:00,0,0
11/6/2019 4:00,0,0
11/6/2019 5:00,1,0
11/6/2019 6:00,1,0
11/6/2019 7:00,1,0
11/6/2019 8:00,1,0
11/6/2019 9:00,1,0
11/6/2019 10:00,1,0
11/6/2019 11:00,0,0
11/6/2019 12:00,1,0
11/6/2019 13:00,1,0
11/6/2019 14:00,1,0
11/6/2019 15:00,1,0
11/6/2019 16:00,1,0
11/6/2019 17:00,1,0
11/6/2019 18:00,1,0
11/6/2019 19:00,1,0
11/6/2019 20:00,1,0
11/6/2019 21:00,1,0
11/6/2019 22:00,1,0
11/6/2019 23:00,1,0
11/7/2019 0:00,1,0
11/7/2019 1:00,1,0
11/7/2019 2:00,1,0
11/7/2019 3:00,1,0
11/7/2019 4:00,1,0
11/7/2019 5:00,1,0
11/7/2019 6:00,1,0
11/7/2019 7:00,1,0
11/7/2019 8:00,1,0
11/7/2019 9:00,1,0
11/7/2019 10:00,1,0
11/7/2019 11:00,1,0
11/7/2019 12:00,1,0
11/7/2019 13:00,1,0
11/7/2019 14:00,1,0
11/7/2019 15:00,1,0
11/7/2019 16:00,1,0
11/7/2019 17:00,0,0
11/7/2019 18:00,0,0
11/7/2019 19:00,1,0
11/7/2019 20:00,1,0
11/7/2019 21:00,1,0
11/7/2019 22:00,1,0
11/7/2019 23:00,1,0
11/8/2019 0:00,1,0
11/8/2019 1:00,1,0
11/8/2019 2:00,1,0
11/8/2019 3:00,1,0
11/8/2019 4:00,1,0
11/8/2019 5:00,1,0
11/8/2019 6:00,1,0
11/8/2019 7:00,1,0
11/8/2019 8:00,1,0
11/8/2019 9:00,1,0
11/8/2019 10:00,1,0
11/8/2019 11:00,1,0
11/8/2019 12:00,1,0
11/8/2019 13:00,1,0
11/8/2019 14:00,1,0
11/8/2019 15:00,1,0
11/8/2019 16:00,1,0
11/8/2019 17:00,1,0
11/8/2019 18:00,1,0
11/8/2019 19:00,1,0
11/8/2019 20:00,0,0
11/8/2019 21:00,1,0
11/8/2019 22:00,1,0
11/8/2019 23:00,1,0
11/9/2019 0:00,1,0
11/9/2019 1:00,1,0
11/9/2019 2:00,1,0
11/9/2019 3:00,1,0
11/9/2019 4:00,1,0
11/9/2019 5:00,1,0
11/9/2019 6:00,1,0
11/9/2019 7:00,1,0
11/9/2019 8:00,1,0
11/9/2019 9:00,1,0
11/9/2019 10:00,1,0
11/9/2019 11:00,1,0
11/9/2019 12:00,0,0
11/9/2019 13:00,0,0
11/9/2019 14:00,0,0
11/9/2019 15:00,0,0
11/9/2019 16:00,0,0
11/9/2019 17:00,0,0
11/9/2019 18:00,0,0
11/9/2019 19:00,0,0
11/9/2019 20:00,1,0
11/9/2019 21:00,0,0
11/9/2019 22:00,1,0
11/9/2019 23:00,1,0
11/10/2019 0:00,1,0
11/10/2019 1:00,1,0
11/10/2019 2:00,1,0
11/10/2019 3:00,1,0
11/10/2019 4:00,1,0
11/10/2019 5:00,1,0
11/10/2019 6:00,1,0
11/10/2019 7:00,1,0
11/10/2019 8:00,1,0
11/10/2019 9:00,1,0
11/10/2019 10:00,1,0
11/10/2019 11:00,1,0
11/10/2019 12:00,1,0
11/10/2019 13:00,1,0
11/10/2019 14:00,1,0
11/10/2019 15:00,1,0
11/10/2019 16:00,0,0
11/10/2019 17:00,0,0
11/10/2019 18:00,0,0
11/10/2019 19:00,0,0
11/10/2019 20:00,0,0
11/10/2019 21:00,0,0
11/10/2019 22:00,0,0
11/10/2019 23:00,0,1
11/11/2019 0:00,1,0
11/11/2019 1:00,1,0
11/11/2019 2:00,1,0
11/11/2019 3:00,1,0
11/11/2019 4:00,1,0
11/11/2019 5:00,1,0
11/11/2019 6:00,1,0
11/11/2019 7:00,1,0
11/11/2019 8:00,0,1
11/11/2019 9:00,1,0
11/11/2019 10:00,0,1
11/11/2019 11:00,1,0
11/11/2019 12:00,1,0
11/11/2019 13:00,1,0
11/11/2019 14:00,0,0
11/11/2019 15:00,0,0
11/11/2019 16:00,0,0
11/11/2019 17:00,0,0
11/11/2019 18:00,1,0
11/11/2019 19:00,1,0
11/11/2019 20:00,1,0
11/11/2019 21:00,1,0
11/11/2019 22:00,1,0
11/11/2019 23:00,1,0
11/12/2019 0:00,1,0
11/12/2019 1:00,1,0
11/12/2019 2:00,1,0
11/12/2019 3:00,1,0
11/12/2019 4:00,0,0
11/12/2019 5:00,1,0
11/12/2019 6:00,1,0
11/12/2019 7:00,1,0
11/12/2019 8:00,1,0
11/12/2019 9:00,1,0
11/12/2019 10:00,1,0
11/12/2019 11:00,1,0
11/12/2019 12:00,1,0
11/12/2019 13:00,1,0
11/12/2019 14:00,0,0
11/12/2019 15:00,0,0
11/12/2019 16:00,1,0
11/12/2019 17:00,1,0
11/12/2019 18:00,0,0
11/12/2019 19:00,0,0
11/12/2019 20:00,1,0
11/12/2019 21:00,1,0
11/12/2019 22:00,1,0
11/12/2019 23:00,1,0
11/13/2019 0:00,1,0
11/13/2019 1:00,1,0
11/13/2019 2:00,1,0
11/13/2019 3:00,1,0
11/13/2019 4:00,0,0
11/13/2019 5:00,1,0
11/13/2019 6:00,1,0
11/13/2019 7:00,1,0
11/13/2019 8:00,0,0
11/13/2019 9:00,1,0
11/13/2019 10:00,1,0
11/13/2019 11:00,1,0
11/13/2019 12:00,1,0
11/13/2019 13:00,1,0
11/13/2019 14:00,0,0
11/13/2019 15:00,0,0
11/13/2019 16:00,1,0
11/13/2019 17:00,1,0
11/13/2019 18:00,1,0
11/13/2019 19:00,0,0
11/13/2019 20:00,0,1
11/13/2019 21:00,1,0
11/13/2019 22:00,1,0
11/13/2019 23:00,1,0
11/14/2019 0:00,1,0
11/14/2019 1:00,1,0
11/14/2019 2:00,1,0
11/14/2019 3:00,1,0
11/14/2019 4:00,1,0
11/14/2019 5:00,1,0
11/14/2019 6:00,1,0
11/14/2019 7:00,1,0
11/14/2019 8:00,1,0
11/14/2019 9:00,1,0
11/14/2019 10:00,1,0
11/14/2019 11:00,1,0
11/14/2019 12:00,1,0
11/14/2019 13:00,0,0
11/14/2019 14:00,0,0
11/14/2019 15:00,0,0
11/14/2019 16:00,0,0
11/14/2019 17:00,1,0
11/14/2019 18:00,1,0
11/14/2019 19:00,0,0
11/14/2019 20:00,0,0
11/14/2019 21:00,0,0
11/14/2019 22:00,0,0
11/14/2019 23:00,0,1
11/15/2019 0:00,1,0
11/15/2019 1:00,0,0
11/15/2019 2:00,1,0
11/15/2019 3:00,1,0
11/15/2019 4:00,1,0
11/15/2019 5:00,1,0
11/15/2019 6:00,1,0
11/15/2019 7:00,1,0
11/15/2019 8:00,1,0
11/15/2019 9:00,1,0
11/15/2019 10:00,1,0
11/15/2019 11:00,1,0
11/15/2019 12:00,0,0
11/15/2019 13:00,0,0
11/15/2019 14:00,0,0
11/15/2019 15:00,0,0
11/15/2019 16:00,0,0
11/15/2019 17:00,1,0
11/15/2019 18:00,1,0
11/15/2019 19:00,1,0
11/15/2019 20:00,1,0
11/15/2019 21:00,0,0
11/15/2019 22:00,0,0
11/15/2019 23:00,0,0
11/16/2019 0:00,1,0
11/16/2019 1:00,0,0
11/16/2019 2:00,1,0
11/16/2019 3:00,1,0
11/16/2019 4:00,1,0
11/16/2019 5:00,1,0
11/16/2019 6:00,1,0
11/16/2019 7:00,1,0
11/16/2019 8:00,0,1
11/16/2019 9:00,1,0
11/16/2019 10:00,1,0
11/16/2019 11:00,0,0
11/16/2019 12:00,0,0
11/16/2019 13:00,1,0
11/16/2019 14:00,1,0
11/16/2019 15:00,1,0
11/16/2019 16:00,1,0
11/16/2019 17:00,1,0
11/16/2019 18:00,1,0
11/16/2019 19:00,0,0
11/16/2019 20:00,1,0
11/16/2019 21:00,1,0
11/16/2019 22:00,1,0
11/16/2019 23:00,1,0
11/17/2019 0:00,1,0
11/17/2019 1:00,0,0
11/17/2019 2:00,0,0
11/17/2019 3:00,0,0
11/17/2019 4:00,1,0
11/17/2019 5:00,1,0
11/17/2019 6:00,1,0
11/17/2019 7:00,0,0
11/17/2019 8:00,0,0
11/17/2019 9:00,1,0
11/17/2019 10:00,0,0
11/17/2019 11:00,0,0
11/17/2019 12:00,0,0
11/17/2019 13:00,1,0
11/17/2019 14:00,1,0
11/17/2019 15:00,1,0
11/17/2019 16:00,0,0
11/17/2019 17:00,0,0
11/17/2019 18:00,0,0
11/17/2019 19:00,0,0
11/17/2019 20:00,0,0
11/17/2019 21:00,1,0
11/17/2019 22:00,0,0
11/17/2019 23:00,0,0
11/18/2019 0:00,0,0
11/18/2019 1:00,1,0
11/18/2019 2:00,0,0
11/18/2019 3:00,1,0
11/18/2019 4:00,1,0
11/18/2019 5:00,0,0
11/18/2019 6:00,1,0
11/18/2019 7:00,1,0
11/18/2019 8:00,0,0
11/18/2019 9:00,0,0
11/18/2019 10:00,1,0
11/18/2019 11:00,0,0
11/18/2019 12:00,0,0
11/18/2019 13:00,0,0
11/18/2019 14:00,0,0
11/18/2019 15:00,1,0
11/18/2019 16:00,1,0
11/18/2019 17:00,1,0
11/18/2019 18:00,0,0
11/18/2019 19:00,0,0
11/18/2019 20:00,0,0
11/18/2019 21:00,0,0
11/18/2019 22:00,0,0
11/18/2019 23:00,0,0
11/19/2019 0:00,1,0
11/19/2019 1:00,1,0
11/19/2019 2:00,1,0
11/19/2019 3:00,1,0
11/19/2019 4:00,1,0
11/19/2019 5:00,1,0
11/19/2019 6:00,1,0
11/19/2019 7:00,1,0
11/19/2019 8:00,1,0
11/19/2019 9:00,1,0
11/19/2019 10:00,1,0
11/19/2019 11:00,1,0
11/19/2019 12:00,1,0
11/19/2019 13:00,1,0
11/19/2019 14:00,1,0
11/19/2019 15:00,1,0
11/19/2019 16:00,1,0
11/19/2019 17:00,1,0
11/19/2019 18:00,0,0
11/19/2019 19:00,1,0
11/19/2019 20:00,1,0
11/19/2019 21:00,0,0
11/19/2019 22:00,0,0
11/19/2019 23:00,1,0
11/20/2019 0:00,1,0
11/20/2019 1:00,1,0
11/20/2019 2:00,1,0
11/20/2019 3:00,0,0
11/20/2019 4:00,1,0
11/20/2019 5:00,1,0
11/20/2019 6:00,1,0
11/20/2019 7:00,1,0
11/20/2019 8:00,1,0
11/20/2019 9:00,1,0
11/20/2019 10:00,1,0
11/20/2019 11:00,1,0
11/20/2019 12:00,1,0
11/20/2019 13:00,1,0
11/20/2019 14:00,1,0
11/20/2019 15:00,1,0
11/20/2019 16:00,0,0
11/20/2019 17:00,0,0
11/20/2019 18:00,0,0
11/20/2019 19:00,1,0
11/20/2019 20:00,1,0
11/20/2019 21:00,0,0
11/20/2019 22:00,0,0
11/20/2019 23:00,1,0
11/21/2019 0:00,1,0
11/21/2019 1:00,1,0
11/21/2019 2:00,1,0
11/21/2019 3:00,1,0
11/21/2019 4:00,1,0
11/21/2019 5:00,1,0
11/21/2019 6:00,1,0
11/21/2019 7:00,0,0
11/21/2019 8:00,1,0
11/21/2019 9:00,0,0
11/21/2019 10:00,0,0
11/21/2019 11:00,1,0
11/21/2019 12:00,0,0
11/21/2019 13:00,1,0
11/21/2019 14:00,0,0
11/21/2019 15:00,1,0
11/21/2019 16:00,1,0
11/21/2019 17:00,1,0
11/21/2019 18:00,1,0
11/21/2019 19:00,1,0
11/21/2019 20:00,0,0
11/21/2019 21:00,0,0
11/21/2019 22:00,1,0
11/21/2019 23:00,1,0
11/22/2019 0:00,1,0
11/22/2019 1:00,0,0
11/22/2019 2:00,0,0
11/22/2019 3:00,0,0
11/22/2019 4:00,1,0
11/22/2019 5:00,1,0
11/22/2019 6:00,1,0
11/22/2019 7:00,1,0
11/22/2019 8:00,0,0
11/22/2019 9:00,0,0
11/22/2019 10:00,0,0
11/22/2019 11:00,1,0
11/22/2019 12:00,1,0
11/22/2019 13:00,1,0
11/22/2019 14:00,0,0
11/22/2019 15:00,1,0
11/22/2019 16:00,0,0
11/22/2019 17:00,1,0
11/22/2019 18:00,1,0
11/22/2019 19:00,0,0
11/22/2019 20:00,0,0
11/22/2019 21:00,0,0
11/22/2019 22:00,0,0
11/22/2019 23:00,0,0
11/23/2019 0:00,0,0
11/23/2019 1:00,0,0
11/23/2019 2:00,0,0
11/23/2019 3:00,0,0
11/23/2019 4:00,0,0
11/23/2019 5:00,0,0
11/23/2019 6:00,1,0
11/23/2019 7:00,1,0
11/23/2019 8:00,1,0
11/23/2019 9:00,1,0
11/23/2019 10:00,1,0
11/23/2019 11:00,1,0
11/23/2019 12:00,1,0
11/23/2019 13:00,1,0
11/23/2019 14:00,1,0
11/23/2019 15:00,1,0
11/23/2019 16:00,0,0
11/23/2019 17:00,0,0
11/23/2019 18:00,0,0
11/23/2019 19:00,0,0
11/23/2019 20:00,1,0
11/23/2019 21:00,1,0
11/23/2019 22:00,0,0
11/23/2019 23:00,1,0
11/24/2019 0:00,1,0
11/24/2019 1:00,1,0
11/24/2019 2:00,1,0
11/24/2019 3:00,0,0
11/24/2019 4:00,1,0
11/24/2019 5:00,0,0
11/24/2019 6:00,0,0
11/24/2019 7:00,0,0
11/24/2019 8:00,0,0
11/24/2019 9:00,0,0
11/24/2019 10:00,1,0
11/24/2019 11:00,1,0
11/24/2019 12:00,1,0
11/24/2019 13:00,1,0
11/24/2019 14:00,1,0
11/24/2019 15:00,0,0
11/24/2019 16:00,0,0
11/24/2019 17:00,0,0
11/24/2019 18:00,0,0
11/24/2019 19:00,0,0
11/24/2019 20:00,0,0
11/24/2019 21:00,0,0
11/24/2019 22:00,0,0
11/24/2019 23:00,0,0
11/25/2019 0:00,0,0
11/25/2019 1:00,1,0
11/25/2019 2:00,1,0
11/25/2019 3:00,1,0
11/25/2019 4:00,1,0
11/25/2019 5:00,0,0
11/25/2019 6:00,1,0
11/25/2019 7:00,1,0
11/25/2019 8:00,1,0
11/25/2019 9:00,1,0
11/25/2019 10:00,1,0
11/25/2019 11:00,1,0
11/25/2019 12:00,0,0
11/25/2019 13:00,0,0
11/25/2019 14:00,0,0
11/25/2019 15:00,0,0
11/25/2019 16:00,0,0
11/25/2019 17:00,0,0
11/25/2019 18:00,0,0
11/25/2019 19:00,0,0
11/25/2019 20:00,0,0
11/25/2019 21:00,0,0
11/25/2019 22:00,0,0
11/25/2019 23:00,0,0
11/26/2019 0:00,0,0
11/26/2019 1:00,1,0
11/26/2019 2:00,0,0
11/26/2019 3:00,0,0
11/26/2019 4:00,0,0
11/26/2019 5:00,0,0
11/26/2019 6:00,0,0
11/26/2019 7:00,1,0
11/26/2019 8:00,1,0
11/26/2019 9:00,1,0
11/26/2019 10:00,0,0
11/26/2019 11:00,0,0
11/26/2019 12:00,0,0
11/26/2019 13:00,1,0
11/26/2019 14:00,1,0
11/26/2019 15:00,1,0
11/26/2019 16:00,0,0
11/26/2019 17:00,0,0
11/26/2019 18:00,1,0
11/26/2019 19:00,1,0
11/26/2019 20:00,0,0
11/26/2019 21:00,0,0
11/26/2019 22:00,0,0
11/26/2019 23:00,0,0
11/27/2019 0:00,0,0
11/27/2019 1:00,0,0
11/27/2019 2:00,0,0
11/27/2019 3:00,0,0
11/27/2019 4:00,0,0
11/27/2019 5:00,0,0
11/27/2019 6:00,0,0
11/27/2019 7:00,0,0
11/27/2019 8:00,0,0
11/27/2019 9:00,0,0
11/27/2019 10:00,0,0
11/27/2019 11:00,1,0
11/27/2019 12:00,1,0
11/27/2019 13:00,0,0
11/27/2019 14:00,0,0
11/27/2019 15:00,0,0
11/27/2019 16:00,0,0
11/27/2019 17:00,0,0
11/27/2019 18:00,0,0
11/27/2019 19:00,0,0
11/27/2019 20:00,0,0
11/27/2019 21:00,0,0
11/27/2019 22:00,0,0
11/27/2019 23:00,0,0
11/28/2019 0:00,0,0
11/28/2019 1:00,0,0
11/28/2019 2:00,1,0
11/28/2019 3:00,1,0
11/28/2019 4:00,1,0
11/28/2019 5:00,1,0
11/28/2019 6:00,0,0
11/28/2019 7:00,0,0
11/28/2019 8:00,0,0
11/28/2019 9:00,0,0
11/28/2019 10:00,1,0
11/28/2019 11:00,0,0
11/28/2019 12:00,1,0
11/28/2019 13:00,0,0
11/28/2019 14:00,1,0
11/28/2019 15:00,0,0
11/28/2019 16:00,0,0
11/28/2019 17:00,1,0
11/28/2019 18:00,1,0
11/28/2019 19:00,0,0
11/28/2019 20:00,0,0
11/28/2019 21:00,0,0
11/28/2019 22:00,0,0
11/28/2019 23:00,0,0
11/29/2019 0:00,0,0
11/29/2019 1:00,0,0
11/29/2019 2:00,0,0
11/29/2019 3:00,0,0
11/29/2019 4:00,0,0
11/29/2019 5:00,1,0
11/29/2019 6:00,1,0
11/29/2019 7:00,1,0
11/29/2019 8:00,1,0
11/29/2019 9:00,1,0
11/29/2019 10:00,0,0
11/29/2019 11:00,0,0
11/29/2019 12:00,0,0
11/29/2019 13:00,0,0
11/29/2019 14:00,0,0
11/29/2019 15:00,0,0
11/29/2019 16:00,0,0
11/29/2019 17:00,0,0
11/29/2019 18:00,0,0
11/29/2019 19:00,0,0
11/29/2019 20:00,0,0
11/29/2019 21:00,0,0
11/29/2019 22:00,0,0
11/29/2019 23:00,0,0
11/30/2019 0:00,0,0
11/30/2019 1:00,1,0
11/30/2019 2:00,1,0
11/30/2019 3:00,1,0
11/30/2019 4:00,1,0
11/30/2019 5:00,1,0
11/30/2019 6:00,1,0
11/30/2019 7:00,1,0
11/30/2019 8:00,1,0
11/30/2019 9:00,1,0
11/30/2019 10:00,0,0
11/30/2019 11:00,0,0
11/30/2019 12:00,1,0
11/30/2019 13:00,1,0
11/30/2019 14:00,0,0
11/30/2019 15:00,1,0
11/30/2019 16:00,1,0
11/30/2019 17:00,0,0
11/30/2019 18:00,0,0
11/30/2019 19:00,0,0
11/30/2019 20:00,1,0
11/30/2019 21:00,0,0
11/30/2019 22:00,0,0
11/30/2019 23:00,0,0
12/1/2019 0:00,0,0
12/1/2019 1:00,1,0
12/1/2019 2:00,1,0
12/1/2019 3:00,1,0
12/1/2019 4:00,1,0
12/1/2019 5:00,1,0
12/1/2019 6:00,1,0
12/1/2019 7:00,1,0
12/1/2019 8:00,1,0
12/1/2019 9:00,1,0
12/1/2019 10:00,1,0
12/1/2019 11:00,1,0
12/1/2019 12:00,1,0
12/1/2019 13:00,1,0
12/1/2019 14:00,1,0
12/1/2019 15:00,1,0
12/1/2019 16:00,1,0
12/1/2019 17:00,1,0
12/1/2019 18:00,1,0
12/1/2019 19:00,1,0
12/1/2019 20:00,1,0
12/1/2019 21:00,1,0
12/1/2019 22:00,1,0
12/1/2019 23:00,1,0
12/2/2019 0:00,1,0
12/2/2019 1:00,1,0
12/2/2019 2:00,1,0
12/2/2019 3:00,1,0
12/2/2019 4:00,1,0
12/2/2019 5:00,1,0
12/2/2019 6:00,1,0
12/2/2019 7:00,1,0
12/2/2019 8:00,1,0
12/2/2019 9:00,1,0
12/2/2019 10:00,1,0
12/2/2019 11:00,1,0
12/2/2019 12:00,0,0
12/2/2019 13:00,1,0
12/2/2019 14:00,0,0
12/2/2019 15:00,0,0
12/2/2019 16:00,1,0
12/2/2019 17:00,1,0
12/2/2019 18:00,0,0
12/2/2019 19:00,0,0
12/2/2019 20:00,0,0
12/2/2019 21:00,0,0
12/2/2019 22:00,0,0
12/2/2019 23:00,0,0
12/3/2019 0:00,1,0
12/3/2019 1:00,1,0
12/3/2019 2:00,1,0
12/3/2019 3:00,1,0
12/3/2019 4:00,1,0
12/3/2019 5:00,1,0
12/3/2019 6:00,1,0
12/3/2019 7:00,1,0
12/3/2019 8:00,1,0
12/3/2019 9:00,1,0
12/3/2019 10:00,1,0
12/3/2019 11:00,1,0
12/3/2019 12:00,1,0
12/3/2019 13:00,1,0
12/3/2019 14:00,1,0
12/3/2019 15:00,0,0
12/3/2019 16:00,0,0
12/3/2019 17:00,1,0
12/3/2019 18:00,1,0
12/3/2019 19:00,0,0
12/3/2019 20:00,0,0
12/3/2019 21:00,1,0
12/3/2019 22:00,1,0
12/3/2019 23:00,1,0
12/4/2019 0:00,1,0
12/4/2019 1:00,1,0
12/4/2019 2:00,1,0
12/4/2019 3:00,1,0
12/4/2019 4:00,1,0
12/4/2019 5:00,1,0
12/4/2019 6:00,1,0
12/4/2019 7:00,1,0
12/4/2019 8:00,1,0
12/4/2019 9:00,1,0
12/4/2019 10:00,1,0
12/4/2019 11:00,1,0
12/4/2019 12:00,1,0
12/4/2019 13:00,1,0
12/4/2019 14:00,1,0
12/4/2019 15:00,1,0
12/4/2019 16:00,1,0
12/4/2019 17:00,0,0
12/4/2019 18:00,0,0
12/4/2019 19:00,0,0
12/4/2019 20:00,1,0
12/4/2019 21:00,1,0
12/4/2019 22:00,0,0
12/4/2019 23:00,1,0
12/5/2019 0:00,1,0
12/5/2019 1:00,1,0
12/5/2019 2:00,1,0
12/5/2019 3:00,1,0
12/5/2019 4:00,1,0
12/5/2019 5:00,1,0
12/5/2019 6:00,1,0
12/5/2019 7:00,0,0
12/5/2019 8:00,1,0
12/5/2019 9:00,1,0
12/5/2019 10:00,1,0
12/5/2019 11:00,1,0
12/5/2019 12:00,1,0
12/5/2019 13:00,1,0
12/5/2019 14:00,1,0
12/5/2019 15:00,1,0
12/5/2019 16:00,1,0
12/5/2019 17:00,0,0
12/5/2019 18:00,0,0
12/5/2019 19:00,1,0
12/5/2019 20:00,1,0
12/5/2019 21:00,1,0
12/5/2019 22:00,1,0
12/5/2019 23:00,0,0
12/6/2019 0:00,1,0
12/6/2019 1:00,1,0
12/6/2019 2:00,1,0
12/6/2019 3:00,1,0
12/6/2019 4:00,1,0
12/6/2019 5:00,1,0
12/6/2019 6:00,1,0
12/6/2019 7:00,0,0
12/6/2019 8:00,1,0
12/6/2019 9:00,1,0
12/6/2019 10:00,0,0
12/6/2019 11:00,1,0
12/6/2019 12:00,0,0
12/6/2019 13:00,0,0
12/6/2019 14:00,0,0
12/6/2019 15:00,0,0
12/6/2019 16:00,1,0
12/6/2019 17:00,0,0
12/6/2019 18:00,1,0
12/6/2019 19:00,1,0
12/6/2019 20:00,1,0
12/6/2019 21:00,1,0
12/6/2019 22:00,1,0
12/6/2019 23:00,0,0
12/7/2019 0:00,1,0
12/7/2019 1:00,1,0
12/7/2019 2:00,1,0
12/7/2019 3:00,1,0
12/7/2019 4:00,0,0
12/7/2019 5:00,1,0
12/7/2019 6:00,1,0
12/7/2019 7:00,0,0
12/7/2019 8:00,1,0
12/7/2019 9:00,0,0
12/7/2019 10:00,0,0
12/7/2019 11:00,1,0
12/7/2019 12:00,1,0
12/7/2019 13:00,1,0
12/7/2019 14:00,1,0
12/7/2019 15:00,0,0
12/7/2019 16:00,0,0
12/7/2019 17:00,1,0
12/7/2019 18:00,0,0
12/7/2019 19:00,0,0
12/7/2019 20:00,0,0
12/7/2019 21:00,0,0
12/7/2019 22:00,0,0
12/7/2019 23:00,1,0
12/8/2019 0:00,1,0
12/8/2019 1:00,1,0
12/8/2019 2:00,1,0
12/8/2019 3:00,1,0
12/8/2019 4:00,1,0
12/8/2019 5:00,1,0
12/8/2019 6:00,1,0
12/8/2019 7:00,1,0
12/8/2019 8:00,1,0
12/8/2019 9:00,1,0
12/8/2019 10:00,0,0
12/8/2019 11:00,0,0
12/8/2019 12:00,1,0
12/8/2019 13:00,1,0
12/8/2019 14:00,1,0
12/8/2019 15:00,0,0
12/8/2019 16:00,0,0
12/8/2019 17:00,1,0
12/8/2019 18:00,0,0
12/8/2019 19:00,1,0
12/8/2019 20:00,1,0
12/8/2019 21:00,1,0
12/8/2019 22:00,1,0
12/8/2019 23:00,0,0
12/9/2019 0:00,1,0
12/9/2019 1:00,1,0
12/9/2019 2:00,1,0
12/9/2019 3:00,1,0
12/9/2019 4:00,1,0
12/9/2019 5:00,1,0
12/9/2019 6:00,1,0
12/9/2019 7:00,1,0
12/9/2019 8:00,1,0
12/9/2019 9:00,1,0
12/9/2019 10:00,1,0
12/9/2019 11:00,1,0
12/9/2019 12:00,1,0
12/9/2019 13:00,1,0
12/9/2019 14:00,1,0
12/9/2019 15:00,1,0
12/9/2019 16:00,1,0
12/9/2019 17:00,1,0
12/9/2019 18:00,1,0
12/9/2019 19:00,1,0
12/9/2019 20:00,1,0
12/9/2019 21:00,1,0
12/9/2019 22:00,0,0
12/9/2019 23:00,0,0
12/10/2019 0:00,1,0
12/10/2019 1:00,1,0
12/10/2019 2:00,1,0
12/10/2019 3:00,1,0
12/10/2019 4:00,1,0
12/10/2019 5:00,1,0
12/10/2019 6:00,1,0
12/10/2019 7:00,1,0
12/10/2019 8:00,1,0
12/10/2019 9:00,0,0
12/10/2019 10:00,0,0
12/10/2019 11:00,1,0
12/10/2019 12:00,1,0
12/10/2019 13:00,1,0
12/10/2019 14:00,0,0
12/10/2019 15:00,1,0
12/10/2019 16:00,1,0
12/10/2019 17:00,0,0
12/10/2019 18:00,0,0
12/10/2019 19:00,0,0
12/10/2019 20:00,0,0
12/10/2019 21:00,0,0
12/10/2019 22:00,0,0
12/10/2019 23:00,0,0
12/11/2019 0:00,0,0
12/11/2019 1:00,1,0
12/11/2019 2:00,1,0
12/11/2019 3:00,1,0
12/11/2019 4:00,1,0
12/11/2019 5:00,1,0
12/11/2019 6:00,1,0
12/11/2019 7:00,1,0
12/11/2019 8:00,1,0
12/11/2019 9:00,0,0
12/11/2019 10:00,1,0
12/11/2019 11:00,1,0
12/11/2019 12:00,1,0
12/11/2019 13:00,1,0
12/11/2019 14:00,1,0
12/11/2019 15:00,0,0
12/11/2019 16:00,0,0
12/11/2019 17:00,0,0
12/11/2019 18:00,1,0
12/11/2019 19:00,1,0
12/11/2019 20:00,1,0
12/11/2019 21:00,0,0
12/11/2019 22:00,0,0
12/11/2019 23:00,1,0
12/12/2019 0:00,0,0
12/12/2019 1:00,0,0
12/12/2019 2:00,1,0
12/12/2019 3:00,0,0
12/12/2019 4:00,0,1
12/12/2019 5:00,0,1
12/12/2019 6:00,1,0
12/12/2019 7:00,1,0
12/12/2019 8:00,1,0
12/12/2019 9:00,1,0
12/12/2019 10:00,1,0
12/12/2019 11:00,1,0
12/12/2019 12:00,1,0
12/12/2019 13:00,1,0
12/12/2019 14:00,1,0
12/12/2019 15:00,0,0
12/12/2019 16:00,1,0
12/12/2019 17:00,0,0
12/12/2019 18:00,0,0
12/12/2019 19:00,0,0
12/12/2019 20:00,0,0
12/12/2019 21:00,0,0
12/12/2019 22:00,1,0
12/12/2019 23:00,1,0
12/13/2019 0:00,1,0
12/13/2019 1:00,0,1
12/13/2019 2:00,1,0
12/13/2019 3:00,1,0
12/13/2019 4:00,1,0
12/13/2019 5:00,1,0
12/13/2019 6:00,1,0
12/13/2019 7:00,1,0
12/13/2019 8:00,1,0
12/13/2019 9:00,1,0
12/13/2019 10:00,1,0
12/13/2019 11:00,0,0
12/13/2019 12:00,0,0
12/13/2019 13:00,0,0
12/13/2019 14:00,0,0
12/13/2019 15:00,0,0
12/13/2019 16:00,0,0
12/13/2019 17:00,0,0
12/13/2019 18:00,0,0
12/13/2019 19:00,1,0
12/13/2019 20:00,0,0
12/13/2019 21:00,0,0
12/13/2019 22:00,0,0
12/13/2019 23:00,0,0
12/14/2019 0:00,0,0
12/14/2019 1:00,0,0
12/14/2019 2:00,1,0
12/14/2019 3:00,0,0
12/14/2019 4:00,0,0
12/14/2019 5:00,0,0
12/14/2019 6:00,0,0
12/14/2019 7:00,0,0
12/14/2019 8:00,0,0
12/14/2019 9:00,0,0
12/14/2019 10:00,0,0
12/14/2019 11:00,0,0
12/14/2019 12:00,0,0
12/14/2019 13:00,0,0
12/14/2019 14:00,0,0
12/14/2019 15:00,0,0
12/14/2019 16:00,0,0
12/14/2019 17:00,0,0
12/14/2019 18:00,0,0
12/14/2019 19:00,0,0
12/14/2019 20:00,0,0
12/14/2019 21:00,0,0
12/14/2019 22:00,0,0
12/14/2019 23:00,0,0
12/15/2019 0:00,1,0
12/15/2019 1:00,0,0
12/15/2019 2:00,0,0
12/15/2019 3:00,0,0
12/15/2019 4:00,0,0
12/15/2019 5:00,0,0
12/15/2019 6:00,0,0
12/15/2019 7:00,0,0
12/15/2019 8:00,0,0
12/15/2019 9:00,0,0
12/15/2019 10:00,0,0
12/15/2019 11:00,0,0
12/15/2019 12:00,0,0
12/15/2019 13:00,0,0
12/15/2019 14:00,1,0
12/15/2019 15:00,1,0
12/15/2019 16:00,0,0
12/15/2019 17:00,1,0
12/15/2019 18:00,0,0
12/15/2019 19:00,0,0
12/15/2019 20:00,0,0
12/15/2019 21:00,0,0
12/15/2019 22:00,0,0
12/15/2019 23:00,0,0
12/16/2019 0:00,0,0
12/16/2019 1:00,0,0
12/16/2019 2:00,1,0
12/16/2019 3:00,1,0
12/16/2019 4:00,1,0
12/16/2019 5:00,1,1
12/16/2019 6:00,1,0
12/16/2019 7:00,1,0
12/16/2019 8:00,1,0
12/16/2019 9:00,1,0
12/16/2019 10:00,1,0
12/16/2019 11:00,1,0
12/16/2019 12:00,1,0
12/16/2019 13:00,1,0
12/16/2019 14:00,1,0
12/16/2019 15:00,0,0
12/16/2019 16:00,0,0
12/16/2019 17:00,0,0
12/16/2019 18:00,0,0
12/16/2019 19:00,0,0
12/16/2019 20:00,0,0
12/16/2019 21:00,0,0
12/16/2019 22:00,0,0
12/16/2019 23:00,0,0
12/17/2019 0:00,0,0
12/17/2019 1:00,1,0
12/17/2019 2:00,1,0
12/17/2019 3:00,1,0
12/17/2019 4:00,1,0
12/17/2019 5:00,1,0
12/17/2019 6:00,1,0
12/17/2019 7:00,1,0
12/17/2019 8:00,1,0
12/17/2019 9:00,1,0
12/17/2019 10:00,1,0
12/17/2019 11:00,1,0
12/17/2019 12:00,1,0
12/17/2019 13:00,0,0
12/17/2019 14:00,0,0
12/17/2019 15:00,0,0
12/17/2019 16:00,0,0
12/17/2019 17:00,0,0
12/17/2019 18:00,0,0
12/17/2019 19:00,0,0
12/17/2019 20:00,0,0
12/17/2019 21:00,0,0
12/17/2019 22:00,0,0
12/17/2019 23:00,0,0
12/18/2019 0:00,0,0
12/18/2019 1:00,1,0
12/18/2019 2:00,1,0
12/18/2019 3:00,0,0
12/18/2019 4:00,1,0
12/18/2019 5:00,1,0
12/18/2019 6:00,1,0
12/18/2019 7:00,1,0
12/18/2019 8:00,1,0
12/18/2019 9:00,1,0
12/18/2019 10:00,1,0
12/18/2019 11:00,1,0
12/18/2019 12:00,1,0
12/18/2019 13:00,1,0
12/18/2019 14:00,1,0
12/18/2019 15:00,1,0
12/18/2019 16:00,0,0
12/18/2019 17:00,0,0
12/18/2019 18:00,0,0
12/18/2019 19:00,0,0
12/18/2019 20:00,0,0
12/18/2019 21:00,0,0
12/18/2019 22:00,0,0
12/18/2019 23:00,0,0
12/19/2019 0:00,1,0
12/19/2019 1:00,0,0
12/19/2019 2:00,0,0
12/19/2019 3:00,0,0
12/19/2019 4:00,0,0
12/19/2019 5:00,0,0
12/19/2019 6:00,0,0
12/19/2019 7:00,0,0
12/19/2019 8:00,0,0
12/19/2019 9:00,1,0
12/19/2019 10:00,1,0
12/19/2019 11:00,1,0
12/19/2019 12:00,1,0
12/19/2019 13:00,1,0
12/19/2019 14:00,1,0
12/19/2019 15:00,1,0
12/19/2019 16:00,1,0
12/19/2019 17:00,0,0
12/19/2019 18:00,0,0
12/19/2019 19:00,0,0
12/19/2019 20:00,0,0
12/19/2019 21:00,0,0
12/19/2019 22:00,0,0
12/19/2019 23:00,0,0
12/20/2019 0:00,1,0
12/20/2019 1:00,1,0
12/20/2019 2:00,1,0
12/20/2019 3:00,1,0
12/20/2019 4:00,1,0
12/20/2019 5:00,1,0
12/20/2019 6:00,1,0
12/20/2019 7:00,1,0
12/20/2019 8:00,1,0
12/20/2019 9:00,1,0
12/20/2019 10:00,1,0
12/20/2019 11:00,1,0
12/20/2019 12:00,0,0
12/20/2019 13:00,0,0
12/20/2019 14:00,0,0
12/20/2019 15:00,0,0
12/20/2019 16:00,0,0
12/20/2019 17:00,0,0
12/20/2019 18:00,0,0
12/20/2019 19:00,0,0
12/20/2019 20:00,0,0
12/20/2019 21:00,0,0
12/20/2019 22:00,0,0
12/20/2019 23:00,1,0
12/21/2019 0:00,0,0
12/21/2019 1:00,1,0
12/21/2019 2:00,1,0
12/21/2019 3:00,1,0
12/21/2019 4:00,0,0
12/21/2019 5:00,0,0
12/21/2019 6:00,0,0
12/21/2019 7:00,0,0
12/21/2019 8:00,0,0
12/21/2019 9:00,1,0
12/21/2019 10:00,1,0
12/21/2019 11:00,0,0
12/21/2019 12:00,1,0
12/21/2019 13:00,1,0
12/21/2019 14:00,1,0
12/21/2019 15:00,1,0
12/21/2019 16:00,0,0
12/21/2019 17:00,1,0
12/21/2019 18:00,0,0
12/21/2019 19:00,0,0
12/21/2019 20:00,0,0
12/21/2019 21:00,0,0
12/21/2019 22:00,0,0
12/21/2019 23:00,1,0
12/22/2019 0:00,1,0
12/22/2019 1:00,1,0
12/22/2019 2:00,1,0
12/22/2019 3:00,1,0
12/22/2019 4:00,1,0
12/22/2019 5:00,1,0
12/22/2019 6:00,1,0
12/22/2019 7:00,1,0
12/22/2019 8:00,1,0
12/22/2019 9:00,1,0
12/22/2019 10:00,1,0
12/22/2019 11:00,1,0
12/22/2019 12:00,1,0
12/22/2019 13:00,1,0
12/22/2019 14:00,1,0
12/22/2019 15:00,1,0
12/22/2019 16:00,1,0
12/22/2019 17:00,1,0
12/22/2019 18:00,0,0
12/22/2019 19:00,0,0
12/22/2019 20:00,1,0
12/22/2019 21:00,0,0
12/22/2019 22:00,0,0
12/22/2019 23:00,0,0
12/23/2019 0:00,1,0
12/23/2019 1:00,1,0
12/23/2019 2:00,1,0
12/23/2019 3:00,1,0
12/23/2019 4:00,1,0
12/23/2019 5:00,1,0
12/23/2019 6:00,1,0
12/23/2019 7:00,1,0
12/23/2019 8:00,1,0
12/23/2019 9:00,1,0
12/23/2019 10:00,1,0
12/23/2019 11:00,1,0
12/23/2019 12:00,0,0
12/23/2019 13:00,0,0
12/23/2019 14:00,0,0
12/23/2019 15:00,0,0
12/23/2019 16:00,1,0
12/23/2019 17:00,1,0
12/23/2019 18:00,1,0
12/23/2019 19:00,1,0
12/23/2019 20:00,1,0
12/23/2019 21:00,1,0
12/23/2019 22:00,0,0
12/23/2019 23:00,0,0
12/24/2019 0:00,1,0
12/24/2019 1:00,1,0
12/24/2019 2:00,1,0
12/24/2019 3:00,1,0
12/24/2019 4:00,1,0
12/24/2019 5:00,1,0
12/24/2019 6:00,1,0
12/24/2019 7:00,1,0
12/24/2019 8:00,1,0
12/24/2019 9:00,1,0
12/24/2019 10:00,1,0
12/24/2019 11:00,1,0
12/24/2019 12:00,1,0
12/24/2019 13:00,1,0
12/24/2019 14:00,1,0
12/24/2019 15:00,1,0
12/24/2019 16:00,1,0
12/24/2019 17:00,1,0
12/24/2019 18:00,0,0
12/24/2019 19:00,1,0
12/24/2019 20:00,1,0
12/24/2019 21:00,0,0
12/24/2019 22:00,0,0
12/24/2019 23:00,0,0
12/25/2019 0:00,1,0
12/25/2019 1:00,1,0
12/25/2019 2:00,1,0
12/25/2019 3:00,1,0
12/25/2019 4:00,1,0
12/25/2019 5:00,1,0
12/25/2019 6:00,1,0
12/25/2019 7:00,1,0
12/25/2019 8:00,1,0
12/25/2019 9:00,1,0
12/25/2019 10:00,1,0
12/25/2019 11:00,1,0
12/25/2019 12:00,1,0
12/25/2019 13:00,1,0
12/25/2019 14:00,1,0
12/25/2019 15:00,1,0
12/25/2019 16:00,1,0
12/25/2019 17:00,1,0
12/25/2019 18:00,1,0
12/25/2019 19:00,1,0
12/25/2019 20:00,1,0
12/25/2019 21:00,0,0
12/25/2019 22:00,0,0
12/25/2019 23:00,0,0
12/26/2019 0:00,0,0
12/26/2019 1:00,0,1
12/26/2019 2:00,0,0
12/26/2019 3:00,1,0
12/26/2019 4:00,1,0
12/26/2019 5:00,1,0
12/26/2019 6:00,1,0
12/26/2019 7:00,1,0
12/26/2019 8:00,1,0
12/26/2019 9:00,1,0
12/26/2019 10:00,1,0
12/26/2019 11:00,1,0
12/26/2019 12:00,1,0
12/26/2019 13:00,1,0
12/26/2019 14:00,1,0
12/26/2019 15:00,1,0
12/26/2019 16:00,1,0
12/26/2019 17:00,1,0
12/26/2019 18:00,1,0
12/26/2019 19:00,1,0
12/26/2019 20:00,1,0
12/26/2019 21:00,1,0
12/26/2019 22:00,1,0
12/26/2019 23:00,1,0
12/27/2019 0:00,1,0
12/27/2019 1:00,0,0
12/27/2019 2:00,0,0
12/27/2019 3:00,0,0
12/27/2019 4:00,0,0
12/27/2019 5:00,1,0
12/27/2019 6:00,1,0
12/27/2019 7:00,1,0
12/27/2019 8:00,1,0
12/27/2019 9:00,1,0
12/27/2019 10:00,1,0
12/27/2019 11:00,1,0
12/27/2019 12:00,1,0
12/27/2019 13:00,1,0
12/27/2019 14:00,0,0
12/27/2019 15:00,0,0
12/27/2019 16:00,0,0
12/27/2019 17:00,0,0
12/27/2019 18:00,0,0
12/27/2019 19:00,0,0
12/27/2019 20:00,0,0
12/27/2019 21:00,1,0
12/27/2019 22:00,1,0
12/27/2019 23:00,1,0
12/28/2019 0:00,1,0
12/28/2019 1:00,1,0
12/28/2019 2:00,1,0
12/28/2019 3:00,1,0
12/28/2019 4:00,1,0
12/28/2019 5:00,1,0
12/28/2019 6:00,1,0
12/28/2019 7:00,1,0
12/28/2019 8:00,1,0
12/28/2019 9:00,1,0
12/28/2019 10:00,1,0
12/28/2019 11:00,1,0
12/28/2019 12:00,1,0
12/28/2019 13:00,1,0
12/28/2019 14:00,1,0
12/28/2019 15:00,1,0
12/28/2019 16:00,1,0
12/28/2019 17:00,0,0
12/28/2019 18:00,0,0
12/28/2019 19:00,1,0
12/28/2019 20:00,1,0
12/28/2019 21:00,1,0
12/28/2019 22:00,1,0
12/28/2019 23:00,1,0
12/29/2019 0:00,1,0
12/29/2019 1:00,1,0
12/29/2019 2:00,0,0
12/29/2019 3:00,1,0
12/29/2019 4:00,1,0
12/29/2019 5:00,0,0
12/29/2019 6:00,1,0
12/29/2019 7:00,1,0
12/29/2019 8:00,1,0
12/29/2019 9:00,1,0
12/29/2019 10:00,1,0
12/29/2019 11:00,1,0
12/29/2019 12:00,0,0
12/29/2019 13:00,0,0
12/29/2019 14:00,1,0
12/29/2019 15:00,0,0
12/29/2019 16:00,0,0
12/29/2019 17:00,1,0
12/29/2019 18:00,1,0
12/29/2019 19:00,0,0
12/29/2019 20:00,0,0
12/29/2019 21:00,0,0
12/29/2019 22:00,1,0
12/29/2019 23:00,0,0
12/30/2019 0:00,0,0
12/30/2019 1:00,0,0
12/30/2019 2:00,0,0
12/30/2019 3:00,1,0
12/30/2019 4:00,1,0
12/30/2019 5:00,1,0
12/30/2019 6:00,1,0
12/30/2019 7:00,1,0
12/30/2019 8:00,1,0
12/30/2019 9:00,1,0
12/30/2019 10:00,1,0
12/30/2019 11:00,1,0
12/30/2019 12:00,1,0
12/30/2019 13:00,1,0
12/30/2019 14:00,0,0
12/30/2019 15:00,0,0
12/30/2019 16:00,0,0
12/30/2019 17:00,0,0
12/30/2019 18:00,0,0
12/30/2019 19:00,0,0
12/30/2019 20:00,1,0
12/30/2019 21:00,1,0
12/30/2019 22:00,1,0
12/30/2019 23:00,1,0
12/31/2019 0:00,1,0
12/31/2019 1:00,1,0
12/31/2019 2:00,1,0
12/31/2019 3:00,1,0
12/31/2019 4:00,1,0
12/31/2019 5:00,1,0
12/31/2019 6:00,1,0
12/31/2019 7:00,1,0
12/31/2019 8:00,1,0
12/31/2019 9:00,1,0
12/31/2019 10:00,1,0
12/31/2019 11:00,1,0
12/31/2019 12:00,1,0
12/31/2019 13:00,1,0
12/31/2019 14:00,1,0
12/31/2019 15:00,1,0
12/31/2019 16:00,0,0
12/31/2019 17:00,0,0
12/31/2019 18:00,0,0
12/31/2019 19:00,0,0
12/31/2019 20:00,0,0
12/31/2019 21:00,0,0
12/31/2019 22:00,0,0
12/31/2019 23:00,0,0
1/1/2020 0:00,1,0
1/1/2020 1:00,1,0
1/1/2020 2:00,1,0
1/1/2020 3:00,1,0
1/1/2020 4:00,1,0
1/1/2020 5:00,1,0
1/1/2020 6:00,1,0
1/1/2020 7:00,1,0
1/1/2020 8:00,1,0
1/1/2020 9:00,1,0
1/1/2020 10:00,1,0
1/1/2020 11:00,1,0
1/1/2020 12:00,0,0
1/1/2020 13:00,0,0
1/1/2020 14:00,1,0
1/1/2020 15:00,1,0
1/1/2020 16:00,1,0
1/1/2020 17:00,1,0
1/1/2020 18:00,1,0
1/1/2020 19:00,1,0
1/1/2020 20:00,1,0
1/1/2020 21:00,1,0
1/1/2020 22:00,1,0
1/1/2020 23:00,0,0
1/2/2020 0:00,0,0
1/2/2020 1:00,1,0
1/2/2020 2:00,1,0
1/2/2020 3:00,1,0
1/2/2020 4:00,1,0
1/2/2020 5:00,1,0
1/2/2020 6:00,1,0
1/2/2020 7:00,1,0
1/2/2020 8:00,1,0
1/2/2020 9:00,1,0
1/2/2020 10:00,1,0
1/2/2020 11:00,1,0
1/2/2020 12:00,1,0
1/2/2020 13:00,1,0
1/2/2020 14:00,1,0
1/2/2020 15:00,1,0
1/2/2020 16:00,1,0
1/2/2020 17:00,1,0
1/2/2020 18:00,1,0
1/2/2020 19:00,1,0
1/2/2020 20:00,1,0
1/2/2020 21:00,1,0
1/2/2020 22:00,0,0
1/2/2020 23:00,0,0
1/3/2020 0:00,1,0
1/3/2020 1:00,1,0
1/3/2020 2:00,1,0
1/3/2020 3:00,1,0
1/3/2020 4:00,1,0
1/3/2020 5:00,1,0
1/3/2020 6:00,1,0
1/3/2020 7:00,1,0
1/3/2020 8:00,1,0
1/3/2020 9:00,1,0
1/3/2020 10:00,1,0
1/3/2020 11:00,1,0
1/3/2020 12:00,1,0
1/3/2020 13:00,1,0
1/3/2020 14:00,1,0
1/3/2020 15:00,1,0
1/3/2020 16:00,1,0
1/3/2020 17:00,1,0
1/3/2020 18:00,1,0
1/3/2020 19:00,1,0
1/3/2020 20:00,1,0
1/3/2020 21:00,1,0
1/3/2020 22:00,1,0
1/3/2020 23:00,1,0
1/4/2020 0:00,1,0
1/4/2020 1:00,1,0
1/4/2020 2:00,1,0
1/4/2020 3:00,1,0
1/4/2020 4:00,1,0
1/4/2020 5:00,1,0
1/4/2020 6:00,1,0
1/4/2020 7:00,1,0
1/4/2020 8:00,1,0
1/4/2020 9:00,1,0
1/4/2020 10:00,1,0
1/4/2020 11:00,1,0
1/4/2020 12:00,1,0
1/4/2020 13:00,1,0
1/4/2020 14:00,1,0
1/4/2020 15:00,1,0
1/4/2020 16:00,1,0
1/4/2020 17:00,1,0
1/4/2020 18:00,1,0
1/4/2020 19:00,1,0
1/4/2020 20:00,1,0
1/4/2020 21:00,1,0
1/4/2020 22:00,1,0
1/4/2020 23:00,1,0
1/5/2020 0:00,1,0
1/5/2020 1:00,1,0
1/5/2020 2:00,1,0
1/5/2020 3:00,1,0
1/5/2020 4:00,1,0
1/5/2020 5:00,1,0
1/5/2020 6:00,1,0
1/5/2020 7:00,1,0
1/5/2020 8:00,1,0
1/5/2020 9:00,1,0
1/5/2020 10:00,1,0
1/5/2020 11:00,1,0
1/5/2020 12:00,1,0
1/5/2020 13:00,1,0
1/5/2020 14:00,1,0
1/5/2020 15:00,0,0
1/5/2020 16:00,1,0
1/5/2020 17:00,1,0
1/5/2020 18:00,1,0
1/5/2020 19:00,1,0
1/5/2020 20:00,1,0
1/5/2020 21:00,1,0
1/5/2020 22:00,1,0
1/5/2020 23:00,1,0
1/6/2020 0:00,1,0
1/6/2020 1:00,1,0
1/6/2020 2:00,1,0
1/6/2020 3:00,1,0
1/6/2020 4:00,1,0
1/6/2020 5:00,1,0
1/6/2020 6:00,1,0
1/6/2020 7:00,1,0
1/6/2020 8:00,1,0
1/6/2020 9:00,1,0
1/6/2020 10:00,1,0
1/6/2020 11:00,1,0
1/6/2020 12:00,1,0
1/6/2020 13:00,1,0
1/6/2020 14:00,1,0
1/6/2020 15:00,1,0
1/6/2020 16:00,1,0
1/6/2020 17:00,1,0
1/6/2020 18:00,1,0
1/6/2020 19:00,1,0
1/6/2020 20:00,1,0
1/6/2020 21:00,1,0
1/6/2020 22:00,1,0
1/6/2020 23:00,1,0
1/7/2020 0:00,1,0
1/7/2020 1:00,1,0
1/7/2020 2:00,1,0
1/7/2020 3:00,1,0
1/7/2020 4:00,1,0
1/7/2020 5:00,1,0
1/7/2020 6:00,1,0
1/7/2020 7:00,1,0
1/7/2020 8:00,1,0
1/7/2020 9:00,1,0
1/7/2020 10:00,1,0
1/7/2020 11:00,0,0
1/7/2020 12:00,1,0
1/7/2020 13:00,1,0
1/7/2020 14:00,0,0
1/7/2020 15:00,1,0
1/7/2020 16:00,1,0
1/7/2020 17:00,0,0
1/7/2020 18:00,0,0
1/7/2020 19:00,1,0
1/7/2020 20:00,1,0
1/7/2020 21:00,1,0
1/7/2020 22:00,1,0
1/7/2020 23:00,1,0
1/8/2020 0:00,1,0
1/8/2020 1:00,1,0
1/8/2020 2:00,1,0
1/8/2020 3:00,1,0
1/8/2020 4:00,0,0
1/8/2020 5:00,1,0
1/8/2020 6:00,1,0
1/8/2020 7:00,1,0
1/8/2020 8:00,1,0
1/8/2020 9:00,1,0
1/8/2020 10:00,1,0
1/8/2020 11:00,1,0
1/8/2020 12:00,1,0
1/8/2020 13:00,1,0
1/8/2020 14:00,1,0
1/8/2020 15:00,1,0
1/8/2020 16:00,1,0
1/8/2020 17:00,1,0
1/8/2020 18:00,1,0
1/8/2020 19:00,1,0
1/8/2020 20:00,1,0
1/8/2020 21:00,1,0
1/8/2020 22:00,1,0
1/8/2020 23:00,1,0
1/9/2020 0:00,1,0
1/9/2020 1:00,0,0
1/9/2020 2:00,0,0
1/9/2020 3:00,1,0
1/9/2020 4:00,1,0
1/9/2020 5:00,1,0
1/9/2020 6:00,1,0
1/9/2020 7:00,1,0
1/9/2020 8:00,1,0
1/9/2020 9:00,1,0
1/9/2020 10:00,1,0
1/9/2020 11:00,1,0
1/9/2020 12:00,1,0
1/9/2020 13:00,1,0
1/9/2020 14:00,1,0
1/9/2020 15:00,1,0
1/9/2020 16:00,1,0
1/9/2020 17:00,1,0
1/9/2020 18:00,1,0
1/9/2020 19:00,1,0
1/9/2020 20:00,1,0
1/9/2020 21:00,1,0
1/9/2020 22:00,1,0
1/9/2020 23:00,1,0
1/10/2020 0:00,1,0
1/10/2020 1:00,1,0
1/10/2020 2:00,1,0
1/10/2020 3:00,1,0
1/10/2020 4:00,1,0
1/10/2020 5:00,1,0
1/10/2020 6:00,0,0
1/10/2020 7:00,1,0
1/10/2020 8:00,1,0
1/10/2020 9:00,1,0
1/10/2020 10:00,1,0
1/10/2020 11:00,1,0
1/10/2020 12:00,1,0
1/10/2020 13:00,1,0
1/10/2020 14:00,1,0
1/10/2020 15:00,1,0
1/10/2020 16:00,1,0
1/10/2020 17:00,1,0
1/10/2020 18:00,1,0
1/10/2020 19:00,1,0
1/10/2020 20:00,1,0
1/10/2020 21:00,1,0
1/10/2020 22:00,1,0
1/10/2020 23:00,1,0
1/11/2020 0:00,1,0
1/11/2020 1:00,1,0
1/11/2020 2:00,1,0
1/11/2020 3:00,1,0
1/11/2020 4:00,0,0
1/11/2020 5:00,0,0
1/11/2020 6:00,1,0
1/11/2020 7:00,1,0
1/11/2020 8:00,0,0
1/11/2020 9:00,1,0
1/11/2020 10:00,1,0
1/11/2020 11:00,1,0
1/11/2020 12:00,1,0
1/11/2020 13:00,1,0
1/11/2020 14:00,1,0
1/11/2020 15:00,1,0
1/11/2020 16:00,0,0
1/11/2020 17:00,1,0
1/11/2020 18:00,0,0
1/11/2020 19:00,1,0
1/11/2020 20:00,1,0
1/11/2020 21:00,1,0
1/11/2020 22:00,1,0
1/11/2020 23:00,1,0
1/12/2020 0:00,1,0
1/12/2020 1:00,1,0
1/12/2020 2:00,1,0
1/12/2020 3:00,1,0
1/12/2020 4:00,1,0
1/12/2020 5:00,1,0
1/12/2020 6:00,1,0
1/12/2020 7:00,1,0
1/12/2020 8:00,1,0
1/12/2020 9:00,1,0
1/12/2020 10:00,1,0
1/12/2020 11:00,1,0
1/12/2020 12:00,1,0
1/12/2020 13:00,1,0
1/12/2020 14:00,1,0
1/12/2020 15:00,1,0
1/12/2020 16:00,0,0
1/12/2020 17:00,0,0
1/12/2020 18:00,0,0
1/12/2020 19:00,0,0
1/12/2020 20:00,0,0
1/12/2020 21:00,0,0
1/12/2020 22:00,0,0
1/12/2020 23:00,0,0
1/13/2020 0:00,0,0
1/13/2020 1:00,1,0
1/13/2020 2:00,1,0
1/13/2020 3:00,1,0
1/13/2020 4:00,1,0
1/13/2020 5:00,1,0
1/13/2020 6:00,1,0
1/13/2020 7:00,1,0
1/13/2020 8:00,1,0
1/13/2020 9:00,1,0
1/13/2020 10:00,1,0
1/13/2020 11:00,1,1
1/13/2020 12:00,1,1
1/13/2020 13:00,1,1
1/13/2020 14:00,1,1
1/13/2020 15:00,1,1
1/13/2020 16:00,1,1
1/13/2020 17:00,1,1
1/13/2020 18:00,0,1
1/13/2020 19:00,1,1
1/13/2020 20:00,1,1
1/13/2020 21:00,1,1
1/13/2020 22:00,1,1
1/13/2020 23:00,0,1
1/14/2020 0:00,0,1
1/14/2020 1:00,0,1
1/14/2020 2:00,0,1
1/14/2020 3:00,0,1
1/14/2020 4:00,0,1
1/14/2020 5:00,0,1
1/14/2020 6:00,0,1
1/14/2020 7:00,0,1
1/14/2020 8:00,0,1
1/14/2020 9:00,0,1
1/14/2020 10:00,0,1
1/14/2020 11:00,0,1
1/14/2020 12:00,0,1
1/14/2020 13:00,0,1
1/14/2020 14:00,0,1
1/14/2020 15:00,0,1
1/14/2020 16:00,0,1
1/14/2020 17:00,0,1
1/14/2020 18:00,0,1
1/14/2020 19:00,0,1
1/14/2020 20:00,0,1
1/14/2020 21:00,0,0
1/14/2020 22:00,0,0
1/14/2020 23:00,0,1
1/15/2020 0:00,0,1
1/15/2020 1:00,0,1
1/15/2020 2:00,0,1
1/15/2020 3:00,0,1
1/15/2020 4:00,0,1
1/15/2020 5:00,0,1
1/15/2020 6:00,0,0
1/15/2020 7:00,0,1
1/15/2020 8:00,0,1
1/15/2020 9:00,0,1
1/15/2020 10:00,0,1
1/15/2020 11:00,0,1
1/15/2020 12:00,0,1
1/15/2020 13:00,0,1
1/15/2020 14:00,0,1
1/15/2020 15:00,0,1
1/15/2020 16:00,0,1
1/15/2020 17:00,0,1
1/15/2020 18:00,0,0
1/15/2020 19:00,0,0
1/15/2020 20:00,0,0
1/15/2020 21:00,0,0
1/15/2020 22:00,0,0
1/15/2020 23:00,0,0
1/16/2020 0:00,0,0
1/16/2020 1:00,0,0
1/16/2020 2:00,1,0
1/16/2020 3:00,0,0
1/16/2020 4:00,0,0
1/16/2020 5:00,0,0
1/16/2020 6:00,0,0
1/16/2020 7:00,0,0
1/16/2020 8:00,0,0
1/16/2020 9:00,0,0
1/16/2020 10:00,0,0
1/16/2020 11:00,0,0
1/16/2020 12:00,0,0
1/16/2020 13:00,0,0
1/16/2020 14:00,1,0
1/16/2020 15:00,0,0
1/16/2020 16:00,0,0
1/16/2020 17:00,0,0
1/16/2020 18:00,0,0
1/16/2020 19:00,0,0
1/16/2020 20:00,1,0
1/16/2020 21:00,1,0
1/16/2020 22:00,1,0
1/16/2020 23:00,1,0
1/17/2020 0:00,1,0
1/17/2020 1:00,1,0
1/17/2020 2:00,1,0
1/17/2020 3:00,1,0
1/17/2020 4:00,1,0
1/17/2020 5:00,1,0
1/17/2020 6:00,1,0
1/17/2020 7:00,1,0
1/17/2020 8:00,1,0
1/17/2020 9:00,1,0
1/17/2020 10:00,0,0
1/17/2020 11:00,0,0
1/17/2020 12:00,0,0
1/17/2020 13:00,0,0
1/17/2020 14:00,1,0
1/17/2020 15:00,1,0
1/17/2020 16:00,1,0
1/17/2020 17:00,1,0
1/17/2020 18:00,1,0
1/17/2020 19:00,0,0
1/17/2020 20:00,0,0
1/17/2020 21:00,1,0
1/17/2020 22:00,1,0
1/17/2020 23:00,1,0
1/18/2020 0:00,1,0
1/18/2020 1:00,1,0
1/18/2020 2:00,1,0
1/18/2020 3:00,1,0
1/18/2020 4:00,1,0
1/18/2020 5:00,1,0
1/18/2020 6:00,1,0
1/18/2020 7:00,1,0
1/18/2020 8:00,1,0
1/18/2020 9:00,1,0
1/18/2020 10:00,1,0
1/18/2020 11:00,1,0
1/18/2020 12:00,1,0
1/18/2020 13:00,1,0
1/18/2020 14:00,1,0
1/18/2020 15:00,1,0
1/18/2020 16:00,0,0
1/18/2020 17:00,0,0
1/18/2020 18:00,0,0
1/18/2020 19:00,0,0
1/18/2020 20:00,0,0
1/18/2020 21:00,1,0
1/18/2020 22:00,1,0
1/18/2020 23:00,1,0
1/19/2020 0:00,1,0
1/19/2020 1:00,1,0
1/19/2020 2:00,1,0
1/19/2020 3:00,1,0
1/19/2020 4:00,1,0
1/19/2020 5:00,1,0
1/19/2020 6:00,1,0
1/19/2020 7:00,1,0
1/19/2020 8:00,1,0
1/19/2020 9:00,1,0
1/19/2020 10:00,1,0
1/19/2020 11:00,1,0
1/19/2020 12:00,1,0
1/19/2020 13:00,0,0
1/19/2020 14:00,1,0
1/19/2020 15:00,1,0
1/19/2020 16:00,1,0
1/19/2020 17:00,1,0
1/19/2020 18:00,1,0
1/19/2020 19:00,0,0
1/19/2020 20:00,0,0
1/19/2020 21:00,1,0
1/19/2020 22:00,1,0
1/19/2020 23:00,1,0
1/20/2020 0:00,1,0
1/20/2020 1:00,1,0
1/20/2020 2:00,1,0
1/20/2020 3:00,1,0
1/20/2020 4:00,1,0
1/20/2020 5:00,1,0
1/20/2020 6:00,1,0
1/20/2020 7:00,1,0
1/20/2020 8:00,0,1
1/20/2020 9:00,1,1
1/20/2020 10:00,0,1
1/20/2020 11:00,0,1
1/20/2020 12:00,1,0
1/20/2020 13:00,1,0
1/20/2020 14:00,1,0
1/20/2020 15:00,1,0
1/20/2020 16:00,1,0
1/20/2020 17:00,1,0
1/20/2020 18:00,1,0
1/20/2020 19:00,1,0
1/20/2020 20:00,0,0
1/20/2020 21:00,1,0
1/20/2020 22:00,1,0
1/20/2020 23:00,1,0
1/21/2020 0:00,1,0
1/21/2020 1:00,1,0
1/21/2020 2:00,1,0
1/21/2020 3:00,1,0
1/21/2020 4:00,1,0
1/21/2020 5:00,1,0
1/21/2020 6:00,1,0
1/21/2020 7:00,1,0
1/21/2020 8:00,1,0
1/21/2020 9:00,1,0
1/21/2020 10:00,1,0
1/21/2020 11:00,1,0
1/21/2020 12:00,1,0
1/21/2020 13:00,1,0
1/21/2020 14:00,1,0
1/21/2020 15:00,1,0
1/21/2020 16:00,1,0
1/21/2020 17:00,1,0
1/21/2020 18:00,1,0
1/21/2020 19:00,1,0
1/21/2020 20:00,1,0
1/21/2020 21:00,1,0
1/21/2020 22:00,0,0
1/21/2020 23:00,0,0
1/22/2020 0:00,1,0
1/22/2020 1:00,1,0
1/22/2020 2:00,1,0
1/22/2020 3:00,1,0
1/22/2020 4:00,1,0
1/22/2020 5:00,1,0
1/22/2020 6:00,1,0
1/22/2020 7:00,1,0
1/22/2020 8:00,1,0
1/22/2020 9:00,1,0
1/22/2020 10:00,1,0
1/22/2020 11:00,1,1
1/22/2020 12:00,1,0
1/22/2020 13:00,1,0
1/22/2020 14:00,1,0
1/22/2020 15:00,1,0
1/22/2020 16:00,1,0
1/22/2020 17:00,1,0
1/22/2020 18:00,1,0
1/22/2020 19:00,0,0
1/22/2020 20:00,0,0
1/22/2020 21:00,1,0
1/22/2020 22:00,1,0
1/22/2020 23:00,1,0
1/23/2020 0:00,1,0
1/23/2020 1:00,1,0
1/23/2020 2:00,1,0
1/23/2020 3:00,1,0
1/23/2020 4:00,1,0
1/23/2020 5:00,1,0
1/23/2020 6:00,1,0
1/23/2020 7:00,1,0
1/23/2020 8:00,1,0
1/23/2020 9:00,1,0
1/23/2020 10:00,0,0
1/23/2020 11:00,0,0
1/23/2020 12:00,0,0
1/23/2020 13:00,0,0
1/23/2020 14:00,0,0
1/23/2020 15:00,0,0
1/23/2020 16:00,0,0
1/23/2020 17:00,1,0
1/23/2020 18:00,1,0
1/23/2020 19:00,1,0
1/23/2020 20:00,1,0
1/23/2020 21:00,1,0
1/23/2020 22:00,1,0
1/23/2020 23:00,1,0
1/24/2020 0:00,1,0
1/24/2020 1:00,1,0
1/24/2020 2:00,1,0
1/24/2020 3:00,1,0
1/24/2020 4:00,1,0
1/24/2020 5:00,0,0
1/24/2020 6:00,1,0
1/24/2020 7:00,1,0
1/24/2020 8:00,1,0
1/24/2020 9:00,1,0
1/24/2020 10:00,1,0
1/24/2020 11:00,1,0
1/24/2020 12:00,1,0
1/24/2020 13:00,1,0
1/24/2020 14:00,1,0
1/24/2020 15:00,1,0
1/24/2020 16:00,1,0
1/24/2020 17:00,1,0
1/24/2020 18:00,1,0
1/24/2020 19:00,1,0
1/24/2020 20:00,1,0
1/24/2020 21:00,1,0
1/24/2020 22:00,1,0
1/24/2020 23:00,0,0
1/25/2020 0:00,0,0
1/25/2020 1:00,0,0
1/25/2020 2:00,1,0
1/25/2020 3:00,1,0
1/25/2020 4:00,1,0
1/25/2020 5:00,1,0
1/25/2020 6:00,1,0
1/25/2020 7:00,1,0
1/25/2020 8:00,1,0
1/25/2020 9:00,1,0
1/25/2020 10:00,1,0
1/25/2020 11:00,1,0
1/25/2020 12:00,1,0
1/25/2020 13:00,1,0
1/25/2020 14:00,1,0
1/25/2020 15:00,1,0
1/25/2020 16:00,1,0
1/25/2020 17:00,1,0
1/25/2020 18:00,1,0
1/25/2020 19:00,1,0
1/25/2020 20:00,1,0
1/25/2020 21:00,1,0
1/25/2020 22:00,1,0
1/25/2020 23:00,1,0
1/26/2020 0:00,1,0
1/26/2020 1:00,0,0
1/26/2020 2:00,1,0
1/26/2020 3:00,1,0
1/26/2020 4:00,0,0
1/26/2020 5:00,0,0
1/26/2020 6:00,0,0
1/26/2020 7:00,1,0
1/26/2020 8:00,1,0
1/26/2020 9:00,0,0
1/26/2020 10:00,0,0
1/26/2020 11:00,0,0
1/26/2020 12:00,1,0
1/26/2020 13:00,1,0
1/26/2020 14:00,1,0
1/26/2020 15:00,1,0
1/26/2020 16:00,1,0
1/26/2020 17:00,1,0
1/26/2020 18:00,0,0
1/26/2020 19:00,1,0
1/26/2020 20:00,1,0
1/26/2020 21:00,1,0
1/26/2020 22:00,1,0
1/26/2020 23:00,1,0
1/27/2020 0:00,1,0
1/27/2020 1:00,1,0
1/27/2020 2:00,1,0
1/27/2020 3:00,1,0
1/27/2020 4:00,1,0
1/27/2020 5:00,1,0
1/27/2020 6:00,1,0
1/27/2020 7:00,1,0
1/27/2020 8:00,1,0
1/27/2020 9:00,1,0
1/27/2020 10:00,1,0
1/27/2020 11:00,1,0
1/27/2020 12:00,1,0
1/27/2020 13:00,1,0
1/27/2020 14:00,1,0
1/27/2020 15:00,1,0
1/27/2020 16:00,1,0
1/27/2020 17:00,0,0
1/27/2020 18:00,0,0
1/27/2020 19:00,1,0
1/27/2020 20:00,1,0
1/27/2020 21:00,1,0
1/27/2020 22:00,1,0
1/27/2020 23:00,1,0
1/28/2020 0:00,1,0
1/28/2020 1:00,1,0
1/28/2020 2:00,1,0
1/28/2020 3:00,1,0
1/28/2020 4:00,1,0
1/28/2020 5:00,1,0
1/28/2020 6:00,1,0
1/28/2020 7:00,1,0
1/28/2020 8:00,1,0
1/28/2020 9:00,1,0
1/28/2020 10:00,1,0
1/28/2020 11:00,1,0
1/28/2020 12:00,1,0
1/28/2020 13:00,1,0
1/28/2020 14:00,1,0
1/28/2020 15:00,1,0
1/28/2020 16:00,1,0
1/28/2020 17:00,1,0
1/28/2020 18:00,1,0
1/28/2020 19:00,1,0
1/28/2020 20:00,1,0
1/28/2020 21:00,1,0
1/28/2020 22:00,1,0
1/28/2020 23:00,1,0
1/29/2020 0:00,1,0
1/29/2020 1:00,1,0
1/29/2020 2:00,0,0
1/29/2020 3:00,1,0
1/29/2020 4:00,1,0
1/29/2020 5:00,1,0
1/29/2020 6:00,1,0
1/29/2020 7:00,1,0
1/29/2020 8:00,0,0
1/29/2020 9:00,1,0
1/29/2020 10:00,1,0
1/29/2020 11:00,1,0
1/29/2020 12:00,1,0
1/29/2020 13:00,1,0
1/29/2020 14:00,1,0
1/29/2020 15:00,1,0
1/29/2020 16:00,1,0
1/29/2020 17:00,1,0
1/29/2020 18:00,1,0
1/29/2020 19:00,1,0
1/29/2020 20:00,1,0
1/29/2020 21:00,1,0
1/29/2020 22:00,1,0
1/29/2020 23:00,1,0
1/30/2020 0:00,1,0
1/30/2020 1:00,1,0
1/30/2020 2:00,1,0
1/30/2020 3:00,1,0
1/30/2020 4:00,1,0
1/30/2020 5:00,1,0
1/30/2020 6:00,1,0
1/30/2020 7:00,1,0
1/30/2020 8:00,1,0
1/30/2020 9:00,1,0
1/30/2020 10:00,1,0
1/30/2020 11:00,1,0
1/30/2020 12:00,1,0
1/30/2020 13:00,1,0
1/30/2020 14:00,1,0
1/30/2020 15:00,1,0
1/30/2020 16:00,1,0
1/30/2020 17:00,1,0
1/30/2020 18:00,1,0
1/30/2020 19:00,1,0
1/30/2020 20:00,1,0
1/30/2020 21:00,1,0
1/30/2020 22:00,1,0
1/30/2020 23:00,1,0
1/31/2020 0:00,1,0
1/31/2020 1:00,1,0
1/31/2020 2:00,1,0
1/31/2020 3:00,1,0
1/31/2020 4:00,1,0
1/31/2020 5:00,1,0
1/31/2020 6:00,1,0
1/31/2020 7:00,1,0
1/31/2020 8:00,1,0
1/31/2020 9:00,1,0
1/31/2020 10:00,1,0
1/31/2020 11:00,1,0
1/31/2020 12:00,1,0
1/31/2020 13:00,1,0
1/31/2020 14:00,1,0
1/31/2020 15:00,1,0
1/31/2020 16:00,1,0
1/31/2020 17:00,1,0
1/31/2020 18:00,1,0
1/31/2020 19:00,1,0
1/31/2020 20:00,0,0
1/31/2020 21:00,0,0
1/31/2020 22:00,1,0
1/31/2020 23:00,1,0
2/1/2020 0:00,1,0
2/1/2020 1:00,1,0
2/1/2020 2:00,1,0
2/1/2020 3:00,1,0
2/1/2020 4:00,1,0
2/1/2020 5:00,1,0
2/1/2020 6:00,1,0
2/1/2020 7:00,1,0
2/1/2020 8:00,1,0
2/1/2020 9:00,1,0
2/1/2020 10:00,1,0
2/1/2020 11:00,0,0
2/1/2020 12:00,1,0
2/1/2020 13:00,0,1
2/1/2020 14:00,0,0
2/1/2020 15:00,1,0
2/1/2020 16:00,1,0
2/1/2020 17:00,1,0
2/1/2020 18:00,1,0
2/1/2020 19:00,1,0
2/1/2020 20:00,1,0
2/1/2020 21:00,1,0
2/1/2020 22:00,1,0
2/1/2020 23:00,1,0
2/2/2020 0:00,1,0
2/2/2020 1:00,1,0
2/2/2020 2:00,1,0
2/2/2020 3:00,1,0
2/2/2020 4:00,1,0
2/2/2020 5:00,1,0
2/2/2020 6:00,1,0
2/2/2020 7:00,1,0
2/2/2020 8:00,1,0
2/2/2020 9:00,1,0
2/2/2020 10:00,1,0
2/2/2020 11:00,1,0
2/2/2020 12:00,1,0
2/2/2020 13:00,1,0
2/2/2020 14:00,1,0
2/2/2020 15:00,1,0
2/2/2020 16:00,1,0
2/2/2020 17:00,1,0
2/2/2020 18:00,1,0
2/2/2020 19:00,1,0
2/2/2020 20:00,1,0
2/2/2020 21:00,1,0
2/2/2020 22:00,1,0
2/2/2020 23:00,1,0
2/3/2020 0:00,1,0
2/3/2020 1:00,1,0
2/3/2020 2:00,1,0
2/3/2020 3:00,1,0
2/3/2020 4:00,1,0
2/3/2020 5:00,1,0
2/3/2020 6:00,0,0
2/3/2020 7:00,0,0
2/3/2020 8:00,0,0
2/3/2020 9:00,0,0
2/3/2020 10:00,0,0
2/3/2020 11:00,0,0
2/3/2020 12:00,0,0
2/3/2020 13:00,1,0
2/3/2020 14:00,1,0
2/3/2020 15:00,1,0
2/3/2020 16:00,1,0
2/3/2020 17:00,1,0
2/3/2020 18:00,1,0
2/3/2020 19:00,0,0
2/3/2020 20:00,1,0
2/3/2020 21:00,1,0
2/3/2020 22:00,1,0
2/3/2020 23:00,1,0
2/4/2020 0:00,1,0
2/4/2020 1:00,0,0
2/4/2020 2:00,0,0
2/4/2020 3:00,0,0
2/4/2020 4:00,0,0
2/4/2020 5:00,1,0
2/4/2020 6:00,1,0
2/4/2020 7:00,1,0
2/4/2020 8:00,1,0
2/4/2020 9:00,1,0
2/4/2020 10:00,1,0
2/4/2020 11:00,1,0
2/4/2020 12:00,1,0
2/4/2020 13:00,1,0
2/4/2020 14:00,1,0
2/4/2020 15:00,1,0
2/4/2020 16:00,1,0
2/4/2020 17:00,1,0
2/4/2020 18:00,0,0
2/4/2020 19:00,0,0
2/4/2020 20:00,0,0
2/4/2020 21:00,1,0
2/4/2020 22:00,1,0
2/4/2020 23:00,0,0
2/5/2020 0:00,0,0
2/5/2020 1:00,1,0
2/5/2020 2:00,1,0
2/5/2020 3:00,1,0
2/5/2020 4:00,1,0
2/5/2020 5:00,1,0
2/5/2020 6:00,1,0
2/5/2020 7:00,1,0
2/5/2020 8:00,1,0
2/5/2020 9:00,1,0
2/5/2020 10:00,1,0
2/5/2020 11:00,0,0
2/5/2020 12:00,1,0
2/5/2020 13:00,1,0
2/5/2020 14:00,1,0
2/5/2020 15:00,1,0
2/5/2020 16:00,1,0
2/5/2020 17:00,1,0
2/5/2020 18:00,1,0
2/5/2020 19:00,1,0
2/5/2020 20:00,1,0
2/5/2020 21:00,1,0
2/5/2020 22:00,1,0
2/5/2020 23:00,1,0
2/6/2020 0:00,1,0
2/6/2020 1:00,1,0
2/6/2020 2:00,1,0
2/6/2020 3:00,1,0
2/6/2020 4:00,1,0
2/6/2020 5:00,1,0
2/6/2020 6:00,1,0
2/6/2020 7:00,1,0
2/6/2020 8:00,1,0
2/6/2020 9:00,1,0
2/6/2020 10:00,0,0
2/6/2020 11:00,0,0
2/6/2020 12:00,0,0
2/6/2020 13:00,1,0
2/6/2020 14:00,1,0
2/6/2020 15:00,1,0
2/6/2020 16:00,1,0
2/6/2020 17:00,1,0
2/6/2020 18:00,1,0
2/6/2020 19:00,1,0
2/6/2020 20:00,1,0
2/6/2020 21:00,1,0
2/6/2020 22:00,1,0
2/6/2020 23:00,1,0
2/7/2020 0:00,1,0
2/7/2020 1:00,1,0
2/7/2020 2:00,1,0
2/7/2020 3:00,1,0
2/7/2020 4:00,1,0
2/7/2020 5:00,1,0
2/7/2020 6:00,1,0
2/7/2020 7:00,1,0
2/7/2020 8:00,1,0
2/7/2020 9:00,1,0
2/7/2020 10:00,0,0
2/7/2020 11:00,1,0
2/7/2020 12:00,0,0
2/7/2020 13:00,0,0
2/7/2020 14:00,0,0
2/7/2020 15:00,0,0
2/7/2020 16:00,1,0
2/7/2020 17:00,1,0
2/7/2020 18:00,1,0
2/7/2020 19:00,1,0
2/7/2020 20:00,0,0
2/7/2020 21:00,0,0
2/7/2020 22:00,1,0
2/7/2020 23:00,1,0
2/8/2020 0:00,1,0
2/8/2020 1:00,0,0
2/8/2020 2:00,0,0
2/8/2020 3:00,1,0
2/8/2020 4:00,1,0
2/8/2020 5:00,1,0
2/8/2020 6:00,1,0
2/8/2020 7:00,1,0
2/8/2020 8:00,1,0
2/8/2020 9:00,1,0
2/8/2020 10:00,1,0
2/8/2020 11:00,1,0
2/8/2020 12:00,1,0
2/8/2020 13:00,1,0
2/8/2020 14:00,1,0
2/8/2020 15:00,1,0
2/8/2020 16:00,1,0
2/8/2020 17:00,1,0
2/8/2020 18:00,1,0
2/8/2020 19:00,1,0
2/8/2020 20:00,1,0
2/8/2020 21:00,1,0
2/8/2020 22:00,1,0
2/8/2020 23:00,1,0
2/9/2020 0:00,1,0
2/9/2020 1:00,1,0
2/9/2020 2:00,1,0
2/9/2020 3:00,0,0
2/9/2020 4:00,1,0
2/9/2020 5:00,1,0
2/9/2020 6:00,1,0
2/9/2020 7:00,1,0
2/9/2020 8:00,1,0
2/9/2020 9:00,1,0
2/9/2020 10:00,1,0
2/9/2020 11:00,1,0
2/9/2020 12:00,1,0
2/9/2020 13:00,1,0
2/9/2020 14:00,1,0
2/9/2020 15:00,1,0
2/9/2020 16:00,1,0
2/9/2020 17:00,1,0
2/9/2020 18:00,1,0
2/9/2020 19:00,1,0
2/9/2020 20:00,1,0
2/9/2020 21:00,1,0
2/9/2020 22:00,1,0
2/9/2020 23:00,1,0
2/10/2020 0:00,1,0
2/10/2020 1:00,1,0
2/10/2020 2:00,1,0
2/10/2020 3:00,1,0
2/10/2020 4:00,1,0
2/10/2020 5:00,1,0
2/10/2020 6:00,1,0
2/10/2020 7:00,1,0
2/10/2020 8:00,1,0
2/10/2020 9:00,1,0
2/10/2020 10:00,1,0
2/10/2020 11:00,1,0
2/10/2020 12:00,1,0
2/10/2020 13:00,1,0
2/10/2020 14:00,1,0
2/10/2020 15:00,1,0
2/10/2020 16:00,1,0
2/10/2020 17:00,1,0
2/10/2020 18:00,1,0
2/10/2020 19:00,1,0
2/10/2020 20:00,1,0
2/10/2020 21:00,1,0
2/10/2020 22:00,1,0
2/10/2020 23:00,1,0
2/11/2020 0:00,1,0
2/11/2020 1:00,0,0
2/11/2020 2:00,1,0
2/11/2020 3:00,1,0
2/11/2020 4:00,1,0
2/11/2020 5:00,1,0
2/11/2020 6:00,1,0
2/11/2020 7:00,1,0
2/11/2020 8:00,1,0
2/11/2020 9:00,1,0
2/11/2020 10:00,1,0
2/11/2020 11:00,1,0
2/11/2020 12:00,1,0
2/11/2020 13:00,1,0
2/11/2020 14:00,0,0
2/11/2020 15:00,1,0
2/11/2020 16:00,0,0
2/11/2020 17:00,1,0
2/11/2020 18:00,0,0
2/11/2020 19:00,0,0
2/11/2020 20:00,0,0
2/11/2020 21:00,0,0
2/11/2020 22:00,0,0
2/11/2020 23:00,1,0
2/12/2020 0:00,1,0
2/12/2020 1:00,1,0
2/12/2020 2:00,1,0
2/12/2020 3:00,0,0
2/12/2020 4:00,0,0
2/12/2020 5:00,1,0
2/12/2020 6:00,1,0
2/12/2020 7:00,1,0
2/12/2020 8:00,1,0
2/12/2020 9:00,1,0
2/12/2020 10:00,1,0
2/12/2020 11:00,0,0
2/12/2020 12:00,1,0
2/12/2020 13:00,1,0
2/12/2020 14:00,1,0
2/12/2020 15:00,1,0
2/12/2020 16:00,1,0
2/12/2020 17:00,1,0
2/12/2020 18:00,1,0
2/12/2020 19:00,1,0
2/12/2020 20:00,1,0
2/12/2020 21:00,1,0
2/12/2020 22:00,1,0
2/12/2020 23:00,1,0
2/13/2020 0:00,1,0
2/13/2020 1:00,1,0
2/13/2020 2:00,1,0
2/13/2020 3:00,1,0
2/13/2020 4:00,1,0
2/13/2020 5:00,1,0
2/13/2020 6:00,1,0
2/13/2020 7:00,1,0
2/13/2020 8:00,0,0
2/13/2020 9:00,1,0
2/13/2020 10:00,1,0
2/13/2020 11:00,1,0
2/13/2020 12:00,1,0
2/13/2020 13:00,1,0
2/13/2020 14:00,1,0
2/13/2020 15:00,1,0
2/13/2020 16:00,1,0
2/13/2020 17:00,0,1
2/13/2020 18:00,1,0
2/13/2020 19:00,1,0
2/13/2020 20:00,1,0
2/13/2020 21:00,1,0
2/13/2020 22:00,1,0
2/13/2020 23:00,0,0
2/14/2020 0:00,0,0
2/14/2020 1:00,0,0
2/14/2020 2:00,0,0
2/14/2020 3:00,0,0
2/14/2020 4:00,0,0
2/14/2020 5:00,0,0
2/14/2020 6:00,0,0
2/14/2020 7:00,0,0
2/14/2020 8:00,0,0
2/14/2020 9:00,0,0
2/14/2020 10:00,0,0
2/14/2020 11:00,0,0
2/14/2020 12:00,0,0
2/14/2020 13:00,0,0
2/14/2020 14:00,0,0
2/14/2020 15:00,0,0
2/14/2020 16:00,0,0
2/14/2020 17:00,0,0
2/14/2020 18:00,0,0
2/14/2020 19:00,0,0
2/14/2020 20:00,0,0
2/14/2020 21:00,0,0
2/14/2020 22:00,0,0
2/14/2020 23:00,0,0
2/15/2020 0:00,0,0
2/15/2020 1:00,0,0
2/15/2020 2:00,0,0
2/15/2020 3:00,0,0
2/15/2020 4:00,0,0
2/15/2020 5:00,0,0
2/15/2020 6:00,0,0
2/15/2020 7:00,0,0
2/15/2020 8:00,0,0
2/15/2020 9:00,0,0
2/15/2020 10:00,0,0
2/15/2020 11:00,0,0
2/15/2020 12:00,0,0
2/15/2020 13:00,0,0
2/15/2020 14:00,1,0
2/15/2020 15:00,1,0
2/15/2020 16:00,1,0
2/15/2020 17:00,1,0
2/15/2020 18:00,1,0
2/15/2020 19:00,1,0
2/15/2020 20:00,0,0
2/15/2020 21:00,0,0
2/15/2020 22:00,0,0
2/15/2020 23:00,0,0
2/16/2020 0:00,0,0
2/16/2020 1:00,0,0
2/16/2020 2:00,0,0
2/16/2020 3:00,0,0
2/16/2020 4:00,0,0
2/16/2020 5:00,0,0
2/16/2020 6:00,0,0
2/16/2020 7:00,0,0
2/16/2020 8:00,0,0
2/16/2020 9:00,0,0
2/16/2020 10:00,0,0
2/16/2020 11:00,0,0
2/16/2020 12:00,0,0
2/16/2020 13:00,0,0
2/16/2020 14:00,0,0
2/16/2020 15:00,0,0
2/16/2020 16:00,0,0
2/16/2020 17:00,0,0
2/16/2020 18:00,0,0
2/16/2020 19:00,1,0
2/16/2020 20:00,1,0
2/16/2020 21:00,1,0
2/16/2020 22:00,1,0
2/16/2020 23:00,1,0
2/17/2020 0:00,1,0
2/17/2020 1:00,1,0
2/17/2020 2:00,0,0
2/17/2020 3:00,0,0
2/17/2020 4:00,0,0
2/17/2020 5:00,0,0
2/17/2020 6:00,0,0
2/17/2020 7:00,0,0
2/17/2020 8:00,0,0
2/17/2020 9:00,0,0
2/17/2020 10:00,1,0
2/17/2020 11:00,1,0
2/17/2020 12:00,1,0
2/17/2020 13:00,1,0
2/17/2020 14:00,1,0
2/17/2020 15:00,0,0
2/17/2020 16:00,0,0
2/17/2020 17:00,0,0
2/17/2020 18:00,0,0
2/17/2020 19:00,0,0
2/17/2020 20:00,0,0
2/17/2020 21:00,0,0
2/17/2020 22:00,0,0
2/17/2020 23:00,0,1
2/18/2020 0:00,0,0
2/18/2020 1:00,0,0
2/18/2020 2:00,0,0
2/18/2020 3:00,0,0
2/18/2020 4:00,0,0
2/18/2020 5:00,0,0
2/18/2020 6:00,0,0
2/18/2020 7:00,0,0
2/18/2020 8:00,0,0
2/18/2020 9:00,0,0
2/18/2020 10:00,0,0
2/18/2020 11:00,1,0
2/18/2020 12:00,0,0
2/18/2020 13:00,1,0
2/18/2020 14:00,1,0
2/18/2020 15:00,0,0
2/18/2020 16:00,1,0
2/18/2020 17:00,1,0
2/18/2020 18:00,0,0
2/18/2020 19:00,0,0
2/18/2020 20:00,0,0
2/18/2020 21:00,0,0
2/18/2020 22:00,0,0
2/18/2020 23:00,0,0
2/19/2020 0:00,0,0
2/19/2020 1:00,0,0
2/19/2020 2:00,0,0
2/19/2020 3:00,0,0
2/19/2020 4:00,0,1
2/19/2020 5:00,0,1
2/19/2020 6:00,0,0
2/19/2020 7:00,0,0
2/19/2020 8:00,0,0
2/19/2020 9:00,0,1
2/19/2020 10:00,0,0
2/19/2020 11:00,0,0
2/19/2020 12:00,0,1
2/19/2020 13:00,0,0
2/19/2020 14:00,0,0
2/19/2020 15:00,0,1
2/19/2020 16:00,0,0
2/19/2020 17:00,0,0
2/19/2020 18:00,0,1
2/19/2020 19:00,0,0
2/19/2020 20:00,0,0
2/19/2020 21:00,0,0
2/19/2020 22:00,0,0
2/19/2020 23:00,0,0
2/20/2020 0:00,0,0
2/20/2020 1:00,0,0
2/20/2020 2:00,0,0
2/20/2020 3:00,0,0
2/20/2020 4:00,0,0
2/20/2020 5:00,0,0
2/20/2020 6:00,0,0
2/20/2020 7:00,1,0
2/20/2020 8:00,0,0
2/20/2020 9:00,0,0
2/20/2020 10:00,0,0
2/20/2020 11:00,0,0
2/20/2020 12:00,0,0
2/20/2020 13:00,0,0
2/20/2020 14:00,0,0
2/20/2020 15:00,0,0
2/20/2020 16:00,1,0
2/20/2020 17:00,0,0
2/20/2020 18:00,1,0
2/20/2020 19:00,1,0
2/20/2020 20:00,0,0
2/20/2020 21:00,0,0
2/20/2020 22:00,0,0
2/20/2020 23:00,0,0
2/21/2020 0:00,0,0
2/21/2020 1:00,0,0
2/21/2020 2:00,0,0
2/21/2020 3:00,0,0
2/21/2020 4:00,0,0
2/21/2020 5:00,0,0
2/21/2020 6:00,0,0
2/21/2020 7:00,0,0
2/21/2020 8:00,0,0
2/21/2020 9:00,0,0
2/21/2020 10:00,0,0
2/21/2020 11:00,0,0
2/21/2020 12:00,0,0
2/21/2020 13:00,0,0
2/21/2020 14:00,0,0
2/21/2020 15:00,0,0
2/21/2020 16:00,0,0
2/21/2020 17:00,0,0
2/21/2020 18:00,0,0
2/21/2020 19:00,0,0
2/21/2020 20:00,1,0
2/21/2020 21:00,0,0
2/21/2020 22:00,0,0
2/21/2020 23:00,0,0
2/22/2020 0:00,0,0
2/22/2020 1:00,0,0
2/22/2020 2:00,0,0
2/22/2020 3:00,0,1
2/22/2020 4:00,0,0
2/22/2020 5:00,0,0
2/22/2020 6:00,0,0
2/22/2020 7:00,0,0
2/22/2020 8:00,0,1
2/22/2020 9:00,0,0
2/22/2020 10:00,0,0
2/22/2020 11:00,0,0
2/22/2020 12:00,0,0
2/22/2020 13:00,0,1
2/22/2020 14:00,0,0
2/22/2020 15:00,0,0
2/22/2020 16:00,0,0
2/22/2020 17:00,0,0
2/22/2020 18:00,1,0
2/22/2020 19:00,1,0
2/22/2020 20:00,1,0
2/22/2020 21:00,0,0
2/22/2020 22:00,1,0
2/22/2020 23:00,1,0
2/23/2020 0:00,1,0
2/23/2020 1:00,0,1
2/23/2020 2:00,0,1
2/23/2020 3:00,0,0
2/23/2020 4:00,0,1
2/23/2020 5:00,0,1
2/23/2020 6:00,0,0
2/23/2020 7:00,0,0
2/23/2020 8:00,0,0
2/23/2020 9:00,0,1
2/23/2020 10:00,0,0
2/23/2020 11:00,0,0
2/23/2020 12:00,0,0
2/23/2020 13:00,0,0
2/23/2020 14:00,0,0
2/23/2020 15:00,0,0
2/23/2020 16:00,0,0
2/23/2020 17:00,1,0
2/23/2020 18:00,1,0
2/23/2020 19:00,1,0
2/23/2020 20:00,1,0
2/23/2020 21:00,0,0
2/23/2020 22:00,0,0
2/23/2020 23:00,0,0
2/24/2020 0:00,0,0
2/24/2020 1:00,0,0
2/24/2020 2:00,0,0
2/24/2020 3:00,0,0
2/24/2020 4:00,0,0
2/24/2020 5:00,0,0
2/24/2020 6:00,0,0
2/24/2020 7:00,0,0
2/24/2020 8:00,0,0
2/24/2020 9:00,0,0
2/24/2020 10:00,0,0
2/24/2020 11:00,0,0
2/24/2020 12:00,0,0
2/24/2020 13:00,0,0
2/24/2020 14:00,0,0
2/24/2020 15:00,0,0
2/24/2020 16:00,0,0
2/24/2020 17:00,0,0
2/24/2020 18:00,0,0
2/24/2020 19:00,0,0
2/24/2020 20:00,0,0
2/24/2020 21:00,0,1
2/24/2020 22:00,0,0
2/24/2020 23:00,0,0
2/25/2020 0:00,0,1
2/25/2020 1:00,0,0
2/25/2020 2:00,0,0
2/25/2020 3:00,0,0
2/25/2020 4:00,0,0
2/25/2020 5:00,0,0
2/25/2020 6:00,0,1
2/25/2020 7:00,0,0
2/25/2020 8:00,0,0
2/25/2020 9:00,0,0
2/25/2020 10:00,0,0
2/25/2020 11:00,0,0
2/25/2020 12:00,0,0
2/25/2020 13:00,0,0
2/25/2020 14:00,0,0
2/25/2020 15:00,0,0
2/25/2020 16:00,0,0
2/25/2020 17:00,0,0
2/25/2020 18:00,0,0
2/25/2020 19:00,0,0
2/25/2020 20:00,0,0
2/25/2020 21:00,0,0
2/25/2020 22:00,0,0
2/25/2020 23:00,0,1
2/26/2020 0:00,0,0
2/26/2020 1:00,0,0
2/26/2020 2:00,0,0
2/26/2020 3:00,0,0
2/26/2020 4:00,0,0
2/26/2020 5:00,0,0
2/26/2020 6:00,0,0
2/26/2020 7:00,0,0
2/26/2020 8:00,0,0
2/26/2020 9:00,0,0
2/26/2020 10:00,0,0
2/26/2020 11:00,0,0
2/26/2020 12:00,0,0
2/26/2020 13:00,0,0
2/26/2020 14:00,0,1
2/26/2020 15:00,0,0
2/26/2020 16:00,0,0
2/26/2020 17:00,0,0
2/26/2020 18:00,0,0
2/26/2020 19:00,0,0
2/26/2020 20:00,0,0
2/26/2020 21:00,0,0
2/26/2020 22:00,0,0
2/26/2020 23:00,0,0
2/27/2020 0:00,0,0
2/27/2020 1:00,0,0
2/27/2020 2:00,0,0
2/27/2020 3:00,0,0
2/27/2020 4:00,0,0
2/27/2020 5:00,0,0
2/27/2020 6:00,0,0
2/27/2020 7:00,0,0
2/27/2020 8:00,0,0
2/27/2020 9:00,0,0
2/27/2020 10:00,0,0
2/27/2020 11:00,0,0
2/27/2020 12:00,0,0
2/27/2020 13:00,0,0
2/27/2020 14:00,0,0
2/27/2020 15:00,0,0
2/27/2020 16:00,0,0
2/27/2020 17:00,0,0
2/27/2020 18:00,0,0
2/27/2020 19:00,0,0
2/27/2020 20:00,0,0
2/27/2020 21:00,0,0
2/27/2020 22:00,0,0
2/27/2020 23:00,0,0
2/28/2020 0:00,0,0
2/28/2020 1:00,0,0
2/28/2020 2:00,0,0
2/28/2020 3:00,0,0
2/28/2020 4:00,0,1
2/28/2020 5:00,0,0
2/28/2020 6:00,0,0
2/28/2020 7:00,0,0
2/28/2020 8:00,0,0
2/28/2020 9:00,0,0
2/28/2020 10:00,0,0
2/28/2020 11:00,0,0
2/28/2020 12:00,0,0
2/28/2020 13:00,0,0
2/28/2020 14:00,0,0
2/28/2020 15:00,0,0
2/28/2020 16:00,0,0
2/28/2020 17:00,0,0
2/28/2020 18:00,0,1
2/28/2020 19:00,0,0
2/28/2020 20:00,0,0
2/28/2020 21:00,0,0
2/28/2020 22:00,0,0
2/28/2020 23:00,0,0
2/29/2020 0:00,0,0
2/29/2020 1:00,0,0
2/29/2020 2:00,0,0
2/29/2020 3:00,0,0
2/29/2020 4:00,0,0
2/29/2020 5:00,0,0
2/29/2020 6:00,0,0
2/29/2020 7:00,0,0
2/29/2020 8:00,0,0
2/29/2020 9:00,0,0
2/29/2020 10:00,0,0
2/29/2020 11:00,0,0
2/29/2020 12:00,0,0
2/29/2020 13:00,0,0
2/29/2020 14:00,0,0
2/29/2020 15:00,0,0
2/29/2020 16:00,0,0
2/29/2020 17:00,0,1
2/29/2020 18:00,0,0
2/29/2020 19:00,0,0
2/29/2020 20:00,0,0
2/29/2020 21:00,0,0
2/29/2020 22:00,0,0
2/29/2020 23:00,0,0
3/1/2020 0:00,0,0
3/1/2020 1:00,0,0
3/1/2020 2:00,0,0
3/1/2020 3:00,0,0
3/1/2020 4:00,0,0
3/1/2020 5:00,0,0
3/1/2020 6:00,0,0
3/1/2020 7:00,0,0
3/1/2020 8:00,0,0
3/1/2020 9:00,0,0
3/1/2020 10:00,0,0
3/1/2020 11:00,0,0
3/1/2020 12:00,0,0
3/1/2020 13:00,0,0
3/1/2020 14:00,0,0
3/1/2020 15:00,0,0
3/1/2020 16:00,0,0
3/1/2020 17:00,0,0
3/1/2020 18:00,0,0
3/1/2020 19:00,0,0
3/1/2020 20:00,0,0
3/1/2020 21:00,0,0
3/1/2020 22:00,0,0
3/1/2020 23:00,0,0
3/2/2020 0:00,0,0
3/2/2020 1:00,0,0
3/2/2020 2:00,0,0
3/2/2020 3:00,0,0
3/2/2020 4:00,0,0
3/2/2020 5:00,0,0
3/2/2020 6:00,0,0
3/2/2020 7:00,0,0
3/2/2020 8:00,0,0
3/2/2020 9:00,0,0
3/2/2020 10:00,0,0
3/2/2020 11:00,0,0
3/2/2020 12:00,0,0
3/2/2020 13:00,0,0
3/2/2020 14:00,0,0
3/2/2020 15:00,0,0
3/2/2020 16:00,0,0
3/2/2020 17:00,0,0
3/2/2020 18:00,0,0
3/2/2020 19:00,0,0
3/2/2020 20:00,0,0
3/2/2020 21:00,0,0
3/2/2020 22:00,0,0
3/2/2020 23:00,0,0
3/3/2020 0:00,0,0
3/3/2020 1:00,0,0
3/3/2020 2:00,0,0
3/3/2020 3:00,0,0
3/3/2020 4:00,0,0
3/3/2020 5:00,0,0
3/3/2020 6:00,0,0
3/3/2020 7:00,0,0
3/3/2020 8:00,0,0
3/3/2020 9:00,1,0
3/3/2020 10:00,0,0
3/3/2020 11:00,1,0
3/3/2020 12:00,1,0
3/3/2020 13:00,0,0
3/3/2020 14:00,0,0
3/3/2020 15:00,0,0
3/3/2020 16:00,0,0
3/3/2020 17:00,0,0
3/3/2020 18:00,0,0
3/3/2020 19:00,0,0
3/3/2020 20:00,0,0
3/3/2020 21:00,0,1
3/3/2020 22:00,0,0
3/3/2020 23:00,0,0
3/4/2020 0:00,0,0
3/4/2020 1:00,0,0
3/4/2020 2:00,0,0
3/4/2020 3:00,0,1
3/4/2020 4:00,0,0
3/4/2020 5:00,0,0
3/4/2020 6:00,0,0
3/4/2020 7:00,0,0
3/4/2020 8:00,0,0
3/4/2020 9:00,0,0
3/4/2020 10:00,0,0
3/4/2020 11:00,0,0
3/4/2020 12:00,0,0
3/4/2020 13:00,0,0
3/4/2020 14:00,0,0
3/4/2020 15:00,0,0
3/4/2020 16:00,0,0
3/4/2020 17:00,0,0
3/4/2020 18:00,0,0
3/4/2020 19:00,0,0
3/4/2020 20:00,0,0
3/4/2020 21:00,0,0
3/4/2020 22:00,0,0
3/4/2020 23:00,0,0
3/5/2020 0:00,0,0
3/5/2020 1:00,0,0
3/5/2020 2:00,0,0
3/5/2020 3:00,0,0
3/5/2020 4:00,0,0
3/5/2020 5:00,0,0
3/5/2020 6:00,0,0
3/5/2020 7:00,0,0
3/5/2020 8:00,0,0
3/5/2020 9:00,0,0
3/5/2020 10:00,0,0
3/5/2020 11:00,0,0
3/5/2020 12:00,0,0
3/5/2020 13:00,0,0
3/5/2020 14:00,0,0
3/5/2020 15:00,0,0
3/5/2020 16:00,0,0
3/5/2020 17:00,0,0
3/5/2020 18:00,0,0
3/5/2020 19:00,0,0
3/5/2020 20:00,0,0
3/5/2020 21:00,0,0
3/5/2020 22:00,0,0
3/5/2020 23:00,0,0
3/6/2020 0:00,0,0
3/6/2020 1:00,0,0
3/6/2020 2:00,0,0
3/6/2020 3:00,0,0
3/6/2020 4:00,0,0
3/6/2020 5:00,0,0
3/6/2020 6:00,0,0
3/6/2020 7:00,0,0
3/6/2020 8:00,0,0
3/6/2020 9:00,0,0
3/6/2020 10:00,0,0
3/6/2020 11:00,0,0
3/6/2020 12:00,0,0
3/6/2020 13:00,0,0
3/6/2020 14:00,0,0
3/6/2020 15:00,0,0
3/6/2020 16:00,0,0
3/6/2020 17:00,0,0
3/6/2020 18:00,0,0
3/6/2020 19:00,0,0
3/6/2020 20:00,0,0
3/6/2020 21:00,0,0
3/6/2020 22:00,0,0
3/6/2020 23:00,0,0
3/7/2020 0:00,0,0
3/7/2020 1:00,0,0
3/7/2020 2:00,0,1
3/7/2020 3:00,0,0
3/7/2020 4:00,0,0
3/7/2020 5:00,0,0
3/7/2020 6:00,0,0
3/7/2020 7:00,0,0
3/7/2020 8:00,0,0
3/7/2020 9:00,0,0
3/7/2020 10:00,0,0
3/7/2020 11:00,0,0
3/7/2020 12:00,0,0
3/7/2020 13:00,0,0
3/7/2020 14:00,0,0
3/7/2020 15:00,0,0
3/7/2020 16:00,0,0
3/7/2020 17:00,0,0
3/7/2020 18:00,0,0
3/7/2020 19:00,0,0
3/7/2020 20:00,0,0
3/7/2020 21:00,0,0
3/7/2020 22:00,0,0
3/7/2020 23:00,0,0
3/8/2020 0:00,0,0
3/8/2020 1:00,0,0
3/8/2020 2:00,0,0
3/8/2020 3:00,0,0
3/8/2020 4:00,0,0
3/8/2020 5:00,0,0
3/8/2020 6:00,0,0
3/8/2020 7:00,0,0
3/8/2020 8:00,0,0
3/8/2020 9:00,0,0
3/8/2020 10:00,0,0
3/8/2020 11:00,0,0
3/8/2020 12:00,0,0
3/8/2020 13:00,0,0
3/8/2020 14:00,0,0
3/8/2020 15:00,0,0
3/8/2020 16:00,0,0
3/8/2020 17:00,0,0
3/8/2020 18:00,0,0
3/8/2020 19:00,0,0
3/8/2020 20:00,0,0
3/8/2020 21:00,0,0
3/8/2020 22:00,0,0
3/8/2020 23:00,0,0
3/9/2020 0:00,0,0
3/9/2020 1:00,0,0
3/9/2020 2:00,0,0
3/9/2020 3:00,0,0
3/9/2020 4:00,0,0
3/9/2020 5:00,0,0
3/9/2020 6:00,0,0
3/9/2020 7:00,0,0
3/9/2020 8:00,0,0
3/9/2020 9:00,0,0
3/9/2020 10:00,0,0
3/9/2020 11:00,0,0
3/9/2020 12:00,0,0
3/9/2020 13:00,0,0
3/9/2020 14:00,0,0
3/9/2020 15:00,0,0
3/9/2020 16:00,0,0
3/9/2020 17:00,0,0
3/9/2020 18:00,0,0
3/9/2020 19:00,0,0
3/9/2020 20:00,0,0
3/9/2020 21:00,0,0
3/9/2020 22:00,0,0
3/9/2020 23:00,0,0
3/10/2020 0:00,0,0
3/10/2020 1:00,0,0
3/10/2020 2:00,0,0
3/10/2020 3:00,0,0
3/10/2020 4:00,0,0
3/10/2020 5:00,0,0
3/10/2020 6:00,0,0
3/10/2020 7:00,0,0
3/10/2020 8:00,0,0
3/10/2020 9:00,0,0
3/10/2020 10:00,0,0
3/10/2020 11:00,0,0
3/10/2020 12:00,0,0
3/10/2020 13:00,0,0
3/10/2020 14:00,0,0
3/10/2020 15:00,0,0
3/10/2020 16:00,0,0
3/10/2020 17:00,0,0
3/10/2020 18:00,0,0
3/10/2020 19:00,0,0
3/10/2020 20:00,0,0
3/10/2020 21:00,0,0
3/10/2020 22:00,0,0
3/10/2020 23:00,0,0
3/11/2020 0:00,0,0
3/11/2020 1:00,0,0
3/11/2020 2:00,0,0
3/11/2020 3:00,0,0
3/11/2020 4:00,0,0
3/11/2020 5:00,0,0
3/11/2020 6:00,0,0
3/11/2020 7:00,0,0
3/11/2020 8:00,0,0
3/11/2020 9:00,0,0
3/11/2020 10:00,0,0
3/11/2020 11:00,0,0
3/11/2020 12:00,0,0
3/11/2020 13:00,0,0
3/11/2020 14:00,0,0
3/11/2020 15:00,0,0
3/11/2020 16:00,0,0
3/11/2020 17:00,0,0
3/11/2020 18:00,0,0
3/11/2020 19:00,0,0
3/11/2020 20:00,0,0
3/11/2020 21:00,0,0
3/11/2020 22:00,0,0
3/11/2020 23:00,0,0
3/12/2020 0:00,0,0
3/12/2020 1:00,0,0
3/12/2020 2:00,0,0
3/12/2020 3:00,0,0
3/12/2020 4:00,0,0
3/12/2020 5:00,0,0
3/12/2020 6:00,0,0
3/12/2020 7:00,0,0
3/12/2020 8:00,0,0
3/12/2020 9:00,0,0
3/12/2020 10:00,0,0
3/12/2020 11:00,0,0
3/12/2020 12:00,0,0
3/12/2020 13:00,0,0
3/12/2020 14:00,0,0
3/12/2020 15:00,0,0
3/12/2020 16:00,0,0
3/12/2020 17:00,0,0
3/12/2020 18:00,0,0
3/12/2020 19:00,0,0
3/12/2020 20:00,0,0
3/12/2020 21:00,0,0
3/12/2020 22:00,0,0
3/12/2020 23:00,0,0
3/13/2020 0:00,0,0
3/13/2020 1:00,0,0
3/13/2020 2:00,0,0
3/13/2020 3:00,0,0
3/13/2020 4:00,0,0
3/13/2020 5:00,0,0
3/13/2020 6:00,0,0
3/13/2020 7:00,0,0
3/13/2020 8:00,0,0
3/13/2020 9:00,0,0
3/13/2020 10:00,0,0
3/13/2020 11:00,0,0
3/13/2020 12:00,0,0
3/13/2020 13:00,0,0
3/13/2020 14:00,0,0
3/13/2020 15:00,0,0
3/13/2020 16:00,0,0
3/13/2020 17:00,0,0
3/13/2020 18:00,0,0
3/13/2020 19:00,0,0
3/13/2020 20:00,0,0
3/13/2020 21:00,0,0
3/13/2020 22:00,0,0
3/13/2020 23:00,0,0
3/14/2020 0:00,0,0
3/14/2020 1:00,0,0
3/14/2020 2:00,0,0
3/14/2020 3:00,0,0
3/14/2020 4:00,0,0
3/14/2020 5:00,0,0
3/14/2020 6:00,0,0
3/14/2020 7:00,0,0
3/14/2020 8:00,0,0
3/14/2020 9:00,0,0
3/14/2020 10:00,0,0
3/14/2020 11:00,0,0
3/14/2020 12:00,0,0
3/14/2020 13:00,0,0
3/14/2020 14:00,0,0
3/14/2020 15:00,0,0
3/14/2020 16:00,0,0
3/14/2020 17:00,0,0
3/14/2020 18:00,0,0
3/14/2020 19:00,0,0
3/14/2020 20:00,0,0
3/14/2020 21:00,0,0
3/14/2020 22:00,0,0
3/14/2020 23:00,0,0
3/15/2020 0:00,0,0
3/15/2020 1:00,0,0
3/15/2020 2:00,0,0
3/15/2020 3:00,0,0
3/15/2020 4:00,0,0
3/15/2020 5:00,0,0
3/15/2020 6:00,0,0
3/15/2020 7:00,0,0
3/15/2020 8:00,0,0
3/15/2020 9:00,0,0
3/15/2020 10:00,0,0
3/15/2020 11:00,0,0
3/15/2020 12:00,0,0
3/15/2020 13:00,0,0
3/15/2020 14:00,0,0
3/15/2020 15:00,0,0
3/15/2020 16:00,0,0
3/15/2020 17:00,0,0
3/15/2020 18:00,0,0
3/15/2020 19:00,0,0
3/15/2020 20:00,0,0
3/15/2020 21:00,0,0
3/15/2020 22:00,0,0
3/15/2020 23:00,0,0
3/16/2020 0:00,0,0
3/16/2020 1:00,0,0
3/16/2020 2:00,0,0
3/16/2020 3:00,0,0
3/16/2020 4:00,0,0
3/16/2020 5:00,0,0
3/16/2020 6:00,0,0
3/16/2020 7:00,0,0
3/16/2020 8:00,0,0
3/16/2020 9:00,0,0
3/16/2020 10:00,0,0
3/16/2020 11:00,0,0
3/16/2020 12:00,0,0
3/16/2020 13:00,0,0
3/16/2020 14:00,N/A,N/A
3/16/2020 15:00,N/A,N/A
3/16/2020 16:00,N/A,N/A
3/16/2020 17:00,N/A,N/A
3/16/2020 18:00,N/A,N/A
3/16/2020 19:00,N/A,N/A
3/16/2020 20:00,N/A,N/A
3/16/2020 21:00,N/A,N/A
3/16/2020 22:00,N/A,N/A
3/16/2020 23:00,N/A,N/A
3/17/2020 0:00,N/A,N/A
3/17/2020 1:00,N/A,N/A
3/17/2020 2:00,N/A,N/A
3/17/2020 3:00,N/A,N/A
3/17/2020 4:00,N/A,N/A
3/17/2020 5:00,N/A,N/A
3/17/2020 6:00,N/A,N/A
3/17/2020 7:00,N/A,N/A
3/17/2020 8:00,N/A,N/A
3/17/2020 9:00,N/A,N/A
3/17/2020 10:00,N/A,N/A
3/17/2020 11:00,N/A,N/A
3/17/2020 12:00,N/A,N/A
3/17/2020 13:00,N/A,N/A
3/17/2020 14:00,N/A,N/A
3/17/2020 15:00,N/A,N/A
3/17/2020 16:00,N/A,N/A
3/17/2020 17:00,N/A,N/A
3/17/2020 18:00,N/A,N/A
3/17/2020 19:00,N/A,N/A
3/17/2020 20:00,N/A,N/A
3/17/2020 21:00,N/A,N/A
3/17/2020 22:00,N/A,N/A
3/17/2020 23:00,N/A,N/A
3/18/2020 0:00,N/A,N/A
3/18/2020 1:00,N/A,N/A
3/18/2020 2:00,N/A,N/A
3/18/2020 3:00,N/A,N/A
3/18/2020 4:00,N/A,N/A
3/18/2020 5:00,N/A,N/A
3/18/2020 6:00,N/A,N/A
3/18/2020 7:00,N/A,N/A
3/18/2020 8:00,N/A,N/A
3/18/2020 9:00,N/A,N/A
3/18/2020 10:00,N/A,N/A
3/18/2020 11:00,N/A,N/A
3/18/2020 12:00,N/A,N/A
3/18/2020 13:00,N/A,N/A
3/18/2020 14:00,N/A,N/A
3/18/2020 15:00,N/A,N/A
3/18/2020 16:00,N/A,N/A
3/18/2020 17:00,N/A,N/A
3/18/2020 18:00,N/A,N/A
3/18/2020 19:00,N/A,N/A
3/18/2020 20:00,N/A,N/A
3/18/2020 21:00,N/A,N/A
3/18/2020 22:00,N/A,N/A
3/18/2020 23:00,N/A,N/A
3/19/2020 0:00,N/A,N/A
3/19/2020 1:00,N/A,N/A
3/19/2020 2:00,N/A,N/A
3/19/2020 3:00,N/A,N/A
3/19/2020 4:00,N/A,N/A
3/19/2020 5:00,N/A,N/A
3/19/2020 6:00,N/A,N/A
3/19/2020 7:00,N/A,N/A
3/19/2020 8:00,N/A,N/A
3/19/2020 9:00,N/A,N/A
3/19/2020 10:00,N/A,N/A
3/19/2020 11:00,N/A,N/A
3/19/2020 12:00,N/A,N/A
3/19/2020 13:00,N/A,N/A
3/19/2020 14:00,N/A,N/A
3/19/2020 15:00,N/A,N/A
3/19/2020 16:00,N/A,N/A
3/19/2020 17:00,N/A,N/A
3/19/2020 18:00,N/A,N/A
3/19/2020 19:00,N/A,N/A
3/19/2020 20:00,N/A,N/A
3/19/2020 21:00,N/A,N/A
3/19/2020 22:00,N/A,N/A
3/19/2020 23:00,N/A,N/A
3/20/2020 0:00,N/A,N/A
3/20/2020 1:00,N/A,N/A
3/20/2020 2:00,N/A,N/A
3/20/2020 3:00,N/A,N/A
3/20/2020 4:00,N/A,N/A
3/20/2020 5:00,N/A,N/A
3/20/2020 6:00,N/A,N/A
3/20/2020 7:00,N/A,N/A
3/20/2020 8:00,N/A,N/A
3/20/2020 9:00,N/A,N/A
3/20/2020 10:00,N/A,N/A
3/20/2020 11:00,N/A,N/A
3/20/2020 12:00,N/A,N/A
3/20/2020 13:00,N/A,N/A
3/20/2020 14:00,N/A,N/A
3/20/2020 15:00,N/A,N/A
3/20/2020 16:00,N/A,N/A
3/20/2020 17:00,N/A,N/A
3/20/2020 18:00,N/A,N/A
3/20/2020 19:00,N/A,N/A
3/20/2020 20:00,N/A,N/A
3/20/2020 21:00,N/A,N/A
3/20/2020 22:00,N/A,N/A
3/20/2020 23:00,N/A,N/A
3/21/2020 0:00,N/A,N/A
3/21/2020 1:00,N/A,N/A
3/21/2020 2:00,N/A,N/A
3/21/2020 3:00,N/A,N/A
3/21/2020 4:00,N/A,N/A
3/21/2020 5:00,N/A,N/A
3/21/2020 6:00,N/A,N/A
3/21/2020 7:00,N/A,N/A
3/21/2020 8:00,N/A,N/A
3/21/2020 9:00,N/A,N/A
3/21/2020 10:00,N/A,N/A
3/21/2020 11:00,N/A,N/A
3/21/2020 12:00,N/A,N/A
3/21/2020 13:00,N/A,N/A
3/21/2020 14:00,N/A,N/A
3/21/2020 15:00,N/A,N/A
3/21/2020 16:00,N/A,N/A
3/21/2020 17:00,N/A,N/A
3/21/2020 18:00,N/A,N/A
3/21/2020 19:00,N/A,N/A
3/21/2020 20:00,N/A,N/A
3/21/2020 21:00,N/A,N/A
3/21/2020 22:00,N/A,N/A
3/21/2020 23:00,N/A,N/A
3/22/2020 0:00,N/A,N/A
3/22/2020 1:00,N/A,N/A
3/22/2020 2:00,N/A,N/A
3/22/2020 3:00,N/A,N/A
3/22/2020 4:00,N/A,N/A
3/22/2020 5:00,N/A,N/A
3/22/2020 6:00,N/A,N/A
3/22/2020 7:00,N/A,N/A
3/22/2020 8:00,N/A,N/A
3/22/2020 9:00,N/A,N/A
3/22/2020 10:00,N/A,N/A
3/22/2020 11:00,N/A,N/A
3/22/2020 12:00,N/A,N/A
3/22/2020 13:00,N/A,N/A
3/22/2020 14:00,N/A,N/A
3/22/2020 15:00,N/A,N/A
3/22/2020 16:00,N/A,N/A
3/22/2020 17:00,N/A,N/A
3/22/2020 18:00,N/A,N/A
3/22/2020 19:00,N/A,N/A
3/22/2020 20:00,N/A,N/A
3/22/2020 21:00,N/A,N/A
3/22/2020 22:00,N/A,N/A
3/22/2020 23:00,N/A,N/A
3/23/2020 0:00,N/A,N/A
3/23/2020 1:00,N/A,N/A
3/23/2020 2:00,N/A,N/A
3/23/2020 3:00,N/A,N/A
3/23/2020 4:00,N/A,N/A
3/23/2020 5:00,N/A,N/A
3/23/2020 6:00,N/A,N/A
3/23/2020 7:00,N/A,N/A
3/23/2020 8:00,N/A,N/A
3/23/2020 9:00,N/A,N/A
3/23/2020 10:00,N/A,N/A
3/23/2020 11:00,N/A,N/A
3/23/2020 12:00,N/A,N/A
3/23/2020 13:00,N/A,N/A
3/23/2020 14:00,N/A,N/A
3/23/2020 15:00,N/A,N/A
3/23/2020 16:00,N/A,N/A
3/23/2020 17:00,N/A,N/A
3/23/2020 18:00,N/A,N/A
3/23/2020 19:00,N/A,N/A
3/23/2020 20:00,N/A,N/A
3/23/2020 21:00,N/A,N/A
3/23/2020 22:00,N/A,N/A
3/23/2020 23:00,N/A,N/A
3/24/2020 0:00,N/A,N/A
3/24/2020 1:00,N/A,N/A
3/24/2020 2:00,N/A,N/A
3/24/2020 3:00,N/A,N/A
3/24/2020 4:00,N/A,N/A
3/24/2020 5:00,N/A,N/A
3/24/2020 6:00,N/A,N/A
3/24/2020 7:00,N/A,N/A
3/24/2020 8:00,N/A,N/A
3/24/2020 9:00,N/A,N/A
3/24/2020 10:00,N/A,N/A
3/24/2020 11:00,N/A,N/A
3/24/2020 12:00,N/A,N/A
3/24/2020 13:00,N/A,N/A
3/24/2020 14:00,N/A,N/A
3/24/2020 15:00,N/A,N/A
3/24/2020 16:00,N/A,N/A
3/24/2020 17:00,N/A,N/A
3/24/2020 18:00,N/A,N/A
3/24/2020 19:00,N/A,N/A
3/24/2020 20:00,N/A,N/A
3/24/2020 21:00,N/A,N/A
3/24/2020 22:00,N/A,N/A
3/24/2020 23:00,N/A,N/A
3/25/2020 0:00,N/A,N/A
3/25/2020 1:00,N/A,N/A
3/25/2020 2:00,N/A,N/A
3/25/2020 3:00,N/A,N/A
3/25/2020 4:00,N/A,N/A
3/25/2020 5:00,N/A,N/A
3/25/2020 6:00,N/A,N/A
3/25/2020 7:00,N/A,N/A
3/25/2020 8:00,N/A,N/A
3/25/2020 9:00,N/A,N/A
3/25/2020 10:00,N/A,N/A
3/25/2020 11:00,N/A,N/A
3/25/2020 12:00,N/A,N/A
3/25/2020 13:00,N/A,N/A
3/25/2020 14:00,N/A,N/A
3/25/2020 15:00,N/A,N/A
3/25/2020 16:00,N/A,N/A
3/25/2020 17:00,N/A,N/A
3/25/2020 18:00,N/A,N/A
3/25/2020 19:00,N/A,N/A
3/25/2020 20:00,N/A,N/A
3/25/2020 21:00,N/A,N/A
3/25/2020 22:00,N/A,N/A
3/25/2020 23:00,N/A,N/A
3/26/2020 0:00,N/A,N/A
3/26/2020 1:00,N/A,N/A
3/26/2020 2:00,N/A,N/A
3/26/2020 3:00,N/A,N/A
3/26/2020 4:00,N/A,N/A
3/26/2020 5:00,N/A,N/A
3/26/2020 6:00,N/A,N/A
3/26/2020 7:00,N/A,N/A
3/26/2020 8:00,N/A,N/A
3/26/2020 9:00,N/A,N/A
3/26/2020 10:00,N/A,N/A
3/26/2020 11:00,N/A,N/A
3/26/2020 12:00,N/A,N/A
3/26/2020 13:00,N/A,N/A
3/26/2020 14:00,N/A,N/A
3/26/2020 15:00,N/A,N/A
3/26/2020 16:00,N/A,N/A
3/26/2020 17:00,N/A,N/A
3/26/2020 18:00,N/A,N/A
3/26/2020 19:00,N/A,N/A
3/26/2020 20:00,N/A,N/A
3/26/2020 21:00,N/A,N/A
3/26/2020 22:00,N/A,N/A
3/26/2020 23:00,N/A,N/A
3/27/2020 0:00,N/A,N/A
3/27/2020 1:00,N/A,N/A
3/27/2020 2:00,N/A,N/A
3/27/2020 3:00,N/A,N/A
3/27/2020 4:00,N/A,N/A
3/27/2020 5:00,N/A,N/A
3/27/2020 6:00,N/A,N/A
3/27/2020 7:00,N/A,N/A
3/27/2020 8:00,N/A,N/A
3/27/2020 9:00,N/A,N/A
3/27/2020 10:00,N/A,N/A
3/27/2020 11:00,N/A,N/A
3/27/2020 12:00,N/A,N/A
3/27/2020 13:00,N/A,N/A
3/27/2020 14:00,N/A,N/A
3/27/2020 15:00,N/A,N/A
3/27/2020 16:00,N/A,N/A
3/27/2020 17:00,N/A,N/A
3/27/2020 18:00,N/A,N/A
3/27/2020 19:00,N/A,N/A
3/27/2020 20:00,N/A,N/A
3/27/2020 21:00,N/A,N/A
3/27/2020 22:00,N/A,N/A
3/27/2020 23:00,N/A,N/A
3/28/2020 0:00,N/A,N/A
3/28/2020 1:00,N/A,N/A
3/28/2020 2:00,N/A,N/A
3/28/2020 3:00,N/A,N/A
3/28/2020 4:00,N/A,N/A
3/28/2020 5:00,N/A,N/A
3/28/2020 6:00,N/A,N/A
3/28/2020 7:00,N/A,N/A
3/28/2020 8:00,N/A,N/A
3/28/2020 9:00,N/A,N/A
3/28/2020 10:00,N/A,N/A
3/28/2020 11:00,N/A,N/A
3/28/2020 12:00,N/A,N/A
3/28/2020 13:00,N/A,N/A
3/28/2020 14:00,N/A,N/A
3/28/2020 15:00,N/A,N/A
3/28/2020 16:00,N/A,N/A
3/28/2020 17:00,N/A,N/A
3/28/2020 18:00,N/A,N/A
3/28/2020 19:00,N/A,N/A
3/28/2020 20:00,N/A,N/A
3/28/2020 21:00,N/A,N/A
3/28/2020 22:00,N/A,N/A
3/28/2020 23:00,N/A,N/A
3/29/2020 0:00,N/A,N/A
3/29/2020 1:00,N/A,N/A
3/29/2020 2:00,N/A,N/A
3/29/2020 3:00,N/A,N/A
3/29/2020 4:00,N/A,N/A
3/29/2020 5:00,N/A,N/A
3/29/2020 6:00,N/A,N/A
3/29/2020 7:00,N/A,N/A
3/29/2020 8:00,N/A,N/A
3/29/2020 9:00,N/A,N/A
3/29/2020 10:00,N/A,N/A
3/29/2020 11:00,N/A,N/A
3/29/2020 12:00,N/A,N/A
3/29/2020 13:00,N/A,N/A
3/29/2020 14:00,N/A,N/A
3/29/2020 15:00,N/A,N/A
3/29/2020 16:00,N/A,N/A
3/29/2020 17:00,N/A,N/A
3/29/2020 18:00,N/A,N/A
3/29/2020 19:00,N/A,N/A
3/29/2020 20:00,N/A,N/A
3/29/2020 21:00,N/A,N/A
3/29/2020 22:00,N/A,N/A
3/29/2020 23:00,N/A,N/A
3/30/2020 0:00,N/A,N/A
3/30/2020 1:00,N/A,N/A
3/30/2020 2:00,N/A,N/A
3/30/2020 3:00,N/A,N/A
3/30/2020 4:00,N/A,N/A
3/30/2020 5:00,N/A,N/A
3/30/2020 6:00,N/A,N/A
3/30/2020 7:00,N/A,N/A
3/30/2020 8:00,N/A,N/A
3/30/2020 9:00,N/A,N/A
3/30/2020 10:00,N/A,N/A
3/30/2020 11:00,N/A,N/A
3/30/2020 12:00,N/A,N/A
3/30/2020 13:00,N/A,N/A
3/30/2020 14:00,N/A,N/A
3/30/2020 15:00,N/A,N/A
3/30/2020 16:00,N/A,N/A
3/30/2020 17:00,N/A,N/A
3/30/2020 18:00,N/A,N/A
3/30/2020 19:00,N/A,N/A
3/30/2020 20:00,N/A,N/A
3/30/2020 21:00,N/A,N/A
3/30/2020 22:00,N/A,N/A
3/30/2020 23:00,N/A,N/A
3/31/2020 0:00,N/A,N/A
3/31/2020 1:00,N/A,N/A
3/31/2020 2:00,N/A,N/A
3/31/2020 3:00,N/A,N/A
3/31/2020 4:00,N/A,N/A
3/31/2020 5:00,N/A,N/A
3/31/2020 6:00,N/A,N/A
3/31/2020 7:00,N/A,N/A
3/31/2020 8:00,N/A,N/A
3/31/2020 9:00,N/A,N/A
3/31/2020 10:00,N/A,N/A
3/31/2020 11:00,N/A,N/A
3/31/2020 12:00,N/A,N/A
3/31/2020 13:00,N/A,N/A
3/31/2020 14:00,N/A,N/A
3/31/2020 15:00,N/A,N/A
3/31/2020 16:00,N/A,N/A
3/31/2020 17:00,N/A,N/A
3/31/2020 18:00,N/A,N/A
3/31/2020 19:00,N/A,N/A
3/31/2020 20:00,N/A,N/A
3/31/2020 21:00,N/A,N/A
3/31/2020 22:00,N/A,N/A
3/31/2020 23:00,N/A,N/A
4/1/2020 0:00,N/A,N/A
4/1/2020 1:00,N/A,N/A
4/1/2020 2:00,N/A,N/A
4/1/2020 3:00,N/A,N/A
4/1/2020 4:00,N/A,N/A
4/1/2020 5:00,N/A,N/A
4/1/2020 6:00,N/A,N/A
4/1/2020 7:00,N/A,N/A
4/1/2020 8:00,N/A,N/A
4/1/2020 9:00,N/A,N/A
4/1/2020 10:00,N/A,N/A
4/1/2020 11:00,N/A,N/A
4/1/2020 12:00,N/A,N/A
4/1/2020 13:00,N/A,N/A
4/1/2020 14:00,N/A,N/A
4/1/2020 15:00,N/A,N/A
4/1/2020 16:00,N/A,N/A
4/1/2020 17:00,N/A,N/A
4/1/2020 18:00,N/A,N/A
4/1/2020 19:00,N/A,N/A
4/1/2020 20:00,N/A,N/A
4/1/2020 21:00,N/A,N/A
4/1/2020 22:00,N/A,N/A
4/1/2020 23:00,N/A,N/A
4/2/2020 0:00,N/A,N/A
4/2/2020 1:00,N/A,N/A
4/2/2020 2:00,N/A,N/A
4/2/2020 3:00,N/A,N/A
4/2/2020 4:00,N/A,N/A
4/2/2020 5:00,N/A,N/A
4/2/2020 6:00,N/A,N/A
4/2/2020 7:00,N/A,N/A
4/2/2020 8:00,N/A,N/A
4/2/2020 9:00,N/A,N/A
4/2/2020 10:00,N/A,N/A
4/2/2020 11:00,N/A,N/A
4/2/2020 12:00,N/A,N/A
4/2/2020 13:00,N/A,N/A
4/2/2020 14:00,N/A,N/A
4/2/2020 15:00,N/A,N/A
4/2/2020 16:00,N/A,N/A
4/2/2020 17:00,N/A,N/A
4/2/2020 18:00,N/A,N/A
4/2/2020 19:00,N/A,N/A
4/2/2020 20:00,N/A,N/A
4/2/2020 21:00,N/A,N/A
4/2/2020 22:00,N/A,N/A
4/2/2020 23:00,N/A,N/A
4/3/2020 0:00,N/A,N/A
4/3/2020 1:00,N/A,N/A
4/3/2020 2:00,N/A,N/A
4/3/2020 3:00,N/A,N/A
4/3/2020 4:00,N/A,N/A
4/3/2020 5:00,N/A,N/A
4/3/2020 6:00,N/A,N/A
4/3/2020 7:00,N/A,N/A
4/3/2020 8:00,N/A,N/A
4/3/2020 9:00,N/A,N/A
4/3/2020 10:00,N/A,N/A
4/3/2020 11:00,N/A,N/A
4/3/2020 12:00,N/A,N/A
4/3/2020 13:00,N/A,N/A
4/3/2020 14:00,N/A,N/A
4/3/2020 15:00,N/A,N/A
4/3/2020 16:00,N/A,N/A
4/3/2020 17:00,N/A,N/A
4/3/2020 18:00,N/A,N/A
4/3/2020 19:00,N/A,N/A
4/3/2020 20:00,N/A,N/A
4/3/2020 21:00,N/A,N/A
4/3/2020 22:00,N/A,N/A
4/3/2020 23:00,N/A,N/A
4/4/2020 0:00,N/A,N/A
4/4/2020 1:00,N/A,N/A
4/4/2020 2:00,N/A,N/A
4/4/2020 3:00,N/A,N/A
4/4/2020 4:00,N/A,N/A
4/4/2020 5:00,N/A,N/A
4/4/2020 6:00,N/A,N/A
4/4/2020 7:00,N/A,N/A
4/4/2020 8:00,N/A,N/A
4/4/2020 9:00,N/A,N/A
4/4/2020 10:00,N/A,N/A
4/4/2020 11:00,N/A,N/A
4/4/2020 12:00,N/A,N/A
4/4/2020 13:00,N/A,N/A
4/4/2020 14:00,N/A,N/A
4/4/2020 15:00,N/A,N/A
4/4/2020 16:00,N/A,N/A
4/4/2020 17:00,N/A,N/A
4/4/2020 18:00,N/A,N/A
4/4/2020 19:00,N/A,N/A
4/4/2020 20:00,N/A,N/A
4/4/2020 21:00,N/A,N/A
4/4/2020 22:00,N/A,N/A
4/4/2020 23:00,N/A,N/A
4/5/2020 0:00,N/A,N/A
4/5/2020 1:00,N/A,N/A
4/5/2020 2:00,N/A,N/A
4/5/2020 3:00,N/A,N/A
4/5/2020 4:00,N/A,N/A
4/5/2020 5:00,N/A,N/A
4/5/2020 6:00,N/A,N/A
4/5/2020 7:00,N/A,N/A
4/5/2020 8:00,N/A,N/A
4/5/2020 9:00,N/A,N/A
4/5/2020 10:00,N/A,N/A
4/5/2020 11:00,N/A,N/A
4/5/2020 12:00,N/A,N/A
4/5/2020 13:00,N/A,N/A
4/5/2020 14:00,N/A,N/A
4/5/2020 15:00,N/A,N/A
4/5/2020 16:00,N/A,N/A
4/5/2020 17:00,N/A,N/A
4/5/2020 18:00,N/A,N/A
4/5/2020 19:00,N/A,N/A
4/5/2020 20:00,N/A,N/A
4/5/2020 21:00,N/A,N/A
4/5/2020 22:00,N/A,N/A
4/5/2020 23:00,N/A,N/A
4/6/2020 0:00,N/A,N/A
4/6/2020 1:00,N/A,N/A
4/6/2020 2:00,N/A,N/A
4/6/2020 3:00,N/A,N/A
4/6/2020 4:00,N/A,N/A
4/6/2020 5:00,N/A,N/A
4/6/2020 6:00,N/A,N/A
4/6/2020 7:00,N/A,N/A
4/6/2020 8:00,N/A,N/A
4/6/2020 9:00,N/A,N/A
4/6/2020 10:00,N/A,N/A
4/6/2020 11:00,N/A,N/A
4/6/2020 12:00,N/A,N/A
4/6/2020 13:00,N/A,N/A
4/6/2020 14:00,N/A,N/A
4/6/2020 15:00,N/A,N/A
4/6/2020 16:00,N/A,N/A
4/6/2020 17:00,N/A,N/A
4/6/2020 18:00,N/A,N/A
4/6/2020 19:00,N/A,N/A
4/6/2020 20:00,N/A,N/A
4/6/2020 21:00,N/A,N/A
4/6/2020 22:00,N/A,N/A
4/6/2020 23:00,N/A,N/A
4/7/2020 0:00,N/A,N/A
4/7/2020 1:00,N/A,N/A
4/7/2020 2:00,N/A,N/A
4/7/2020 3:00,N/A,N/A
4/7/2020 4:00,N/A,N/A
4/7/2020 5:00,N/A,N/A
4/7/2020 6:00,N/A,N/A
4/7/2020 7:00,N/A,N/A
4/7/2020 8:00,N/A,N/A
4/7/2020 9:00,N/A,N/A
4/7/2020 10:00,N/A,N/A
4/7/2020 11:00,N/A,N/A
4/7/2020 12:00,N/A,N/A
4/7/2020 13:00,N/A,N/A
4/7/2020 14:00,N/A,N/A
4/7/2020 15:00,N/A,N/A
4/7/2020 16:00,N/A,N/A
4/7/2020 17:00,N/A,N/A
4/7/2020 18:00,N/A,N/A
4/7/2020 19:00,N/A,N/A
4/7/2020 20:00,N/A,N/A
4/7/2020 21:00,N/A,N/A
4/7/2020 22:00,N/A,N/A
4/7/2020 23:00,N/A,N/A
4/8/2020 0:00,N/A,N/A
4/8/2020 1:00,N/A,N/A
4/8/2020 2:00,N/A,N/A
4/8/2020 3:00,N/A,N/A
4/8/2020 4:00,N/A,N/A
4/8/2020 5:00,N/A,N/A
4/8/2020 6:00,N/A,N/A
4/8/2020 7:00,N/A,N/A
4/8/2020 8:00,N/A,N/A
4/8/2020 9:00,N/A,N/A
4/8/2020 10:00,N/A,N/A
4/8/2020 11:00,N/A,N/A
4/8/2020 12:00,N/A,N/A
4/8/2020 13:00,N/A,N/A
4/8/2020 14:00,N/A,N/A
4/8/2020 15:00,N/A,N/A
4/8/2020 16:00,N/A,N/A
4/8/2020 17:00,N/A,N/A
4/8/2020 18:00,N/A,N/A
4/8/2020 19:00,N/A,N/A
4/8/2020 20:00,N/A,N/A
4/8/2020 21:00,N/A,N/A
4/8/2020 22:00,N/A,N/A
4/8/2020 23:00,N/A,N/A
4/9/2020 0:00,N/A,N/A
4/9/2020 1:00,N/A,N/A
4/9/2020 2:00,N/A,N/A
4/9/2020 3:00,N/A,N/A
4/9/2020 4:00,N/A,N/A
4/9/2020 5:00,N/A,N/A
4/9/2020 6:00,N/A,N/A
4/9/2020 7:00,N/A,N/A
4/9/2020 8:00,N/A,N/A
4/9/2020 9:00,N/A,N/A
4/9/2020 10:00,N/A,N/A
4/9/2020 11:00,N/A,N/A
4/9/2020 12:00,N/A,N/A
4/9/2020 13:00,N/A,N/A
4/9/2020 14:00,N/A,N/A
4/9/2020 15:00,N/A,N/A
4/9/2020 16:00,N/A,N/A
4/9/2020 17:00,N/A,N/A
4/9/2020 18:00,N/A,N/A
4/9/2020 19:00,N/A,N/A
4/9/2020 20:00,N/A,N/A
4/9/2020 21:00,N/A,N/A
4/9/2020 22:00,N/A,N/A
4/9/2020 23:00,N/A,N/A
4/10/2020 0:00,N/A,N/A
4/10/2020 1:00,N/A,N/A
4/10/2020 2:00,N/A,N/A
4/10/2020 3:00,N/A,N/A
4/10/2020 4:00,N/A,N/A
4/10/2020 5:00,N/A,N/A
4/10/2020 6:00,N/A,N/A
4/10/2020 7:00,N/A,N/A
4/10/2020 8:00,N/A,N/A
4/10/2020 9:00,N/A,N/A
4/10/2020 10:00,N/A,N/A
4/10/2020 11:00,N/A,N/A
4/10/2020 12:00,N/A,N/A
4/10/2020 13:00,N/A,N/A
4/10/2020 14:00,N/A,N/A
4/10/2020 15:00,N/A,N/A
4/10/2020 16:00,N/A,N/A
4/10/2020 17:00,N/A,N/A
4/10/2020 18:00,N/A,N/A
4/10/2020 19:00,N/A,N/A
4/10/2020 20:00,N/A,N/A
4/10/2020 21:00,N/A,N/A
4/10/2020 22:00,N/A,N/A
4/10/2020 23:00,N/A,N/A
4/11/2020 0:00,N/A,N/A
4/11/2020 1:00,N/A,N/A
4/11/2020 2:00,N/A,N/A
4/11/2020 3:00,N/A,N/A
4/11/2020 4:00,N/A,N/A
4/11/2020 5:00,N/A,N/A
4/11/2020 6:00,N/A,N/A
4/11/2020 7:00,N/A,N/A
4/11/2020 8:00,N/A,N/A
4/11/2020 9:00,N/A,N/A
4/11/2020 10:00,N/A,N/A
4/11/2020 11:00,N/A,N/A
4/11/2020 12:00,N/A,N/A
4/11/2020 13:00,N/A,N/A
4/11/2020 14:00,N/A,N/A
4/11/2020 15:00,N/A,N/A
4/11/2020 16:00,N/A,N/A
4/11/2020 17:00,N/A,N/A
4/11/2020 18:00,N/A,N/A
4/11/2020 19:00,N/A,N/A
4/11/2020 20:00,N/A,N/A
4/11/2020 21:00,N/A,N/A
4/11/2020 22:00,N/A,N/A
4/11/2020 23:00,N/A,N/A
4/12/2020 0:00,N/A,N/A
4/12/2020 1:00,N/A,N/A
4/12/2020 2:00,N/A,N/A
4/12/2020 3:00,N/A,N/A
4/12/2020 4:00,N/A,N/A
4/12/2020 5:00,N/A,N/A
4/12/2020 6:00,N/A,N/A
4/12/2020 7:00,N/A,N/A
4/12/2020 8:00,N/A,N/A
4/12/2020 9:00,N/A,N/A
4/12/2020 10:00,N/A,N/A
4/12/2020 11:00,N/A,N/A
4/12/2020 12:00,N/A,N/A
4/12/2020 13:00,N/A,N/A
4/12/2020 14:00,N/A,N/A
4/12/2020 15:00,N/A,N/A
4/12/2020 16:00,N/A,N/A
4/12/2020 17:00,N/A,N/A
4/12/2020 18:00,N/A,N/A
4/12/2020 19:00,N/A,N/A
4/12/2020 20:00,N/A,N/A
4/12/2020 21:00,N/A,N/A
4/12/2020 22:00,N/A,N/A
4/12/2020 23:00,N/A,N/A
4/13/2020 0:00,N/A,N/A
4/13/2020 1:00,N/A,N/A
4/13/2020 2:00,N/A,N/A
4/13/2020 3:00,N/A,N/A
4/13/2020 4:00,N/A,N/A
4/13/2020 5:00,N/A,N/A
4/13/2020 6:00,N/A,N/A
4/13/2020 7:00,N/A,N/A
4/13/2020 8:00,N/A,N/A
4/13/2020 9:00,N/A,N/A
4/13/2020 10:00,N/A,N/A
4/13/2020 11:00,N/A,N/A
4/13/2020 12:00,N/A,N/A
4/13/2020 13:00,N/A,N/A
4/13/2020 14:00,N/A,N/A
4/13/2020 15:00,N/A,N/A
4/13/2020 16:00,N/A,N/A
4/13/2020 17:00,N/A,N/A
4/13/2020 18:00,N/A,N/A
4/13/2020 19:00,N/A,N/A
4/13/2020 20:00,N/A,N/A
4/13/2020 21:00,N/A,N/A
4/13/2020 22:00,N/A,N/A
4/13/2020 23:00,N/A,N/A
4/14/2020 0:00,N/A,N/A
4/14/2020 1:00,N/A,N/A
4/14/2020 2:00,N/A,N/A
4/14/2020 3:00,N/A,N/A
4/14/2020 4:00,N/A,N/A
4/14/2020 5:00,N/A,N/A
4/14/2020 6:00,N/A,N/A
4/14/2020 7:00,N/A,N/A
4/14/2020 8:00,N/A,N/A
4/14/2020 9:00,N/A,N/A
4/14/2020 10:00,N/A,N/A
4/14/2020 11:00,N/A,N/A
4/14/2020 12:00,N/A,N/A
4/14/2020 13:00,N/A,N/A
4/14/2020 14:00,N/A,N/A
4/14/2020 15:00,N/A,N/A
4/14/2020 16:00,N/A,N/A
4/14/2020 17:00,N/A,N/A
4/14/2020 18:00,N/A,N/A
4/14/2020 19:00,N/A,N/A
4/14/2020 20:00,N/A,N/A
4/14/2020 21:00,N/A,N/A
4/14/2020 22:00,N/A,N/A
4/14/2020 23:00,N/A,N/A
4/15/2020 0:00,N/A,N/A
4/15/2020 1:00,N/A,N/A
4/15/2020 2:00,N/A,N/A
4/15/2020 3:00,N/A,N/A
4/15/2020 4:00,N/A,N/A
4/15/2020 5:00,N/A,N/A
4/15/2020 6:00,N/A,N/A
4/15/2020 7:00,N/A,N/A
4/15/2020 8:00,N/A,N/A
4/15/2020 9:00,N/A,N/A
4/15/2020 10:00,N/A,N/A
4/15/2020 11:00,N/A,N/A
4/15/2020 12:00,N/A,N/A
4/15/2020 13:00,N/A,N/A
4/15/2020 14:00,N/A,N/A
4/15/2020 15:00,N/A,N/A
4/15/2020 16:00,N/A,N/A
4/15/2020 17:00,N/A,N/A
4/15/2020 18:00,N/A,N/A
4/15/2020 19:00,N/A,N/A
4/15/2020 20:00,N/A,N/A
4/15/2020 21:00,N/A,N/A
4/15/2020 22:00,N/A,N/A
4/15/2020 23:00,N/A,N/A
4/16/2020 0:00,N/A,N/A
4/16/2020 1:00,N/A,N/A
4/16/2020 2:00,N/A,N/A
4/16/2020 3:00,N/A,N/A
4/16/2020 4:00,N/A,N/A
4/16/2020 5:00,N/A,N/A
4/16/2020 6:00,N/A,N/A
4/16/2020 7:00,N/A,N/A
4/16/2020 8:00,N/A,N/A
4/16/2020 9:00,N/A,N/A
4/16/2020 10:00,N/A,N/A
4/16/2020 11:00,N/A,N/A
4/16/2020 12:00,N/A,N/A
4/16/2020 13:00,N/A,N/A
4/16/2020 14:00,N/A,N/A
4/16/2020 15:00,N/A,N/A
4/16/2020 16:00,N/A,N/A
4/16/2020 17:00,N/A,N/A
4/16/2020 18:00,N/A,N/A
4/16/2020 19:00,N/A,N/A
4/16/2020 20:00,N/A,N/A
4/16/2020 21:00,N/A,N/A
4/16/2020 22:00,N/A,N/A
4/16/2020 23:00,N/A,N/A
4/17/2020 0:00,N/A,N/A
4/17/2020 1:00,N/A,N/A
4/17/2020 2:00,N/A,N/A
4/17/2020 3:00,N/A,N/A
4/17/2020 4:00,N/A,N/A
4/17/2020 5:00,N/A,N/A
4/17/2020 6:00,N/A,N/A
4/17/2020 7:00,N/A,N/A
4/17/2020 8:00,N/A,N/A
4/17/2020 9:00,N/A,N/A
4/17/2020 10:00,N/A,N/A
4/17/2020 11:00,N/A,N/A
4/17/2020 12:00,N/A,N/A
4/17/2020 13:00,N/A,N/A
4/17/2020 14:00,N/A,N/A
4/17/2020 15:00,N/A,N/A
4/17/2020 16:00,N/A,N/A
4/17/2020 17:00,N/A,N/A
4/17/2020 18:00,N/A,N/A
4/17/2020 19:00,N/A,N/A
4/17/2020 20:00,N/A,N/A
4/17/2020 21:00,N/A,N/A
4/17/2020 22:00,N/A,N/A
4/17/2020 23:00,N/A,N/A
4/18/2020 0:00,N/A,N/A
4/18/2020 1:00,N/A,N/A
4/18/2020 2:00,N/A,N/A
4/18/2020 3:00,N/A,N/A
4/18/2020 4:00,N/A,N/A
4/18/2020 5:00,N/A,N/A
4/18/2020 6:00,N/A,N/A
4/18/2020 7:00,N/A,N/A
4/18/2020 8:00,N/A,N/A
4/18/2020 9:00,N/A,N/A
4/18/2020 10:00,N/A,N/A
4/18/2020 11:00,N/A,N/A
4/18/2020 12:00,N/A,N/A
4/18/2020 13:00,N/A,N/A
4/18/2020 14:00,N/A,N/A
4/18/2020 15:00,N/A,N/A
4/18/2020 16:00,N/A,N/A
4/18/2020 17:00,N/A,N/A
4/18/2020 18:00,N/A,N/A
4/18/2020 19:00,N/A,N/A
4/18/2020 20:00,N/A,N/A
4/18/2020 21:00,N/A,N/A
4/18/2020 22:00,N/A,N/A
4/18/2020 23:00,N/A,N/A
4/19/2020 0:00,N/A,N/A
4/19/2020 1:00,N/A,N/A
4/19/2020 2:00,N/A,N/A
4/19/2020 3:00,N/A,N/A
4/19/2020 4:00,N/A,N/A
4/19/2020 5:00,N/A,N/A
4/19/2020 6:00,N/A,N/A
4/19/2020 7:00,N/A,N/A
4/19/2020 8:00,N/A,N/A
4/19/2020 9:00,N/A,N/A
4/19/2020 10:00,N/A,N/A
4/19/2020 11:00,N/A,N/A
4/19/2020 12:00,N/A,N/A
4/19/2020 13:00,N/A,N/A
4/19/2020 14:00,N/A,N/A
4/19/2020 15:00,N/A,N/A
4/19/2020 16:00,N/A,N/A
4/19/2020 17:00,N/A,N/A
4/19/2020 18:00,N/A,N/A
4/19/2020 19:00,N/A,N/A
4/19/2020 20:00,N/A,N/A
4/19/2020 21:00,N/A,N/A
4/19/2020 22:00,N/A,N/A
4/19/2020 23:00,N/A,N/A
4/20/2020 0:00,N/A,N/A
4/20/2020 1:00,N/A,N/A
4/20/2020 2:00,N/A,N/A
4/20/2020 3:00,N/A,N/A
4/20/2020 4:00,N/A,N/A
4/20/2020 5:00,N/A,N/A
4/20/2020 6:00,N/A,N/A
4/20/2020 7:00,N/A,N/A
4/20/2020 8:00,N/A,N/A
4/20/2020 9:00,N/A,N/A
4/20/2020 10:00,N/A,N/A
4/20/2020 11:00,N/A,N/A
4/20/2020 12:00,N/A,N/A
4/20/2020 13:00,N/A,N/A
4/20/2020 14:00,N/A,N/A
4/20/2020 15:00,N/A,N/A
4/20/2020 16:00,N/A,N/A
4/20/2020 17:00,N/A,N/A
4/20/2020 18:00,N/A,N/A
4/20/2020 19:00,N/A,N/A
4/20/2020 20:00,N/A,N/A
4/20/2020 21:00,N/A,N/A
4/20/2020 22:00,N/A,N/A
4/20/2020 23:00,N/A,N/A
4/21/2020 0:00,N/A,N/A
4/21/2020 1:00,N/A,N/A
4/21/2020 2:00,N/A,N/A
4/21/2020 3:00,N/A,N/A
4/21/2020 4:00,N/A,N/A
4/21/2020 5:00,N/A,N/A
4/21/2020 6:00,N/A,N/A
4/21/2020 7:00,N/A,N/A
4/21/2020 8:00,N/A,N/A
4/21/2020 9:00,N/A,N/A
4/21/2020 10:00,N/A,N/A
4/21/2020 11:00,N/A,N/A
4/21/2020 12:00,N/A,N/A
4/21/2020 13:00,N/A,N/A
4/21/2020 14:00,N/A,N/A
4/21/2020 15:00,N/A,N/A
4/21/2020 16:00,N/A,N/A
4/21/2020 17:00,N/A,N/A
4/21/2020 18:00,N/A,N/A
4/21/2020 19:00,N/A,N/A
4/21/2020 20:00,N/A,N/A
4/21/2020 21:00,N/A,N/A
4/21/2020 22:00,N/A,N/A
4/21/2020 23:00,N/A,N/A
4/22/2020 0:00,N/A,N/A
4/22/2020 1:00,N/A,N/A
4/22/2020 2:00,N/A,N/A
4/22/2020 3:00,N/A,N/A
4/22/2020 4:00,N/A,N/A
4/22/2020 5:00,N/A,N/A
4/22/2020 6:00,N/A,N/A
4/22/2020 7:00,N/A,N/A
4/22/2020 8:00,N/A,N/A
4/22/2020 9:00,N/A,N/A
4/22/2020 10:00,N/A,N/A
4/22/2020 11:00,N/A,N/A
4/22/2020 12:00,N/A,N/A
4/22/2020 13:00,N/A,N/A
4/22/2020 14:00,N/A,N/A
4/22/2020 15:00,N/A,N/A
4/22/2020 16:00,N/A,N/A
4/22/2020 17:00,N/A,N/A
4/22/2020 18:00,N/A,N/A
4/22/2020 19:00,N/A,N/A
4/22/2020 20:00,N/A,N/A
4/22/2020 21:00,N/A,N/A
4/22/2020 22:00,N/A,N/A
4/22/2020 23:00,N/A,N/A
4/23/2020 0:00,N/A,N/A
4/23/2020 1:00,N/A,N/A
4/23/2020 2:00,N/A,N/A
4/23/2020 3:00,N/A,N/A
4/23/2020 4:00,N/A,N/A
4/23/2020 5:00,N/A,N/A
4/23/2020 6:00,N/A,N/A
4/23/2020 7:00,N/A,N/A
4/23/2020 8:00,N/A,N/A
4/23/2020 9:00,N/A,N/A
4/23/2020 10:00,N/A,N/A
4/23/2020 11:00,N/A,N/A
4/23/2020 12:00,N/A,N/A
4/23/2020 13:00,N/A,N/A
4/23/2020 14:00,N/A,N/A
4/23/2020 15:00,N/A,N/A
4/23/2020 16:00,N/A,N/A
4/23/2020 17:00,N/A,N/A
4/23/2020 18:00,N/A,N/A
4/23/2020 19:00,N/A,N/A
4/23/2020 20:00,N/A,N/A
4/23/2020 21:00,N/A,N/A
4/23/2020 22:00,N/A,N/A
4/23/2020 23:00,N/A,N/A
4/24/2020 0:00,N/A,N/A
4/24/2020 1:00,N/A,N/A
4/24/2020 2:00,N/A,N/A
4/24/2020 3:00,N/A,N/A
4/24/2020 4:00,N/A,N/A
4/24/2020 5:00,N/A,N/A
4/24/2020 6:00,N/A,N/A
4/24/2020 7:00,N/A,N/A
4/24/2020 8:00,N/A,N/A
4/24/2020 9:00,N/A,N/A
4/24/2020 10:00,N/A,N/A
4/24/2020 11:00,N/A,N/A
4/24/2020 12:00,N/A,N/A
4/24/2020 13:00,N/A,N/A
4/24/2020 14:00,N/A,N/A
4/24/2020 15:00,N/A,N/A
4/24/2020 16:00,N/A,N/A
4/24/2020 17:00,N/A,N/A
4/24/2020 18:00,N/A,N/A
4/24/2020 19:00,N/A,N/A
4/24/2020 20:00,N/A,N/A
4/24/2020 21:00,N/A,N/A
4/24/2020 22:00,N/A,N/A
4/24/2020 23:00,N/A,N/A
4/25/2020 0:00,N/A,N/A
4/25/2020 1:00,N/A,N/A
4/25/2020 2:00,N/A,N/A
4/25/2020 3:00,N/A,N/A
4/25/2020 4:00,N/A,N/A
4/25/2020 5:00,N/A,N/A
4/25/2020 6:00,N/A,N/A
4/25/2020 7:00,N/A,N/A
4/25/2020 8:00,N/A,N/A
4/25/2020 9:00,N/A,N/A
4/25/2020 10:00,N/A,N/A
4/25/2020 11:00,N/A,N/A
4/25/2020 12:00,N/A,N/A
4/25/2020 13:00,N/A,N/A
4/25/2020 14:00,N/A,N/A
4/25/2020 15:00,N/A,N/A
4/25/2020 16:00,N/A,N/A
4/25/2020 17:00,N/A,N/A
4/25/2020 18:00,N/A,N/A
4/25/2020 19:00,N/A,N/A
4/25/2020 20:00,N/A,N/A
4/25/2020 21:00,N/A,N/A
4/25/2020 22:00,N/A,N/A
4/25/2020 23:00,N/A,N/A
4/26/2020 0:00,N/A,N/A
4/26/2020 1:00,N/A,N/A
4/26/2020 2:00,N/A,N/A
4/26/2020 3:00,N/A,N/A
4/26/2020 4:00,N/A,N/A
4/26/2020 5:00,N/A,N/A
4/26/2020 6:00,N/A,N/A
4/26/2020 7:00,N/A,N/A
4/26/2020 8:00,N/A,N/A
4/26/2020 9:00,N/A,N/A
4/26/2020 10:00,N/A,N/A
4/26/2020 11:00,N/A,N/A
4/26/2020 12:00,N/A,N/A
4/26/2020 13:00,N/A,N/A
4/26/2020 14:00,N/A,N/A
4/26/2020 15:00,N/A,N/A
4/26/2020 16:00,N/A,N/A
4/26/2020 17:00,N/A,N/A
4/26/2020 18:00,N/A,N/A
4/26/2020 19:00,N/A,N/A
4/26/2020 20:00,N/A,N/A
4/26/2020 21:00,N/A,N/A
4/26/2020 22:00,N/A,N/A
4/26/2020 23:00,N/A,N/A
4/27/2020 0:00,N/A,N/A
4/27/2020 1:00,N/A,N/A
4/27/2020 2:00,N/A,N/A
4/27/2020 3:00,N/A,N/A
4/27/2020 4:00,N/A,N/A
4/27/2020 5:00,N/A,N/A
4/27/2020 6:00,N/A,N/A
4/27/2020 7:00,N/A,N/A
4/27/2020 8:00,N/A,N/A
4/27/2020 9:00,N/A,N/A
4/27/2020 10:00,N/A,N/A
4/27/2020 11:00,N/A,N/A
4/27/2020 12:00,N/A,N/A
4/27/2020 13:00,N/A,N/A
4/27/2020 14:00,N/A,N/A
4/27/2020 15:00,N/A,N/A
4/27/2020 16:00,N/A,N/A
4/27/2020 17:00,N/A,N/A
4/27/2020 18:00,N/A,N/A
4/27/2020 19:00,N/A,N/A
4/27/2020 20:00,N/A,N/A
4/27/2020 21:00,N/A,N/A
4/27/2020 22:00,N/A,N/A
4/27/2020 23:00,N/A,N/A
4/28/2020 0:00,N/A,N/A
4/28/2020 1:00,N/A,N/A
4/28/2020 2:00,N/A,N/A
4/28/2020 3:00,N/A,N/A
4/28/2020 4:00,N/A,N/A
4/28/2020 5:00,N/A,N/A
4/28/2020 6:00,N/A,N/A
4/28/2020 7:00,N/A,N/A
4/28/2020 8:00,N/A,N/A
4/28/2020 9:00,N/A,N/A
4/28/2020 10:00,N/A,N/A
4/28/2020 11:00,N/A,N/A
4/28/2020 12:00,N/A,N/A
4/28/2020 13:00,N/A,N/A
4/28/2020 14:00,N/A,N/A
4/28/2020 15:00,N/A,N/A
4/28/2020 16:00,N/A,N/A
4/28/2020 17:00,N/A,N/A
4/28/2020 18:00,N/A,N/A
4/28/2020 19:00,N/A,N/A
4/28/2020 20:00,N/A,N/A
4/28/2020 21:00,N/A,N/A
4/28/2020 22:00,N/A,N/A
4/28/2020 23:00,N/A,N/A
4/29/2020 0:00,N/A,N/A
4/29/2020 1:00,N/A,N/A
4/29/2020 2:00,N/A,N/A
4/29/2020 3:00,N/A,N/A
4/29/2020 4:00,N/A,N/A
4/29/2020 5:00,N/A,N/A
4/29/2020 6:00,N/A,N/A
4/29/2020 7:00,N/A,N/A
4/29/2020 8:00,N/A,N/A
4/29/2020 9:00,N/A,N/A
4/29/2020 10:00,N/A,N/A
4/29/2020 11:00,N/A,N/A
4/29/2020 12:00,N/A,N/A
4/29/2020 13:00,N/A,N/A
4/29/2020 14:00,N/A,N/A
4/29/2020 15:00,N/A,N/A
4/29/2020 16:00,N/A,N/A
4/29/2020 17:00,N/A,N/A
4/29/2020 18:00,N/A,N/A
4/29/2020 19:00,N/A,N/A
4/29/2020 20:00,N/A,N/A
4/29/2020 21:00,N/A,N/A
4/29/2020 22:00,N/A,N/A
4/29/2020 23:00,N/A,N/A
4/30/2020 0:00,N/A,N/A
4/30/2020 1:00,N/A,N/A
4/30/2020 2:00,N/A,N/A
4/30/2020 3:00,N/A,N/A
4/30/2020 4:00,N/A,N/A
4/30/2020 5:00,N/A,N/A
4/30/2020 6:00,N/A,N/A
4/30/2020 7:00,N/A,N/A
4/30/2020 8:00,N/A,N/A
4/30/2020 9:00,N/A,N/A
4/30/2020 10:00,N/A,N/A
4/30/2020 11:00,N/A,N/A
4/30/2020 12:00,N/A,N/A
4/30/2020 13:00,N/A,N/A
4/30/2020 14:00,N/A,N/A
4/30/2020 15:00,N/A,N/A
4/30/2020 16:00,N/A,N/A
4/30/2020 17:00,N/A,N/A
4/30/2020 18:00,N/A,N/A
4/30/2020 19:00,N/A,N/A
4/30/2020 20:00,N/A,N/A
4/30/2020 21:00,N/A,N/A
4/30/2020 22:00,N/A,N/A
4/30/2020 23:00,N/A,N/A
5/1/2020 0:00,N/A,N/A
5/1/2020 1:00,N/A,N/A
5/1/2020 2:00,N/A,N/A
5/1/2020 3:00,N/A,N/A
5/1/2020 4:00,N/A,N/A
5/1/2020 5:00,N/A,N/A
5/1/2020 6:00,N/A,N/A
5/1/2020 7:00,N/A,N/A
5/1/2020 8:00,N/A,N/A
5/1/2020 9:00,N/A,N/A
5/1/2020 10:00,N/A,N/A
5/1/2020 11:00,N/A,N/A
5/1/2020 12:00,N/A,N/A
5/1/2020 13:00,N/A,N/A
5/1/2020 14:00,N/A,N/A
5/1/2020 15:00,N/A,N/A
5/1/2020 16:00,N/A,N/A
5/1/2020 17:00,N/A,N/A
5/1/2020 18:00,N/A,N/A
5/1/2020 19:00,N/A,N/A
5/1/2020 20:00,N/A,N/A
5/1/2020 21:00,N/A,N/A
5/1/2020 22:00,N/A,N/A
5/1/2020 23:00,N/A,N/A
5/2/2020 0:00,N/A,N/A
5/2/2020 1:00,N/A,N/A
5/2/2020 2:00,N/A,N/A
5/2/2020 3:00,N/A,N/A
5/2/2020 4:00,N/A,N/A
5/2/2020 5:00,N/A,N/A
5/2/2020 6:00,N/A,N/A
5/2/2020 7:00,N/A,N/A
5/2/2020 8:00,N/A,N/A
5/2/2020 9:00,N/A,N/A
5/2/2020 10:00,N/A,N/A
5/2/2020 11:00,N/A,N/A
5/2/2020 12:00,N/A,N/A
5/2/2020 13:00,N/A,N/A
5/2/2020 14:00,N/A,N/A
5/2/2020 15:00,N/A,N/A
5/2/2020 16:00,N/A,N/A
5/2/2020 17:00,N/A,N/A
5/2/2020 18:00,N/A,N/A
5/2/2020 19:00,N/A,N/A
5/2/2020 20:00,N/A,N/A
5/2/2020 21:00,N/A,N/A
5/2/2020 22:00,N/A,N/A
5/2/2020 23:00,N/A,N/A
5/3/2020 0:00,N/A,N/A
5/3/2020 1:00,N/A,N/A
5/3/2020 2:00,N/A,N/A
5/3/2020 3:00,N/A,N/A
5/3/2020 4:00,N/A,N/A
5/3/2020 5:00,N/A,N/A
5/3/2020 6:00,N/A,N/A
5/3/2020 7:00,N/A,N/A
5/3/2020 8:00,N/A,N/A
5/3/2020 9:00,N/A,N/A
5/3/2020 10:00,N/A,N/A
5/3/2020 11:00,N/A,N/A
5/3/2020 12:00,N/A,N/A
5/3/2020 13:00,N/A,N/A
5/3/2020 14:00,N/A,N/A
5/3/2020 15:00,N/A,N/A
5/3/2020 16:00,N/A,N/A
5/3/2020 17:00,N/A,N/A
5/3/2020 18:00,N/A,N/A
5/3/2020 19:00,N/A,N/A
5/3/2020 20:00,N/A,N/A
5/3/2020 21:00,N/A,N/A
5/3/2020 22:00,N/A,N/A
5/3/2020 23:00,N/A,N/A
5/4/2020 0:00,N/A,N/A
5/4/2020 1:00,N/A,N/A
5/4/2020 2:00,N/A,N/A
5/4/2020 3:00,N/A,N/A
5/4/2020 4:00,N/A,N/A
5/4/2020 5:00,N/A,N/A
5/4/2020 6:00,N/A,N/A
5/4/2020 7:00,N/A,N/A
5/4/2020 8:00,N/A,N/A
5/4/2020 9:00,N/A,N/A
5/4/2020 10:00,N/A,N/A
5/4/2020 11:00,N/A,N/A
5/4/2020 12:00,N/A,N/A
5/4/2020 13:00,N/A,N/A
5/4/2020 14:00,N/A,N/A
5/4/2020 15:00,N/A,N/A
5/4/2020 16:00,N/A,N/A
5/4/2020 17:00,N/A,N/A
5/4/2020 18:00,N/A,N/A
5/4/2020 19:00,N/A,N/A
5/4/2020 20:00,N/A,N/A
5/4/2020 21:00,N/A,N/A
5/4/2020 22:00,N/A,N/A
5/4/2020 23:00,N/A,N/A
5/5/2020 0:00,N/A,N/A
5/5/2020 1:00,N/A,N/A
5/5/2020 2:00,N/A,N/A
5/5/2020 3:00,N/A,N/A
5/5/2020 4:00,N/A,N/A
5/5/2020 5:00,N/A,N/A
5/5/2020 6:00,N/A,N/A
5/5/2020 7:00,N/A,N/A
5/5/2020 8:00,N/A,N/A
5/5/2020 9:00,N/A,N/A
5/5/2020 10:00,N/A,N/A
5/5/2020 11:00,N/A,N/A
5/5/2020 12:00,N/A,N/A
5/5/2020 13:00,N/A,N/A
5/5/2020 14:00,N/A,N/A
5/5/2020 15:00,N/A,N/A
5/5/2020 16:00,N/A,N/A
5/5/2020 17:00,N/A,N/A
5/5/2020 18:00,N/A,N/A
5/5/2020 19:00,N/A,N/A
5/5/2020 20:00,N/A,N/A
5/5/2020 21:00,N/A,N/A
5/5/2020 22:00,N/A,N/A
5/5/2020 23:00,N/A,N/A
5/6/2020 0:00,N/A,N/A
5/6/2020 1:00,N/A,N/A
5/6/2020 2:00,N/A,N/A
5/6/2020 3:00,N/A,N/A
5/6/2020 4:00,N/A,N/A
5/6/2020 5:00,N/A,N/A
5/6/2020 6:00,N/A,N/A
5/6/2020 7:00,N/A,N/A
5/6/2020 8:00,N/A,N/A
5/6/2020 9:00,N/A,N/A
5/6/2020 10:00,N/A,N/A
5/6/2020 11:00,N/A,N/A
5/6/2020 12:00,N/A,N/A
5/6/2020 13:00,N/A,N/A
5/6/2020 14:00,N/A,N/A
5/6/2020 15:00,N/A,N/A
5/6/2020 16:00,N/A,N/A
5/6/2020 17:00,N/A,N/A
5/6/2020 18:00,N/A,N/A
5/6/2020 19:00,N/A,N/A
5/6/2020 20:00,N/A,N/A
5/6/2020 21:00,N/A,N/A
5/6/2020 22:00,N/A,N/A
5/6/2020 23:00,N/A,N/A
5/7/2020 0:00,N/A,N/A
5/7/2020 1:00,N/A,N/A
5/7/2020 2:00,N/A,N/A
5/7/2020 3:00,N/A,N/A
5/7/2020 4:00,N/A,N/A
5/7/2020 5:00,N/A,N/A
5/7/2020 6:00,N/A,N/A
5/7/2020 7:00,N/A,N/A
5/7/2020 8:00,N/A,N/A
5/7/2020 9:00,N/A,N/A
5/7/2020 10:00,N/A,N/A
5/7/2020 11:00,N/A,N/A
5/7/2020 12:00,N/A,N/A
5/7/2020 13:00,N/A,N/A
5/7/2020 14:00,N/A,N/A
5/7/2020 15:00,N/A,N/A
5/7/2020 16:00,N/A,N/A
5/7/2020 17:00,N/A,N/A
5/7/2020 18:00,N/A,N/A
5/7/2020 19:00,N/A,N/A
5/7/2020 20:00,N/A,N/A
5/7/2020 21:00,N/A,N/A
5/7/2020 22:00,N/A,N/A
5/7/2020 23:00,N/A,N/A
5/8/2020 0:00,N/A,N/A
5/8/2020 1:00,N/A,N/A
5/8/2020 2:00,N/A,N/A
5/8/2020 3:00,N/A,N/A
5/8/2020 4:00,N/A,N/A
5/8/2020 5:00,N/A,N/A
5/8/2020 6:00,N/A,N/A
5/8/2020 7:00,N/A,N/A
5/8/2020 8:00,N/A,N/A
5/8/2020 9:00,N/A,N/A
5/8/2020 10:00,N/A,N/A
5/8/2020 11:00,N/A,N/A
5/8/2020 12:00,N/A,N/A
5/8/2020 13:00,N/A,N/A
5/8/2020 14:00,N/A,N/A
5/8/2020 15:00,N/A,N/A
5/8/2020 16:00,N/A,N/A
5/8/2020 17:00,N/A,N/A
5/8/2020 18:00,N/A,N/A
5/8/2020 19:00,N/A,N/A
5/8/2020 20:00,N/A,N/A
5/8/2020 21:00,N/A,N/A
5/8/2020 22:00,N/A,N/A
5/8/2020 23:00,N/A,N/A
5/9/2020 0:00,N/A,N/A
5/9/2020 1:00,N/A,N/A
5/9/2020 2:00,N/A,N/A
5/9/2020 3:00,N/A,N/A
5/9/2020 4:00,N/A,N/A
5/9/2020 5:00,N/A,N/A
5/9/2020 6:00,N/A,N/A
5/9/2020 7:00,N/A,N/A
5/9/2020 8:00,N/A,N/A
5/9/2020 9:00,N/A,N/A
5/9/2020 10:00,N/A,N/A
5/9/2020 11:00,N/A,N/A
5/9/2020 12:00,N/A,N/A
5/9/2020 13:00,N/A,N/A
5/9/2020 14:00,N/A,N/A
5/9/2020 15:00,N/A,N/A
5/9/2020 16:00,N/A,N/A
5/9/2020 17:00,N/A,N/A
5/9/2020 18:00,N/A,N/A
5/9/2020 19:00,N/A,N/A
5/9/2020 20:00,N/A,N/A
5/9/2020 21:00,N/A,N/A
5/9/2020 22:00,N/A,N/A
5/9/2020 23:00,N/A,N/A
5/10/2020 0:00,N/A,N/A
5/10/2020 1:00,N/A,N/A
5/10/2020 2:00,N/A,N/A
5/10/2020 3:00,N/A,N/A
5/10/2020 4:00,N/A,N/A
5/10/2020 5:00,N/A,N/A
5/10/2020 6:00,N/A,N/A
5/10/2020 7:00,N/A,N/A
5/10/2020 8:00,N/A,N/A
5/10/2020 9:00,N/A,N/A
5/10/2020 10:00,N/A,N/A
5/10/2020 11:00,N/A,N/A
5/10/2020 12:00,N/A,N/A
5/10/2020 13:00,N/A,N/A
5/10/2020 14:00,N/A,N/A
5/10/2020 15:00,N/A,N/A
5/10/2020 16:00,N/A,N/A
5/10/2020 17:00,N/A,N/A
5/10/2020 18:00,N/A,N/A
5/10/2020 19:00,N/A,N/A
5/10/2020 20:00,N/A,N/A
5/10/2020 21:00,N/A,N/A
5/10/2020 22:00,N/A,N/A
5/10/2020 23:00,N/A,N/A
5/11/2020 0:00,N/A,N/A
5/11/2020 1:00,N/A,N/A
5/11/2020 2:00,N/A,N/A
5/11/2020 3:00,N/A,N/A
5/11/2020 4:00,N/A,N/A
5/11/2020 5:00,N/A,N/A
5/11/2020 6:00,N/A,N/A
5/11/2020 7:00,N/A,N/A
5/11/2020 8:00,N/A,N/A
5/11/2020 9:00,N/A,N/A
5/11/2020 10:00,N/A,N/A
5/11/2020 11:00,N/A,N/A
5/11/2020 12:00,N/A,N/A
5/11/2020 13:00,N/A,N/A
5/11/2020 14:00,N/A,N/A
5/11/2020 15:00,N/A,N/A
5/11/2020 16:00,N/A,N/A
5/11/2020 17:00,N/A,N/A
5/11/2020 18:00,N/A,N/A
5/11/2020 19:00,N/A,N/A
5/11/2020 20:00,N/A,N/A
5/11/2020 21:00,N/A,N/A
5/11/2020 22:00,N/A,N/A
5/11/2020 23:00,N/A,N/A
5/12/2020 0:00,N/A,N/A
5/12/2020 1:00,N/A,N/A
5/12/2020 2:00,N/A,N/A
5/12/2020 3:00,N/A,N/A
5/12/2020 4:00,N/A,N/A
5/12/2020 5:00,N/A,N/A
5/12/2020 6:00,N/A,N/A
5/12/2020 7:00,N/A,N/A
5/12/2020 8:00,N/A,N/A
5/12/2020 9:00,N/A,N/A
5/12/2020 10:00,N/A,N/A
5/12/2020 11:00,N/A,N/A
5/12/2020 12:00,N/A,N/A
5/12/2020 13:00,N/A,N/A
5/12/2020 14:00,N/A,N/A
5/12/2020 15:00,N/A,N/A
5/12/2020 16:00,N/A,N/A
5/12/2020 17:00,N/A,N/A
5/12/2020 18:00,N/A,N/A
5/12/2020 19:00,N/A,N/A
5/12/2020 20:00,N/A,N/A
5/12/2020 21:00,N/A,N/A
5/12/2020 22:00,N/A,N/A
5/12/2020 23:00,N/A,N/A
5/13/2020 0:00,N/A,N/A
5/13/2020 1:00,N/A,N/A
5/13/2020 2:00,N/A,N/A
5/13/2020 3:00,N/A,N/A
5/13/2020 4:00,N/A,N/A
5/13/2020 5:00,N/A,N/A
5/13/2020 6:00,N/A,N/A
5/13/2020 7:00,N/A,N/A
5/13/2020 8:00,N/A,N/A
5/13/2020 9:00,N/A,N/A
5/13/2020 10:00,N/A,N/A
5/13/2020 11:00,N/A,N/A
5/13/2020 12:00,N/A,N/A
5/13/2020 13:00,N/A,N/A
5/13/2020 14:00,N/A,N/A
5/13/2020 15:00,N/A,N/A
5/13/2020 16:00,N/A,N/A
5/13/2020 17:00,N/A,N/A
5/13/2020 18:00,N/A,N/A
5/13/2020 19:00,N/A,N/A
5/13/2020 20:00,N/A,N/A
5/13/2020 21:00,N/A,N/A
5/13/2020 22:00,N/A,N/A
5/13/2020 23:00,N/A,N/A
5/14/2020 0:00,N/A,N/A
5/14/2020 1:00,N/A,N/A
5/14/2020 2:00,N/A,N/A
5/14/2020 3:00,N/A,N/A
5/14/2020 4:00,N/A,N/A
5/14/2020 5:00,N/A,N/A
5/14/2020 6:00,N/A,N/A
5/14/2020 7:00,N/A,N/A
5/14/2020 8:00,N/A,N/A
5/14/2020 9:00,N/A,N/A
5/14/2020 10:00,N/A,N/A
5/14/2020 11:00,N/A,N/A
5/14/2020 12:00,N/A,N/A
5/14/2020 13:00,N/A,N/A
5/14/2020 14:00,N/A,N/A
5/14/2020 15:00,N/A,N/A
5/14/2020 16:00,N/A,N/A
5/14/2020 17:00,N/A,N/A
5/14/2020 18:00,N/A,N/A
5/14/2020 19:00,N/A,N/A
5/14/2020 20:00,N/A,N/A
5/14/2020 21:00,N/A,N/A
5/14/2020 22:00,N/A,N/A
5/14/2020 23:00,N/A,N/A
5/15/2020 0:00,N/A,N/A
5/15/2020 1:00,N/A,N/A
5/15/2020 2:00,N/A,N/A
5/15/2020 3:00,N/A,N/A
5/15/2020 4:00,N/A,N/A
5/15/2020 5:00,N/A,N/A
5/15/2020 6:00,N/A,N/A
5/15/2020 7:00,N/A,N/A
5/15/2020 8:00,N/A,N/A
5/15/2020 9:00,N/A,N/A
5/15/2020 10:00,N/A,N/A
5/15/2020 11:00,N/A,N/A
5/15/2020 12:00,N/A,N/A
5/15/2020 13:00,N/A,N/A
5/15/2020 14:00,N/A,N/A
5/15/2020 15:00,N/A,N/A
5/15/2020 16:00,N/A,N/A
5/15/2020 17:00,N/A,N/A
5/15/2020 18:00,N/A,N/A
5/15/2020 19:00,N/A,N/A
5/15/2020 20:00,N/A,N/A
5/15/2020 21:00,N/A,N/A
5/15/2020 22:00,N/A,N/A
5/15/2020 23:00,N/A,N/A
5/16/2020 0:00,N/A,N/A
5/16/2020 1:00,N/A,N/A
5/16/2020 2:00,N/A,N/A
5/16/2020 3:00,N/A,N/A
5/16/2020 4:00,N/A,N/A
5/16/2020 5:00,N/A,N/A
5/16/2020 6:00,N/A,N/A
5/16/2020 7:00,N/A,N/A
5/16/2020 8:00,N/A,N/A
5/16/2020 9:00,N/A,N/A
5/16/2020 10:00,N/A,N/A
5/16/2020 11:00,N/A,N/A
5/16/2020 12:00,N/A,N/A
5/16/2020 13:00,N/A,N/A
5/16/2020 14:00,N/A,N/A
5/16/2020 15:00,N/A,N/A
5/16/2020 16:00,N/A,N/A
5/16/2020 17:00,N/A,N/A
5/16/2020 18:00,N/A,N/A
5/16/2020 19:00,N/A,N/A
5/16/2020 20:00,N/A,N/A
5/16/2020 21:00,N/A,N/A
5/16/2020 22:00,N/A,N/A
5/16/2020 23:00,N/A,N/A
5/17/2020 0:00,N/A,N/A
5/17/2020 1:00,N/A,N/A
5/17/2020 2:00,N/A,N/A
5/17/2020 3:00,N/A,N/A
5/17/2020 4:00,N/A,N/A
5/17/2020 5:00,N/A,N/A
5/17/2020 6:00,N/A,N/A
5/17/2020 7:00,N/A,N/A
5/17/2020 8:00,N/A,N/A
5/17/2020 9:00,N/A,N/A
5/17/2020 10:00,N/A,N/A
5/17/2020 11:00,N/A,N/A
5/17/2020 12:00,N/A,N/A
5/17/2020 13:00,N/A,N/A
5/17/2020 14:00,N/A,N/A
5/17/2020 15:00,N/A,N/A
5/17/2020 16:00,N/A,N/A
5/17/2020 17:00,N/A,N/A
5/17/2020 18:00,N/A,N/A
5/17/2020 19:00,N/A,N/A
5/17/2020 20:00,N/A,N/A
5/17/2020 21:00,N/A,N/A
5/17/2020 22:00,N/A,N/A
5/17/2020 23:00,N/A,N/A
5/18/2020 0:00,N/A,N/A
5/18/2020 1:00,N/A,N/A
5/18/2020 2:00,N/A,N/A
5/18/2020 3:00,N/A,N/A
5/18/2020 4:00,N/A,N/A
5/18/2020 5:00,N/A,N/A
5/18/2020 6:00,N/A,N/A
5/18/2020 7:00,N/A,N/A
5/18/2020 8:00,N/A,N/A
5/18/2020 9:00,N/A,N/A
5/18/2020 10:00,N/A,N/A
5/18/2020 11:00,N/A,N/A
5/18/2020 12:00,N/A,N/A
5/18/2020 13:00,N/A,N/A
5/18/2020 14:00,N/A,N/A
5/18/2020 15:00,N/A,N/A
5/18/2020 16:00,N/A,N/A
5/18/2020 17:00,N/A,N/A
5/18/2020 18:00,N/A,N/A
5/18/2020 19:00,N/A,N/A
5/18/2020 20:00,N/A,N/A
5/18/2020 21:00,N/A,N/A
5/18/2020 22:00,N/A,N/A
5/18/2020 23:00,N/A,N/A
5/19/2020 0:00,N/A,N/A
5/19/2020 1:00,N/A,N/A
5/19/2020 2:00,N/A,N/A
5/19/2020 3:00,N/A,N/A
5/19/2020 4:00,N/A,N/A
5/19/2020 5:00,N/A,N/A
5/19/2020 6:00,N/A,N/A
5/19/2020 7:00,N/A,N/A
5/19/2020 8:00,N/A,N/A
5/19/2020 9:00,N/A,N/A
5/19/2020 10:00,N/A,N/A
5/19/2020 11:00,N/A,N/A
5/19/2020 12:00,N/A,N/A
5/19/2020 13:00,N/A,N/A
5/19/2020 14:00,N/A,N/A
5/19/2020 15:00,N/A,N/A
5/19/2020 16:00,N/A,N/A
5/19/2020 17:00,N/A,N/A
5/19/2020 18:00,N/A,N/A
5/19/2020 19:00,N/A,N/A
5/19/2020 20:00,N/A,N/A
5/19/2020 21:00,N/A,N/A
5/19/2020 22:00,N/A,N/A
5/19/2020 23:00,N/A,N/A
5/20/2020 0:00,N/A,N/A
5/20/2020 1:00,N/A,N/A
5/20/2020 2:00,N/A,N/A
5/20/2020 3:00,N/A,N/A
5/20/2020 4:00,N/A,N/A
5/20/2020 5:00,N/A,N/A
5/20/2020 6:00,N/A,N/A
5/20/2020 7:00,N/A,N/A
5/20/2020 8:00,N/A,N/A
5/20/2020 9:00,N/A,N/A
5/20/2020 10:00,N/A,N/A
5/20/2020 11:00,N/A,N/A
5/20/2020 12:00,N/A,N/A
5/20/2020 13:00,N/A,N/A
5/20/2020 14:00,N/A,N/A
5/20/2020 15:00,N/A,N/A
5/20/2020 16:00,N/A,N/A
5/20/2020 17:00,N/A,N/A
5/20/2020 18:00,N/A,N/A
5/20/2020 19:00,N/A,N/A
5/20/2020 20:00,N/A,N/A
5/20/2020 21:00,N/A,N/A
5/20/2020 22:00,N/A,N/A
5/20/2020 23:00,N/A,N/A
5/21/2020 0:00,N/A,N/A
5/21/2020 1:00,N/A,N/A
5/21/2020 2:00,N/A,N/A
5/21/2020 3:00,N/A,N/A
5/21/2020 4:00,N/A,N/A
5/21/2020 5:00,N/A,N/A
5/21/2020 6:00,N/A,N/A
5/21/2020 7:00,N/A,N/A
5/21/2020 8:00,N/A,N/A
5/21/2020 9:00,N/A,N/A
5/21/2020 10:00,N/A,N/A
5/21/2020 11:00,N/A,N/A
5/21/2020 12:00,N/A,N/A
5/21/2020 13:00,N/A,N/A
5/21/2020 14:00,N/A,N/A
5/21/2020 15:00,N/A,N/A
5/21/2020 16:00,N/A,N/A
5/21/2020 17:00,N/A,N/A
5/21/2020 18:00,N/A,N/A
5/21/2020 19:00,N/A,N/A
5/21/2020 20:00,N/A,N/A
5/21/2020 21:00,N/A,N/A
5/21/2020 22:00,N/A,N/A
5/21/2020 23:00,N/A,N/A
5/22/2020 0:00,N/A,N/A
5/22/2020 1:00,N/A,N/A
5/22/2020 2:00,N/A,N/A
5/22/2020 3:00,N/A,N/A
5/22/2020 4:00,N/A,N/A
5/22/2020 5:00,N/A,N/A
5/22/2020 6:00,N/A,N/A
5/22/2020 7:00,N/A,N/A
5/22/2020 8:00,N/A,N/A
5/22/2020 9:00,N/A,N/A
5/22/2020 10:00,N/A,N/A
5/22/2020 11:00,N/A,N/A
5/22/2020 12:00,N/A,N/A
5/22/2020 13:00,N/A,N/A
5/22/2020 14:00,N/A,N/A
5/22/2020 15:00,N/A,N/A
5/22/2020 16:00,N/A,N/A
5/22/2020 17:00,N/A,N/A
5/22/2020 18:00,N/A,N/A
5/22/2020 19:00,N/A,N/A
5/22/2020 20:00,N/A,N/A
5/22/2020 21:00,N/A,N/A
5/22/2020 22:00,N/A,N/A
5/22/2020 23:00,N/A,N/A
5/23/2020 0:00,N/A,N/A
5/23/2020 1:00,N/A,N/A
5/23/2020 2:00,N/A,N/A
5/23/2020 3:00,N/A,N/A
5/23/2020 4:00,N/A,N/A
5/23/2020 5:00,N/A,N/A
5/23/2020 6:00,N/A,N/A
5/23/2020 7:00,N/A,N/A
5/23/2020 8:00,N/A,N/A
5/23/2020 9:00,N/A,N/A
5/23/2020 10:00,N/A,N/A
5/23/2020 11:00,N/A,N/A
5/23/2020 12:00,N/A,N/A
5/23/2020 13:00,N/A,N/A
5/23/2020 14:00,N/A,N/A
5/23/2020 15:00,N/A,N/A
5/23/2020 16:00,N/A,N/A
5/23/2020 17:00,N/A,N/A
5/23/2020 18:00,N/A,N/A
5/23/2020 19:00,N/A,N/A
5/23/2020 20:00,N/A,N/A
5/23/2020 21:00,N/A,N/A
5/23/2020 22:00,N/A,N/A
5/23/2020 23:00,N/A,N/A
5/24/2020 0:00,N/A,N/A
5/24/2020 1:00,N/A,N/A
5/24/2020 2:00,N/A,N/A
5/24/2020 3:00,N/A,N/A
5/24/2020 4:00,N/A,N/A
5/24/2020 5:00,N/A,N/A
5/24/2020 6:00,N/A,N/A
5/24/2020 7:00,N/A,N/A
5/24/2020 8:00,N/A,N/A
5/24/2020 9:00,N/A,N/A
5/24/2020 10:00,N/A,N/A
5/24/2020 11:00,N/A,N/A
5/24/2020 12:00,N/A,N/A
5/24/2020 13:00,N/A,N/A
5/24/2020 14:00,N/A,N/A
5/24/2020 15:00,N/A,N/A
5/24/2020 16:00,N/A,N/A
5/24/2020 17:00,N/A,N/A
5/24/2020 18:00,N/A,N/A
5/24/2020 19:00,N/A,N/A
5/24/2020 20:00,N/A,N/A
5/24/2020 21:00,N/A,N/A
5/24/2020 22:00,N/A,N/A
5/24/2020 23:00,N/A,N/A
5/25/2020 0:00,N/A,N/A
5/25/2020 1:00,N/A,N/A
5/25/2020 2:00,N/A,N/A
5/25/2020 3:00,N/A,N/A
5/25/2020 4:00,N/A,N/A
5/25/2020 5:00,N/A,N/A
5/25/2020 6:00,N/A,N/A
5/25/2020 7:00,N/A,N/A
5/25/2020 8:00,N/A,N/A
5/25/2020 9:00,N/A,N/A
5/25/2020 10:00,N/A,N/A
5/25/2020 11:00,N/A,N/A
5/25/2020 12:00,N/A,N/A
5/25/2020 13:00,N/A,N/A
5/25/2020 14:00,N/A,N/A
5/25/2020 15:00,N/A,N/A
5/25/2020 16:00,N/A,N/A
5/25/2020 17:00,N/A,N/A
5/25/2020 18:00,N/A,N/A
5/25/2020 19:00,N/A,N/A
5/25/2020 20:00,N/A,N/A
5/25/2020 21:00,N/A,N/A
5/25/2020 22:00,N/A,N/A
5/25/2020 23:00,N/A,N/A
5/26/2020 0:00,N/A,N/A
5/26/2020 1:00,N/A,N/A
5/26/2020 2:00,N/A,N/A
5/26/2020 3:00,N/A,N/A
5/26/2020 4:00,N/A,N/A
5/26/2020 5:00,N/A,N/A
5/26/2020 6:00,N/A,N/A
5/26/2020 7:00,N/A,N/A
5/26/2020 8:00,N/A,N/A
5/26/2020 9:00,N/A,N/A
5/26/2020 10:00,N/A,N/A
5/26/2020 11:00,N/A,N/A
5/26/2020 12:00,N/A,N/A
5/26/2020 13:00,N/A,N/A
5/26/2020 14:00,N/A,N/A
5/26/2020 15:00,N/A,N/A
5/26/2020 16:00,N/A,N/A
5/26/2020 17:00,N/A,N/A
5/26/2020 18:00,N/A,N/A
5/26/2020 19:00,N/A,N/A
5/26/2020 20:00,N/A,N/A
5/26/2020 21:00,N/A,N/A
5/26/2020 22:00,N/A,N/A
5/26/2020 23:00,N/A,N/A
5/27/2020 0:00,N/A,N/A
5/27/2020 1:00,N/A,N/A
5/27/2020 2:00,N/A,N/A
5/27/2020 3:00,N/A,N/A
5/27/2020 4:00,N/A,N/A
5/27/2020 5:00,N/A,N/A
5/27/2020 6:00,N/A,N/A
5/27/2020 7:00,N/A,N/A
5/27/2020 8:00,N/A,N/A
5/27/2020 9:00,N/A,N/A
5/27/2020 10:00,N/A,N/A
5/27/2020 11:00,N/A,N/A
5/27/2020 12:00,N/A,N/A
5/27/2020 13:00,N/A,N/A
5/27/2020 14:00,N/A,N/A
5/27/2020 15:00,N/A,N/A
5/27/2020 16:00,N/A,N/A
5/27/2020 17:00,N/A,N/A
5/27/2020 18:00,N/A,N/A
5/27/2020 19:00,N/A,N/A
5/27/2020 20:00,N/A,N/A
5/27/2020 21:00,N/A,N/A
5/27/2020 22:00,N/A,N/A
5/27/2020 23:00,N/A,N/A
5/28/2020 0:00,N/A,N/A
5/28/2020 1:00,N/A,N/A
5/28/2020 2:00,N/A,N/A
5/28/2020 3:00,N/A,N/A
5/28/2020 4:00,N/A,N/A
5/28/2020 5:00,N/A,N/A
5/28/2020 6:00,N/A,N/A
5/28/2020 7:00,N/A,N/A
5/28/2020 8:00,N/A,N/A
5/28/2020 9:00,N/A,N/A
5/28/2020 10:00,N/A,N/A
5/28/2020 11:00,N/A,N/A
5/28/2020 12:00,N/A,N/A
5/28/2020 13:00,N/A,N/A
5/28/2020 14:00,N/A,N/A
5/28/2020 15:00,N/A,N/A
5/28/2020 16:00,N/A,N/A
5/28/2020 17:00,N/A,N/A
5/28/2020 18:00,N/A,N/A
5/28/2020 19:00,N/A,N/A
5/28/2020 20:00,N/A,N/A
5/28/2020 21:00,N/A,N/A
5/28/2020 22:00,N/A,N/A
5/28/2020 23:00,N/A,N/A
5/29/2020 0:00,N/A,N/A
5/29/2020 1:00,N/A,N/A
5/29/2020 2:00,N/A,N/A
5/29/2020 3:00,N/A,N/A
5/29/2020 4:00,N/A,N/A
5/29/2020 5:00,N/A,N/A
5/29/2020 6:00,N/A,N/A
5/29/2020 7:00,N/A,N/A
5/29/2020 8:00,N/A,N/A
5/29/2020 9:00,N/A,N/A
5/29/2020 10:00,N/A,N/A
5/29/2020 11:00,N/A,N/A
5/29/2020 12:00,N/A,N/A
5/29/2020 13:00,N/A,N/A
5/29/2020 14:00,N/A,N/A
5/29/2020 15:00,N/A,N/A
5/29/2020 16:00,N/A,N/A
5/29/2020 17:00,N/A,N/A
5/29/2020 18:00,N/A,N/A
5/29/2020 19:00,N/A,N/A
5/29/2020 20:00,N/A,N/A
5/29/2020 21:00,N/A,N/A
5/29/2020 22:00,N/A,N/A
5/29/2020 23:00,N/A,N/A
5/30/2020 0:00,N/A,N/A
5/30/2020 1:00,N/A,N/A
5/30/2020 2:00,N/A,N/A
5/30/2020 3:00,N/A,N/A
5/30/2020 4:00,N/A,N/A
5/30/2020 5:00,N/A,N/A
5/30/2020 6:00,N/A,N/A
5/30/2020 7:00,N/A,N/A
5/30/2020 8:00,N/A,N/A
5/30/2020 9:00,N/A,N/A
5/30/2020 10:00,N/A,N/A
5/30/2020 11:00,N/A,N/A
5/30/2020 12:00,N/A,N/A
5/30/2020 13:00,N/A,N/A
5/30/2020 14:00,N/A,N/A
5/30/2020 15:00,N/A,N/A
5/30/2020 16:00,N/A,N/A
5/30/2020 17:00,N/A,N/A
5/30/2020 18:00,N/A,N/A
5/30/2020 19:00,N/A,N/A
5/30/2020 20:00,N/A,N/A
5/30/2020 21:00,N/A,N/A
5/30/2020 22:00,N/A,N/A
5/30/2020 23:00,N/A,N/A
5/31/2020 0:00,N/A,N/A
5/31/2020 1:00,N/A,N/A
5/31/2020 2:00,N/A,N/A
5/31/2020 3:00,N/A,N/A
5/31/2020 4:00,N/A,N/A
5/31/2020 5:00,N/A,N/A
5/31/2020 6:00,N/A,N/A
5/31/2020 7:00,N/A,N/A
5/31/2020 8:00,N/A,N/A
5/31/2020 9:00,N/A,N/A
5/31/2020 10:00,N/A,N/A
5/31/2020 11:00,N/A,N/A
5/31/2020 12:00,N/A,N/A
5/31/2020 13:00,N/A,N/A
5/31/2020 14:00,N/A,N/A
5/31/2020 15:00,N/A,N/A
5/31/2020 16:00,N/A,N/A
5/31/2020 17:00,N/A,N/A
5/31/2020 18:00,N/A,N/A
5/31/2020 19:00,N/A,N/A
5/31/2020 20:00,N/A,N/A
5/31/2020 21:00,N/A,N/A
5/31/2020 22:00,N/A,N/A
5/31/2020 23:00,N/A,N/A
6/1/2020 0:00,N/A,N/A
6/1/2020 1:00,N/A,N/A
6/1/2020 2:00,N/A,N/A
6/1/2020 3:00,N/A,N/A
6/1/2020 4:00,N/A,N/A
6/1/2020 5:00,N/A,N/A
6/1/2020 6:00,N/A,N/A
6/1/2020 7:00,N/A,N/A
6/1/2020 8:00,N/A,N/A
6/1/2020 9:00,N/A,N/A
6/1/2020 10:00,N/A,N/A
6/1/2020 11:00,N/A,N/A
6/1/2020 12:00,N/A,N/A
6/1/2020 13:00,N/A,N/A
6/1/2020 14:00,N/A,N/A
6/1/2020 15:00,N/A,N/A
6/1/2020 16:00,N/A,N/A
6/1/2020 17:00,N/A,N/A
6/1/2020 18:00,N/A,N/A
6/1/2020 19:00,N/A,N/A
6/1/2020 20:00,N/A,N/A
6/1/2020 21:00,N/A,N/A
6/1/2020 22:00,N/A,N/A
6/1/2020 23:00,N/A,N/A
6/2/2020 0:00,N/A,N/A
6/2/2020 1:00,N/A,N/A
6/2/2020 2:00,N/A,N/A
6/2/2020 3:00,N/A,N/A
6/2/2020 4:00,N/A,N/A
6/2/2020 5:00,N/A,N/A
6/2/2020 6:00,N/A,N/A
6/2/2020 7:00,N/A,N/A
6/2/2020 8:00,N/A,N/A
6/2/2020 9:00,N/A,N/A
6/2/2020 10:00,N/A,N/A
6/2/2020 11:00,N/A,N/A
6/2/2020 12:00,N/A,N/A
6/2/2020 13:00,N/A,N/A
6/2/2020 14:00,N/A,N/A
6/2/2020 15:00,N/A,N/A
6/2/2020 16:00,N/A,N/A
6/2/2020 17:00,N/A,N/A
6/2/2020 18:00,N/A,N/A
6/2/2020 19:00,N/A,N/A
6/2/2020 20:00,N/A,N/A
6/2/2020 21:00,N/A,N/A
6/2/2020 22:00,N/A,N/A
6/2/2020 23:00,N/A,N/A
6/3/2020 0:00,N/A,N/A
6/3/2020 1:00,N/A,N/A
6/3/2020 2:00,N/A,N/A
6/3/2020 3:00,N/A,N/A
6/3/2020 4:00,N/A,N/A
6/3/2020 5:00,N/A,N/A
6/3/2020 6:00,N/A,N/A
6/3/2020 7:00,N/A,N/A
6/3/2020 8:00,N/A,N/A
6/3/2020 9:00,N/A,N/A
6/3/2020 10:00,N/A,N/A
6/3/2020 11:00,N/A,N/A
6/3/2020 12:00,N/A,N/A
6/3/2020 13:00,N/A,N/A
6/3/2020 14:00,N/A,N/A
6/3/2020 15:00,N/A,N/A
6/3/2020 16:00,N/A,N/A
6/3/2020 17:00,N/A,N/A
6/3/2020 18:00,N/A,N/A
6/3/2020 19:00,N/A,N/A
6/3/2020 20:00,N/A,N/A
6/3/2020 21:00,N/A,N/A
6/3/2020 22:00,N/A,N/A
6/3/2020 23:00,N/A,N/A
6/4/2020 0:00,N/A,N/A
6/4/2020 1:00,N/A,N/A
6/4/2020 2:00,N/A,N/A
6/4/2020 3:00,N/A,N/A
6/4/2020 4:00,N/A,N/A
6/4/2020 5:00,N/A,N/A
6/4/2020 6:00,N/A,N/A
6/4/2020 7:00,N/A,N/A
6/4/2020 8:00,N/A,N/A
6/4/2020 9:00,N/A,N/A
6/4/2020 10:00,N/A,N/A
6/4/2020 11:00,N/A,N/A
6/4/2020 12:00,N/A,N/A
6/4/2020 13:00,N/A,N/A
6/4/2020 14:00,N/A,N/A
6/4/2020 15:00,N/A,N/A
6/4/2020 16:00,N/A,N/A
6/4/2020 17:00,N/A,N/A
6/4/2020 18:00,N/A,N/A
6/4/2020 19:00,N/A,N/A
6/4/2020 20:00,N/A,N/A
6/4/2020 21:00,N/A,N/A
6/4/2020 22:00,N/A,N/A
6/4/2020 23:00,N/A,N/A
6/5/2020 0:00,N/A,N/A
6/5/2020 1:00,N/A,N/A
6/5/2020 2:00,N/A,N/A
6/5/2020 3:00,N/A,N/A
6/5/2020 4:00,N/A,N/A
6/5/2020 5:00,N/A,N/A
6/5/2020 6:00,N/A,N/A
6/5/2020 7:00,N/A,N/A
6/5/2020 8:00,N/A,N/A
6/5/2020 9:00,N/A,N/A
6/5/2020 10:00,N/A,N/A
6/5/2020 11:00,N/A,N/A
6/5/2020 12:00,N/A,N/A
6/5/2020 13:00,N/A,N/A
6/5/2020 14:00,N/A,N/A
6/5/2020 15:00,N/A,N/A
6/5/2020 16:00,N/A,N/A
6/5/2020 17:00,N/A,N/A
6/5/2020 18:00,N/A,N/A
6/5/2020 19:00,N/A,N/A
6/5/2020 20:00,N/A,N/A
6/5/2020 21:00,N/A,N/A
6/5/2020 22:00,N/A,N/A
6/5/2020 23:00,N/A,N/A
6/6/2020 0:00,N/A,N/A
6/6/2020 1:00,N/A,N/A
6/6/2020 2:00,N/A,N/A
6/6/2020 3:00,N/A,N/A
6/6/2020 4:00,N/A,N/A
6/6/2020 5:00,N/A,N/A
6/6/2020 6:00,N/A,N/A
6/6/2020 7:00,N/A,N/A
6/6/2020 8:00,N/A,N/A
6/6/2020 9:00,N/A,N/A
6/6/2020 10:00,N/A,N/A
6/6/2020 11:00,N/A,N/A
6/6/2020 12:00,N/A,N/A
6/6/2020 13:00,N/A,N/A
6/6/2020 14:00,N/A,N/A
6/6/2020 15:00,N/A,N/A
6/6/2020 16:00,N/A,N/A
6/6/2020 17:00,N/A,N/A
6/6/2020 18:00,N/A,N/A
6/6/2020 19:00,N/A,N/A
6/6/2020 20:00,N/A,N/A
6/6/2020 21:00,N/A,N/A
6/6/2020 22:00,N/A,N/A
6/6/2020 23:00,N/A,N/A
6/7/2020 0:00,N/A,N/A
6/7/2020 1:00,N/A,N/A
6/7/2020 2:00,N/A,N/A
6/7/2020 3:00,N/A,N/A
6/7/2020 4:00,N/A,N/A
6/7/2020 5:00,N/A,N/A
6/7/2020 6:00,N/A,N/A
6/7/2020 7:00,N/A,N/A
6/7/2020 8:00,N/A,N/A
6/7/2020 9:00,N/A,N/A
6/7/2020 10:00,N/A,N/A
6/7/2020 11:00,N/A,N/A
6/7/2020 12:00,N/A,N/A
6/7/2020 13:00,N/A,N/A
6/7/2020 14:00,N/A,N/A
6/7/2020 15:00,N/A,N/A
6/7/2020 16:00,N/A,N/A
6/7/2020 17:00,N/A,N/A
6/7/2020 18:00,N/A,N/A
6/7/2020 19:00,N/A,N/A
6/7/2020 20:00,N/A,N/A
6/7/2020 21:00,N/A,N/A
6/7/2020 22:00,N/A,N/A
6/7/2020 23:00,N/A,N/A
6/8/2020 0:00,N/A,N/A
6/8/2020 1:00,N/A,N/A
6/8/2020 2:00,N/A,N/A
6/8/2020 3:00,N/A,N/A
6/8/2020 4:00,N/A,N/A
6/8/2020 5:00,N/A,N/A
6/8/2020 6:00,N/A,N/A
6/8/2020 7:00,N/A,N/A
6/8/2020 8:00,N/A,N/A
6/8/2020 9:00,N/A,N/A
6/8/2020 10:00,N/A,N/A
6/8/2020 11:00,N/A,N/A
6/8/2020 12:00,N/A,N/A
6/8/2020 13:00,N/A,N/A
6/8/2020 14:00,N/A,N/A
6/8/2020 15:00,N/A,N/A
6/8/2020 16:00,N/A,N/A
6/8/2020 17:00,N/A,N/A
6/8/2020 18:00,N/A,N/A
6/8/2020 19:00,N/A,N/A
6/8/2020 20:00,N/A,N/A
6/8/2020 21:00,N/A,N/A
6/8/2020 22:00,N/A,N/A
6/8/2020 23:00,N/A,N/A
6/9/2020 0:00,N/A,N/A
6/9/2020 1:00,N/A,N/A
6/9/2020 2:00,N/A,N/A
6/9/2020 3:00,N/A,N/A
6/9/2020 4:00,N/A,N/A
6/9/2020 5:00,N/A,N/A
6/9/2020 6:00,N/A,N/A
6/9/2020 7:00,N/A,N/A
6/9/2020 8:00,N/A,N/A
6/9/2020 9:00,N/A,N/A
6/9/2020 10:00,N/A,N/A
6/9/2020 11:00,N/A,N/A
6/9/2020 12:00,N/A,N/A
6/9/2020 13:00,N/A,N/A
6/9/2020 14:00,N/A,N/A
6/9/2020 15:00,N/A,N/A
6/9/2020 16:00,N/A,N/A
6/9/2020 17:00,N/A,N/A
6/9/2020 18:00,N/A,N/A
6/9/2020 19:00,N/A,N/A
6/9/2020 20:00,N/A,N/A
6/9/2020 21:00,N/A,N/A
6/9/2020 22:00,N/A,N/A
6/9/2020 23:00,N/A,N/A
6/10/2020 0:00,N/A,N/A
6/10/2020 1:00,N/A,N/A
6/10/2020 2:00,N/A,N/A
6/10/2020 3:00,N/A,N/A
6/10/2020 4:00,N/A,N/A
6/10/2020 5:00,N/A,N/A
6/10/2020 6:00,N/A,N/A
6/10/2020 7:00,N/A,N/A
6/10/2020 8:00,N/A,N/A
6/10/2020 9:00,N/A,N/A
6/10/2020 10:00,N/A,N/A
6/10/2020 11:00,N/A,N/A
6/10/2020 12:00,N/A,N/A
6/10/2020 13:00,N/A,N/A
6/10/2020 14:00,N/A,N/A
6/10/2020 15:00,N/A,N/A
6/10/2020 16:00,N/A,N/A
6/10/2020 17:00,N/A,N/A
6/10/2020 18:00,N/A,N/A
6/10/2020 19:00,N/A,N/A
6/10/2020 20:00,N/A,N/A
6/10/2020 21:00,N/A,N/A
6/10/2020 22:00,N/A,N/A
6/10/2020 23:00,N/A,N/A
6/11/2020 0:00,N/A,N/A
6/11/2020 1:00,N/A,N/A
6/11/2020 2:00,N/A,N/A
6/11/2020 3:00,N/A,N/A
6/11/2020 4:00,N/A,N/A
6/11/2020 5:00,N/A,N/A
6/11/2020 6:00,N/A,N/A
6/11/2020 7:00,N/A,N/A
6/11/2020 8:00,N/A,N/A
6/11/2020 9:00,N/A,N/A
6/11/2020 10:00,N/A,N/A
6/11/2020 11:00,N/A,N/A
6/11/2020 12:00,N/A,N/A
6/11/2020 13:00,N/A,N/A
6/11/2020 14:00,N/A,N/A
6/11/2020 15:00,N/A,N/A
6/11/2020 16:00,N/A,N/A
6/11/2020 17:00,N/A,N/A
6/11/2020 18:00,N/A,N/A
6/11/2020 19:00,N/A,N/A
6/11/2020 20:00,N/A,N/A
6/11/2020 21:00,N/A,N/A
6/11/2020 22:00,N/A,N/A
6/11/2020 23:00,N/A,N/A
6/12/2020 0:00,N/A,N/A
6/12/2020 1:00,N/A,N/A
6/12/2020 2:00,N/A,N/A
6/12/2020 3:00,N/A,N/A
6/12/2020 4:00,N/A,N/A
6/12/2020 5:00,N/A,N/A
6/12/2020 6:00,N/A,N/A
6/12/2020 7:00,N/A,N/A
6/12/2020 8:00,N/A,N/A
6/12/2020 9:00,N/A,N/A
6/12/2020 10:00,N/A,N/A
6/12/2020 11:00,N/A,N/A
6/12/2020 12:00,N/A,N/A
6/12/2020 13:00,N/A,N/A
6/12/2020 14:00,N/A,N/A
6/12/2020 15:00,N/A,N/A
6/12/2020 16:00,N/A,N/A
6/12/2020 17:00,N/A,N/A
6/12/2020 18:00,N/A,N/A
6/12/2020 19:00,N/A,N/A
6/12/2020 20:00,N/A,N/A
6/12/2020 21:00,N/A,N/A
6/12/2020 22:00,N/A,N/A
6/12/2020 23:00,N/A,N/A
6/13/2020 0:00,N/A,N/A
6/13/2020 1:00,N/A,N/A
6/13/2020 2:00,N/A,N/A
6/13/2020 3:00,N/A,N/A
6/13/2020 4:00,N/A,N/A
6/13/2020 5:00,N/A,N/A
6/13/2020 6:00,N/A,N/A
6/13/2020 7:00,N/A,N/A
6/13/2020 8:00,N/A,N/A
6/13/2020 9:00,N/A,N/A
6/13/2020 10:00,N/A,N/A
6/13/2020 11:00,N/A,N/A
6/13/2020 12:00,N/A,N/A
6/13/2020 13:00,N/A,N/A
6/13/2020 14:00,N/A,N/A
6/13/2020 15:00,N/A,N/A
6/13/2020 16:00,N/A,N/A
6/13/2020 17:00,N/A,N/A
6/13/2020 18:00,N/A,N/A
6/13/2020 19:00,N/A,N/A
6/13/2020 20:00,N/A,N/A
6/13/2020 21:00,N/A,N/A
6/13/2020 22:00,N/A,N/A
6/13/2020 23:00,N/A,N/A
6/14/2020 0:00,N/A,N/A
6/14/2020 1:00,N/A,N/A
6/14/2020 2:00,N/A,N/A
6/14/2020 3:00,N/A,N/A
6/14/2020 4:00,N/A,N/A
6/14/2020 5:00,N/A,N/A
6/14/2020 6:00,N/A,N/A
6/14/2020 7:00,N/A,N/A
6/14/2020 8:00,N/A,N/A
6/14/2020 9:00,N/A,N/A
6/14/2020 10:00,N/A,N/A
6/14/2020 11:00,N/A,N/A
6/14/2020 12:00,N/A,N/A
6/14/2020 13:00,N/A,N/A
6/14/2020 14:00,N/A,N/A
6/14/2020 15:00,N/A,N/A
6/14/2020 16:00,N/A,N/A
6/14/2020 17:00,N/A,N/A
6/14/2020 18:00,N/A,N/A
6/14/2020 19:00,N/A,N/A
6/14/2020 20:00,N/A,N/A
6/14/2020 21:00,N/A,N/A
6/14/2020 22:00,N/A,N/A
6/14/2020 23:00,N/A,N/A
6/15/2020 0:00,N/A,N/A
6/15/2020 1:00,N/A,N/A
6/15/2020 2:00,N/A,N/A
6/15/2020 3:00,N/A,N/A
6/15/2020 4:00,N/A,N/A
6/15/2020 5:00,N/A,N/A
6/15/2020 6:00,N/A,N/A
6/15/2020 7:00,N/A,N/A
6/15/2020 8:00,N/A,N/A
6/15/2020 9:00,N/A,N/A
6/15/2020 10:00,N/A,N/A
6/15/2020 11:00,N/A,N/A
6/15/2020 12:00,N/A,N/A
6/15/2020 13:00,N/A,N/A
6/15/2020 14:00,N/A,N/A
6/15/2020 15:00,N/A,N/A
6/15/2020 16:00,N/A,N/A
6/15/2020 17:00,N/A,N/A
6/15/2020 18:00,N/A,N/A
6/15/2020 19:00,N/A,N/A
6/15/2020 20:00,N/A,N/A
6/15/2020 21:00,N/A,N/A
6/15/2020 22:00,N/A,N/A
6/15/2020 23:00,N/A,N/A
6/16/2020 0:00,N/A,N/A
6/16/2020 1:00,N/A,N/A
6/16/2020 2:00,N/A,N/A
6/16/2020 3:00,N/A,N/A
6/16/2020 4:00,N/A,N/A
6/16/2020 5:00,N/A,N/A
6/16/2020 6:00,N/A,N/A
6/16/2020 7:00,N/A,N/A
6/16/2020 8:00,N/A,N/A
6/16/2020 9:00,N/A,N/A
6/16/2020 10:00,N/A,N/A
6/16/2020 11:00,N/A,N/A
6/16/2020 12:00,N/A,N/A
6/16/2020 13:00,N/A,N/A
6/16/2020 14:00,N/A,N/A
6/16/2020 15:00,N/A,N/A
6/16/2020 16:00,N/A,N/A
6/16/2020 17:00,N/A,N/A
6/16/2020 18:00,N/A,N/A
6/16/2020 19:00,N/A,N/A
6/16/2020 20:00,N/A,N/A
6/16/2020 21:00,N/A,N/A
6/16/2020 22:00,N/A,N/A
6/16/2020 23:00,N/A,N/A
6/17/2020 0:00,N/A,N/A
6/17/2020 1:00,N/A,N/A
6/17/2020 2:00,N/A,N/A
6/17/2020 3:00,N/A,N/A
6/17/2020 4:00,N/A,N/A
6/17/2020 5:00,N/A,N/A
6/17/2020 6:00,N/A,N/A
6/17/2020 7:00,N/A,N/A
6/17/2020 8:00,N/A,N/A
6/17/2020 9:00,N/A,N/A
6/17/2020 10:00,N/A,N/A
6/17/2020 11:00,N/A,N/A
6/17/2020 12:00,N/A,N/A
6/17/2020 13:00,N/A,N/A
6/17/2020 14:00,N/A,N/A
6/17/2020 15:00,N/A,N/A
6/17/2020 16:00,N/A,N/A
6/17/2020 17:00,N/A,N/A
6/17/2020 18:00,N/A,N/A
6/17/2020 19:00,N/A,N/A
6/17/2020 20:00,N/A,N/A
6/17/2020 21:00,N/A,N/A
6/17/2020 22:00,N/A,N/A
6/17/2020 23:00,N/A,N/A
6/18/2020 0:00,N/A,N/A
6/18/2020 1:00,N/A,N/A
6/18/2020 2:00,N/A,N/A
6/18/2020 3:00,N/A,N/A
6/18/2020 4:00,N/A,N/A
6/18/2020 5:00,N/A,N/A
6/18/2020 6:00,N/A,N/A
6/18/2020 7:00,N/A,N/A
6/18/2020 8:00,N/A,N/A
6/18/2020 9:00,N/A,N/A
6/18/2020 10:00,N/A,N/A
6/18/2020 11:00,N/A,N/A
6/18/2020 12:00,N/A,N/A
6/18/2020 13:00,N/A,N/A
6/18/2020 14:00,N/A,N/A
6/18/2020 15:00,N/A,N/A
6/18/2020 16:00,N/A,N/A
6/18/2020 17:00,N/A,N/A
6/18/2020 18:00,N/A,N/A
6/18/2020 19:00,N/A,N/A
6/18/2020 20:00,N/A,N/A
6/18/2020 21:00,N/A,N/A
6/18/2020 22:00,N/A,N/A
6/18/2020 23:00,N/A,N/A
6/19/2020 0:00,N/A,N/A
6/19/2020 1:00,N/A,N/A
6/19/2020 2:00,N/A,N/A
6/19/2020 3:00,N/A,N/A
6/19/2020 4:00,N/A,N/A
6/19/2020 5:00,N/A,N/A
6/19/2020 6:00,N/A,N/A
6/19/2020 7:00,N/A,N/A
6/19/2020 8:00,N/A,N/A
6/19/2020 9:00,N/A,N/A
6/19/2020 10:00,N/A,N/A
6/19/2020 11:00,N/A,N/A
6/19/2020 12:00,N/A,N/A
6/19/2020 13:00,N/A,N/A
6/19/2020 14:00,N/A,N/A
6/19/2020 15:00,N/A,N/A
6/19/2020 16:00,N/A,N/A
6/19/2020 17:00,N/A,N/A
6/19/2020 18:00,N/A,N/A
6/19/2020 19:00,N/A,N/A
6/19/2020 20:00,N/A,N/A
6/19/2020 21:00,N/A,N/A
6/19/2020 22:00,N/A,N/A
6/19/2020 23:00,N/A,N/A
6/20/2020 0:00,N/A,N/A
6/20/2020 1:00,N/A,N/A
6/20/2020 2:00,N/A,N/A
6/20/2020 3:00,N/A,N/A
6/20/2020 4:00,N/A,N/A
6/20/2020 5:00,N/A,N/A
6/20/2020 6:00,N/A,N/A
6/20/2020 7:00,N/A,N/A
6/20/2020 8:00,N/A,N/A
6/20/2020 9:00,N/A,N/A
6/20/2020 10:00,N/A,N/A
6/20/2020 11:00,N/A,N/A
6/20/2020 12:00,N/A,N/A
6/20/2020 13:00,N/A,N/A
6/20/2020 14:00,N/A,N/A
6/20/2020 15:00,N/A,N/A
6/20/2020 16:00,N/A,N/A
6/20/2020 17:00,N/A,N/A
6/20/2020 18:00,N/A,N/A
6/20/2020 19:00,N/A,N/A
6/20/2020 20:00,N/A,N/A
6/20/2020 21:00,N/A,N/A
6/20/2020 22:00,N/A,N/A
6/20/2020 23:00,N/A,N/A
6/21/2020 0:00,N/A,N/A
6/21/2020 1:00,N/A,N/A
6/21/2020 2:00,N/A,N/A
6/21/2020 3:00,N/A,N/A
6/21/2020 4:00,N/A,N/A
6/21/2020 5:00,N/A,N/A
6/21/2020 6:00,N/A,N/A
6/21/2020 7:00,N/A,N/A
6/21/2020 8:00,N/A,N/A
6/21/2020 9:00,N/A,N/A
6/21/2020 10:00,N/A,N/A
6/21/2020 11:00,N/A,N/A
6/21/2020 12:00,N/A,N/A
6/21/2020 13:00,N/A,N/A
6/21/2020 14:00,N/A,N/A
6/21/2020 15:00,N/A,N/A
6/21/2020 16:00,N/A,N/A
6/21/2020 17:00,N/A,N/A
6/21/2020 18:00,N/A,N/A
6/21/2020 19:00,N/A,N/A
6/21/2020 20:00,N/A,N/A
6/21/2020 21:00,N/A,N/A
6/21/2020 22:00,N/A,N/A
6/21/2020 23:00,N/A,N/A
6/22/2020 0:00,N/A,N/A
6/22/2020 1:00,N/A,N/A
6/22/2020 2:00,N/A,N/A
6/22/2020 3:00,N/A,N/A
6/22/2020 4:00,N/A,N/A
6/22/2020 5:00,N/A,N/A
6/22/2020 6:00,N/A,N/A
6/22/2020 7:00,N/A,N/A
6/22/2020 8:00,N/A,N/A
6/22/2020 9:00,N/A,N/A
6/22/2020 10:00,N/A,N/A
6/22/2020 11:00,N/A,N/A
6/22/2020 12:00,N/A,N/A
6/22/2020 13:00,N/A,N/A
6/22/2020 14:00,N/A,N/A
6/22/2020 15:00,N/A,N/A
6/22/2020 16:00,N/A,N/A
6/22/2020 17:00,N/A,N/A
6/22/2020 18:00,N/A,N/A
6/22/2020 19:00,N/A,N/A
6/22/2020 20:00,N/A,N/A
6/22/2020 21:00,N/A,N/A
6/22/2020 22:00,N/A,N/A
6/22/2020 23:00,N/A,N/A
6/23/2020 0:00,N/A,N/A
6/23/2020 1:00,N/A,N/A
6/23/2020 2:00,N/A,N/A
6/23/2020 3:00,N/A,N/A
6/23/2020 4:00,N/A,N/A
6/23/2020 5:00,N/A,N/A
6/23/2020 6:00,N/A,N/A
6/23/2020 7:00,N/A,N/A
6/23/2020 8:00,N/A,N/A
6/23/2020 9:00,N/A,N/A
6/23/2020 10:00,N/A,N/A
6/23/2020 11:00,N/A,N/A
6/23/2020 12:00,N/A,N/A
6/23/2020 13:00,N/A,N/A
6/23/2020 14:00,N/A,N/A
6/23/2020 15:00,N/A,N/A
6/23/2020 16:00,N/A,N/A
6/23/2020 17:00,N/A,N/A
6/23/2020 18:00,N/A,N/A
6/23/2020 19:00,N/A,N/A
6/23/2020 20:00,N/A,N/A
6/23/2020 21:00,N/A,N/A
6/23/2020 22:00,N/A,N/A
6/23/2020 23:00,N/A,N/A
6/24/2020 0:00,N/A,N/A
6/24/2020 1:00,N/A,N/A
6/24/2020 2:00,N/A,N/A
6/24/2020 3:00,N/A,N/A
6/24/2020 4:00,N/A,N/A
6/24/2020 5:00,N/A,N/A
6/24/2020 6:00,N/A,N/A
6/24/2020 7:00,N/A,N/A
6/24/2020 8:00,N/A,N/A
6/24/2020 9:00,N/A,N/A
6/24/2020 10:00,N/A,N/A
6/24/2020 11:00,N/A,N/A
6/24/2020 12:00,N/A,N/A
6/24/2020 13:00,N/A,N/A
6/24/2020 14:00,N/A,N/A
6/24/2020 15:00,N/A,N/A
6/24/2020 16:00,N/A,N/A
6/24/2020 17:00,N/A,N/A
6/24/2020 18:00,N/A,N/A
6/24/2020 19:00,N/A,N/A
6/24/2020 20:00,N/A,N/A
6/24/2020 21:00,N/A,N/A
6/24/2020 22:00,N/A,N/A
6/24/2020 23:00,N/A,N/A
6/25/2020 0:00,N/A,N/A
6/25/2020 1:00,N/A,N/A
6/25/2020 2:00,N/A,N/A
6/25/2020 3:00,N/A,N/A
6/25/2020 4:00,N/A,N/A
6/25/2020 5:00,N/A,N/A
6/25/2020 6:00,N/A,N/A
6/25/2020 7:00,N/A,N/A
6/25/2020 8:00,N/A,N/A
6/25/2020 9:00,N/A,N/A
6/25/2020 10:00,N/A,N/A
6/25/2020 11:00,N/A,N/A
6/25/2020 12:00,N/A,N/A
6/25/2020 13:00,N/A,N/A
6/25/2020 14:00,N/A,N/A
6/25/2020 15:00,N/A,N/A
6/25/2020 16:00,N/A,N/A
6/25/2020 17:00,N/A,N/A
6/25/2020 18:00,N/A,N/A
6/25/2020 19:00,N/A,N/A
6/25/2020 20:00,N/A,N/A
6/25/2020 21:00,N/A,N/A
6/25/2020 22:00,N/A,N/A
6/25/2020 23:00,N/A,N/A
6/26/2020 0:00,N/A,N/A
6/26/2020 1:00,N/A,N/A
6/26/2020 2:00,N/A,N/A
6/26/2020 3:00,N/A,N/A
6/26/2020 4:00,N/A,N/A
6/26/2020 5:00,N/A,N/A
6/26/2020 6:00,N/A,N/A
6/26/2020 7:00,N/A,N/A
6/26/2020 8:00,N/A,N/A
6/26/2020 9:00,N/A,N/A
6/26/2020 10:00,N/A,N/A
6/26/2020 11:00,N/A,N/A
6/26/2020 12:00,N/A,N/A
6/26/2020 13:00,N/A,N/A
6/26/2020 14:00,N/A,N/A
6/26/2020 15:00,N/A,N/A
6/26/2020 16:00,N/A,N/A
6/26/2020 17:00,N/A,N/A
6/26/2020 18:00,N/A,N/A
6/26/2020 19:00,N/A,N/A
6/26/2020 20:00,N/A,N/A
6/26/2020 21:00,N/A,N/A
6/26/2020 22:00,N/A,N/A
6/26/2020 23:00,N/A,N/A
6/27/2020 0:00,N/A,N/A
6/27/2020 1:00,N/A,N/A
6/27/2020 2:00,N/A,N/A
6/27/2020 3:00,N/A,N/A
6/27/2020 4:00,N/A,N/A
6/27/2020 5:00,N/A,N/A
6/27/2020 6:00,N/A,N/A
6/27/2020 7:00,N/A,N/A
6/27/2020 8:00,N/A,N/A
6/27/2020 9:00,N/A,N/A
6/27/2020 10:00,N/A,N/A
6/27/2020 11:00,N/A,N/A
6/27/2020 12:00,N/A,N/A
6/27/2020 13:00,N/A,N/A
6/27/2020 14:00,N/A,N/A
6/27/2020 15:00,N/A,N/A
6/27/2020 16:00,N/A,N/A
6/27/2020 17:00,N/A,N/A
6/27/2020 18:00,N/A,N/A
6/27/2020 19:00,N/A,N/A
6/27/2020 20:00,N/A,N/A
6/27/2020 21:00,N/A,N/A
6/27/2020 22:00,N/A,N/A
6/27/2020 23:00,N/A,N/A
6/28/2020 0:00,N/A,N/A
6/28/2020 1:00,N/A,N/A
6/28/2020 2:00,N/A,N/A
6/28/2020 3:00,N/A,N/A
6/28/2020 4:00,N/A,N/A
6/28/2020 5:00,N/A,N/A
6/28/2020 6:00,N/A,N/A
6/28/2020 7:00,N/A,N/A
6/28/2020 8:00,N/A,N/A
6/28/2020 9:00,N/A,N/A
6/28/2020 10:00,N/A,N/A
6/28/2020 11:00,N/A,N/A
6/28/2020 12:00,N/A,N/A
6/28/2020 13:00,N/A,N/A
6/28/2020 14:00,N/A,N/A
6/28/2020 15:00,N/A,N/A
6/28/2020 16:00,N/A,N/A
6/28/2020 17:00,N/A,N/A
6/28/2020 18:00,N/A,N/A
6/28/2020 19:00,N/A,N/A
6/28/2020 20:00,N/A,N/A
6/28/2020 21:00,N/A,N/A
6/28/2020 22:00,N/A,N/A
6/28/2020 23:00,N/A,N/A
6/29/2020 0:00,N/A,N/A
6/29/2020 1:00,N/A,N/A
6/29/2020 2:00,N/A,N/A
6/29/2020 3:00,N/A,N/A
6/29/2020 4:00,N/A,N/A
6/29/2020 5:00,N/A,N/A
6/29/2020 6:00,N/A,N/A
6/29/2020 7:00,N/A,N/A
6/29/2020 8:00,N/A,N/A
6/29/2020 9:00,N/A,N/A
6/29/2020 10:00,N/A,N/A
6/29/2020 11:00,N/A,N/A
6/29/2020 12:00,N/A,N/A
6/29/2020 13:00,N/A,N/A
6/29/2020 14:00,N/A,N/A
6/29/2020 15:00,N/A,N/A
6/29/2020 16:00,N/A,N/A
6/29/2020 17:00,N/A,N/A
6/29/2020 18:00,N/A,N/A
6/29/2020 19:00,N/A,N/A
6/29/2020 20:00,N/A,N/A
6/29/2020 21:00,N/A,N/A
6/29/2020 22:00,N/A,N/A
6/29/2020 23:00,N/A,N/A
6/30/2020 0:00,N/A,N/A
6/30/2020 1:00,N/A,N/A
6/30/2020 2:00,N/A,N/A
6/30/2020 3:00,N/A,N/A
6/30/2020 4:00,N/A,N/A
6/30/2020 5:00,N/A,N/A
6/30/2020 6:00,N/A,N/A
6/30/2020 7:00,N/A,N/A
6/30/2020 8:00,N/A,N/A
6/30/2020 9:00,N/A,N/A
6/30/2020 10:00,N/A,N/A
6/30/2020 11:00,N/A,N/A
6/30/2020 12:00,N/A,N/A
6/30/2020 13:00,N/A,N/A
6/30/2020 14:00,N/A,N/A
6/30/2020 15:00,N/A,N/A
6/30/2020 16:00,N/A,N/A
6/30/2020 17:00,N/A,N/A
6/30/2020 18:00,N/A,N/A
6/30/2020 19:00,N/A,N/A
6/30/2020 20:00,N/A,N/A
6/30/2020 21:00,N/A,N/A
6/30/2020 22:00,N/A,N/A
6/30/2020 23:00,N/A,N/A
7/1/2020 0:00,N/A,N/A
7/1/2020 1:00,N/A,N/A
7/1/2020 2:00,N/A,N/A
7/1/2020 3:00,N/A,N/A
7/1/2020 4:00,N/A,N/A
7/1/2020 5:00,N/A,N/A
7/1/2020 6:00,N/A,N/A
7/1/2020 7:00,N/A,N/A
7/1/2020 8:00,N/A,N/A
7/1/2020 9:00,N/A,N/A
7/1/2020 10:00,N/A,N/A
7/1/2020 11:00,N/A,N/A
7/1/2020 12:00,N/A,N/A
7/1/2020 13:00,N/A,N/A
7/1/2020 14:00,N/A,N/A
7/1/2020 15:00,N/A,N/A
7/1/2020 16:00,N/A,N/A
7/1/2020 17:00,N/A,N/A
7/1/2020 18:00,N/A,N/A
7/1/2020 19:00,N/A,N/A
7/1/2020 20:00,N/A,N/A
7/1/2020 21:00,N/A,N/A
7/1/2020 22:00,N/A,N/A
7/1/2020 23:00,N/A,N/A
7/2/2020 0:00,N/A,N/A
7/2/2020 1:00,N/A,N/A
7/2/2020 2:00,N/A,N/A
7/2/2020 3:00,N/A,N/A
7/2/2020 4:00,N/A,N/A
7/2/2020 5:00,N/A,N/A
7/2/2020 6:00,N/A,N/A
7/2/2020 7:00,N/A,N/A
7/2/2020 8:00,N/A,N/A
7/2/2020 9:00,N/A,N/A
7/2/2020 10:00,N/A,N/A
7/2/2020 11:00,N/A,N/A
7/2/2020 12:00,N/A,N/A
7/2/2020 13:00,N/A,N/A
7/2/2020 14:00,N/A,N/A
7/2/2020 15:00,N/A,N/A
7/2/2020 16:00,N/A,N/A
7/2/2020 17:00,N/A,N/A
7/2/2020 18:00,N/A,N/A
7/2/2020 19:00,N/A,N/A
7/2/2020 20:00,N/A,N/A
7/2/2020 21:00,N/A,N/A
7/2/2020 22:00,N/A,N/A
7/2/2020 23:00,N/A,N/A
7/3/2020 0:00,N/A,N/A
7/3/2020 1:00,N/A,N/A
7/3/2020 2:00,N/A,N/A
7/3/2020 3:00,N/A,N/A
7/3/2020 4:00,N/A,N/A
7/3/2020 5:00,N/A,N/A
7/3/2020 6:00,N/A,N/A
7/3/2020 7:00,N/A,N/A
7/3/2020 8:00,N/A,N/A
7/3/2020 9:00,N/A,N/A
7/3/2020 10:00,N/A,N/A
7/3/2020 11:00,N/A,N/A
7/3/2020 12:00,N/A,N/A
7/3/2020 13:00,N/A,N/A
7/3/2020 14:00,N/A,N/A
7/3/2020 15:00,N/A,N/A
7/3/2020 16:00,N/A,N/A
7/3/2020 17:00,N/A,N/A
7/3/2020 18:00,N/A,N/A
7/3/2020 19:00,N/A,N/A
7/3/2020 20:00,N/A,N/A
7/3/2020 21:00,N/A,N/A
7/3/2020 22:00,N/A,N/A
7/3/2020 23:00,N/A,N/A
7/4/2020 0:00,N/A,N/A
7/4/2020 1:00,N/A,N/A
7/4/2020 2:00,N/A,N/A
7/4/2020 3:00,N/A,N/A
7/4/2020 4:00,N/A,N/A
7/4/2020 5:00,N/A,N/A
7/4/2020 6:00,N/A,N/A
7/4/2020 7:00,N/A,N/A
7/4/2020 8:00,N/A,N/A
7/4/2020 9:00,N/A,N/A
7/4/2020 10:00,N/A,N/A
7/4/2020 11:00,N/A,N/A
7/4/2020 12:00,N/A,N/A
7/4/2020 13:00,N/A,N/A
7/4/2020 14:00,N/A,N/A
7/4/2020 15:00,N/A,N/A
7/4/2020 16:00,N/A,N/A
7/4/2020 17:00,N/A,N/A
7/4/2020 18:00,N/A,N/A
7/4/2020 19:00,N/A,N/A
7/4/2020 20:00,N/A,N/A
7/4/2020 21:00,N/A,N/A
7/4/2020 22:00,N/A,N/A
7/4/2020 23:00,N/A,N/A
7/5/2020 0:00,N/A,N/A
7/5/2020 1:00,N/A,N/A
7/5/2020 2:00,N/A,N/A
7/5/2020 3:00,N/A,N/A
7/5/2020 4:00,N/A,N/A
7/5/2020 5:00,N/A,N/A
7/5/2020 6:00,N/A,N/A
7/5/2020 7:00,N/A,N/A
7/5/2020 8:00,N/A,N/A
7/5/2020 9:00,N/A,N/A
7/5/2020 10:00,N/A,N/A
7/5/2020 11:00,N/A,N/A
7/5/2020 12:00,N/A,N/A
7/5/2020 13:00,N/A,N/A
7/5/2020 14:00,N/A,N/A
7/5/2020 15:00,N/A,N/A
7/5/2020 16:00,N/A,N/A
7/5/2020 17:00,N/A,N/A
7/5/2020 18:00,N/A,N/A
7/5/2020 19:00,N/A,N/A
7/5/2020 20:00,N/A,N/A
7/5/2020 21:00,N/A,N/A
7/5/2020 22:00,N/A,N/A
7/5/2020 23:00,N/A,N/A
7/6/2020 0:00,N/A,N/A
7/6/2020 1:00,N/A,N/A
7/6/2020 2:00,N/A,N/A
7/6/2020 3:00,N/A,N/A
7/6/2020 4:00,N/A,N/A
7/6/2020 5:00,N/A,N/A
7/6/2020 6:00,N/A,N/A
7/6/2020 7:00,N/A,N/A
7/6/2020 8:00,N/A,N/A
7/6/2020 9:00,N/A,N/A
7/6/2020 10:00,N/A,N/A
7/6/2020 11:00,N/A,N/A
7/6/2020 12:00,N/A,N/A
7/6/2020 13:00,N/A,N/A
7/6/2020 14:00,N/A,N/A
7/6/2020 15:00,N/A,N/A
7/6/2020 16:00,N/A,N/A
7/6/2020 17:00,N/A,N/A
7/6/2020 18:00,N/A,N/A
7/6/2020 19:00,N/A,N/A
7/6/2020 20:00,N/A,N/A
7/6/2020 21:00,N/A,N/A
7/6/2020 22:00,N/A,N/A
7/6/2020 23:00,N/A,N/A
7/7/2020 0:00,N/A,N/A
7/7/2020 1:00,N/A,N/A
7/7/2020 2:00,N/A,N/A
7/7/2020 3:00,N/A,N/A
7/7/2020 4:00,N/A,N/A
7/7/2020 5:00,N/A,N/A
7/7/2020 6:00,N/A,N/A
7/7/2020 7:00,N/A,N/A
7/7/2020 8:00,N/A,N/A
7/7/2020 9:00,N/A,N/A
7/7/2020 10:00,N/A,N/A
7/7/2020 11:00,N/A,N/A
7/7/2020 12:00,N/A,N/A
7/7/2020 13:00,N/A,N/A
7/7/2020 14:00,N/A,N/A
7/7/2020 15:00,N/A,N/A
7/7/2020 16:00,N/A,N/A
7/7/2020 17:00,N/A,N/A
7/7/2020 18:00,N/A,N/A
7/7/2020 19:00,N/A,N/A
7/7/2020 20:00,N/A,N/A
7/7/2020 21:00,N/A,N/A
7/7/2020 22:00,N/A,N/A
7/7/2020 23:00,N/A,N/A
7/8/2020 0:00,N/A,N/A
7/8/2020 1:00,N/A,N/A
7/8/2020 2:00,N/A,N/A
7/8/2020 3:00,N/A,N/A
7/8/2020 4:00,N/A,N/A
7/8/2020 5:00,N/A,N/A
7/8/2020 6:00,N/A,N/A
7/8/2020 7:00,N/A,N/A
7/8/2020 8:00,N/A,N/A
7/8/2020 9:00,N/A,N/A
7/8/2020 10:00,N/A,N/A
7/8/2020 11:00,N/A,N/A
7/8/2020 12:00,N/A,N/A
7/8/2020 13:00,N/A,N/A
7/8/2020 14:00,N/A,N/A
7/8/2020 15:00,N/A,N/A
7/8/2020 16:00,N/A,N/A
7/8/2020 17:00,N/A,N/A
7/8/2020 18:00,N/A,N/A
7/8/2020 19:00,N/A,N/A
7/8/2020 20:00,N/A,N/A
7/8/2020 21:00,N/A,N/A
7/8/2020 22:00,N/A,N/A
7/8/2020 23:00,N/A,N/A
7/9/2020 0:00,N/A,N/A
7/9/2020 1:00,N/A,N/A
7/9/2020 2:00,N/A,N/A
7/9/2020 3:00,N/A,N/A
7/9/2020 4:00,N/A,N/A
7/9/2020 5:00,N/A,N/A
7/9/2020 6:00,N/A,N/A
7/9/2020 7:00,N/A,N/A
7/9/2020 8:00,N/A,N/A
7/9/2020 9:00,N/A,N/A
7/9/2020 10:00,N/A,N/A
7/9/2020 11:00,N/A,N/A
7/9/2020 12:00,N/A,N/A
7/9/2020 13:00,N/A,N/A
7/9/2020 14:00,N/A,N/A
7/9/2020 15:00,N/A,N/A
7/9/2020 16:00,N/A,N/A
7/9/2020 17:00,N/A,N/A
7/9/2020 18:00,N/A,N/A
7/9/2020 19:00,N/A,N/A
7/9/2020 20:00,N/A,N/A
7/9/2020 21:00,N/A,N/A
7/9/2020 22:00,N/A,N/A
7/9/2020 23:00,N/A,N/A
7/10/2020 0:00,N/A,N/A
7/10/2020 1:00,N/A,N/A
7/10/2020 2:00,N/A,N/A
7/10/2020 3:00,N/A,N/A
7/10/2020 4:00,N/A,N/A
7/10/2020 5:00,N/A,N/A
7/10/2020 6:00,N/A,N/A
7/10/2020 7:00,N/A,N/A
7/10/2020 8:00,N/A,N/A
7/10/2020 9:00,N/A,N/A
7/10/2020 10:00,N/A,N/A
7/10/2020 11:00,N/A,N/A
7/10/2020 12:00,N/A,N/A
7/10/2020 13:00,N/A,N/A
7/10/2020 14:00,N/A,N/A
7/10/2020 15:00,N/A,N/A
7/10/2020 16:00,N/A,N/A
7/10/2020 17:00,N/A,N/A
7/10/2020 18:00,N/A,N/A
7/10/2020 19:00,N/A,N/A
7/10/2020 20:00,N/A,N/A
7/10/2020 21:00,N/A,N/A
7/10/2020 22:00,N/A,N/A
7/10/2020 23:00,N/A,N/A
7/11/2020 0:00,N/A,N/A
7/11/2020 1:00,N/A,N/A
7/11/2020 2:00,N/A,N/A
7/11/2020 3:00,N/A,N/A
7/11/2020 4:00,N/A,N/A
7/11/2020 5:00,N/A,N/A
7/11/2020 6:00,N/A,N/A
7/11/2020 7:00,N/A,N/A
7/11/2020 8:00,N/A,N/A
7/11/2020 9:00,N/A,N/A
7/11/2020 10:00,N/A,N/A
7/11/2020 11:00,N/A,N/A
7/11/2020 12:00,N/A,N/A
7/11/2020 13:00,N/A,N/A
7/11/2020 14:00,N/A,N/A
7/11/2020 15:00,N/A,N/A
7/11/2020 16:00,N/A,N/A
7/11/2020 17:00,N/A,N/A
7/11/2020 18:00,N/A,N/A
7/11/2020 19:00,N/A,N/A
7/11/2020 20:00,N/A,N/A
7/11/2020 21:00,N/A,N/A
7/11/2020 22:00,N/A,N/A
7/11/2020 23:00,N/A,N/A
7/12/2020 0:00,N/A,N/A
7/12/2020 1:00,N/A,N/A
7/12/2020 2:00,N/A,N/A
7/12/2020 3:00,N/A,N/A
7/12/2020 4:00,N/A,N/A
7/12/2020 5:00,N/A,N/A
7/12/2020 6:00,N/A,N/A
7/12/2020 7:00,N/A,N/A
7/12/2020 8:00,N/A,N/A
7/12/2020 9:00,N/A,N/A
7/12/2020 10:00,N/A,N/A
7/12/2020 11:00,N/A,N/A
7/12/2020 12:00,N/A,N/A
7/12/2020 13:00,N/A,N/A
7/12/2020 14:00,N/A,N/A
7/12/2020 15:00,N/A,N/A
7/12/2020 16:00,N/A,N/A
7/12/2020 17:00,N/A,N/A
7/12/2020 18:00,N/A,N/A
7/12/2020 19:00,N/A,N/A
7/12/2020 20:00,N/A,N/A
7/12/2020 21:00,N/A,N/A
7/12/2020 22:00,N/A,N/A
7/12/2020 23:00,N/A,N/A
7/13/2020 0:00,N/A,N/A
7/13/2020 1:00,N/A,N/A
7/13/2020 2:00,N/A,N/A
7/13/2020 3:00,N/A,N/A
7/13/2020 4:00,N/A,N/A
7/13/2020 5:00,N/A,N/A
7/13/2020 6:00,N/A,N/A
7/13/2020 7:00,N/A,N/A
7/13/2020 8:00,N/A,N/A
7/13/2020 9:00,N/A,N/A
7/13/2020 10:00,N/A,N/A
7/13/2020 11:00,N/A,N/A
7/13/2020 12:00,N/A,N/A
7/13/2020 13:00,N/A,N/A
7/13/2020 14:00,N/A,N/A
7/13/2020 15:00,N/A,N/A
7/13/2020 16:00,N/A,N/A
7/13/2020 17:00,N/A,N/A
7/13/2020 18:00,N/A,N/A
7/13/2020 19:00,N/A,N/A
7/13/2020 20:00,N/A,N/A
7/13/2020 21:00,N/A,N/A
7/13/2020 22:00,0,1
7/13/2020 23:00,0,1
7/14/2020 0:00,0,1
7/14/2020 1:00,0,1
7/14/2020 2:00,0,1
7/14/2020 3:00,0,1
7/14/2020 4:00,0,0
7/14/2020 5:00,0,0
7/14/2020 6:00,0,1
7/14/2020 7:00,0,1
7/14/2020 8:00,0,1
7/14/2020 9:00,0,0
7/14/2020 10:00,0,1
7/14/2020 11:00,0,0
7/14/2020 12:00,0,0
7/14/2020 13:00,0,1
7/14/2020 14:00,0,1
7/14/2020 15:00,0,1
7/14/2020 16:00,0,1
7/14/2020 17:00,0,1
7/14/2020 18:00,0,0
7/14/2020 19:00,0,0
7/14/2020 20:00,0,0
7/14/2020 21:00,0,0
7/14/2020 22:00,0,1
7/14/2020 23:00,0,1
7/15/2020 0:00,0,1
7/15/2020 1:00,0,1
7/15/2020 2:00,0,1
7/15/2020 3:00,0,0
7/15/2020 4:00,0,0
7/15/2020 5:00,0,0
7/15/2020 6:00,0,1
7/15/2020 7:00,0,1
7/15/2020 8:00,0,1
7/15/2020 9:00,0,1
7/15/2020 10:00,0,1
7/15/2020 11:00,0,1
7/15/2020 12:00,0,1
7/15/2020 13:00,0,0
7/15/2020 14:00,0,0
7/15/2020 15:00,0,1
7/15/2020 16:00,0,1
7/15/2020 17:00,0,0
7/15/2020 18:00,0,1
7/15/2020 19:00,0,1
7/15/2020 20:00,0,1
7/15/2020 21:00,0,1
7/15/2020 22:00,0,1
7/15/2020 23:00,0,1
7/16/2020 0:00,0,1
7/16/2020 1:00,0,0
7/16/2020 2:00,0,0
7/16/2020 3:00,0,0
7/16/2020 4:00,0,0
7/16/2020 5:00,0,0
7/16/2020 6:00,0,0
7/16/2020 7:00,0,0
7/16/2020 8:00,0,0
7/16/2020 9:00,0,1
7/16/2020 10:00,0,1
7/16/2020 11:00,0,1
7/16/2020 12:00,0,1
7/16/2020 13:00,0,1
7/16/2020 14:00,0,1
7/16/2020 15:00,0,1
7/16/2020 16:00,0,1
7/16/2020 17:00,0,1
7/16/2020 18:00,0,0
7/16/2020 19:00,0,0
7/16/2020 20:00,0,1
7/16/2020 21:00,0,1
7/16/2020 22:00,0,1
7/16/2020 23:00,0,0
7/17/2020 0:00,0,0
7/17/2020 1:00,0,1
7/17/2020 2:00,0,0
7/17/2020 3:00,0,0
7/17/2020 4:00,0,0
7/17/2020 5:00,0,1
7/17/2020 6:00,0,0
7/17/2020 7:00,0,1
7/17/2020 8:00,0,1
7/17/2020 9:00,0,1
7/17/2020 10:00,0,0
7/17/2020 11:00,0,0
7/17/2020 12:00,0,1
7/17/2020 13:00,0,0
7/17/2020 14:00,0,0
7/17/2020 15:00,0,1
7/17/2020 16:00,0,1
7/17/2020 17:00,0,1
7/17/2020 18:00,0,1
7/17/2020 19:00,0,1
7/17/2020 20:00,0,1
7/17/2020 21:00,0,1
7/17/2020 22:00,0,1
7/17/2020 23:00,0,1
7/18/2020 0:00,0,1
7/18/2020 1:00,0,1
7/18/2020 2:00,0,1
7/18/2020 3:00,0,1
7/18/2020 4:00,0,1
7/18/2020 5:00,0,0
7/18/2020 6:00,0,0
7/18/2020 7:00,0,0
7/18/2020 8:00,0,0
7/18/2020 9:00,0,0
7/18/2020 10:00,0,1
7/18/2020 11:00,0,0
7/18/2020 12:00,0,0
7/18/2020 13:00,0,0
7/18/2020 14:00,0,0
7/18/2020 15:00,0,0
7/18/2020 16:00,0,1
7/18/2020 17:00,0,1
7/18/2020 18:00,0,0
7/18/2020 19:00,0,0
7/18/2020 20:00,0,0
7/18/2020 21:00,0,1
7/18/2020 22:00,0,1
7/18/2020 23:00,0,1
7/19/2020 0:00,0,1
7/19/2020 1:00,0,1
7/19/2020 2:00,0,0
7/19/2020 3:00,0,1
7/19/2020 4:00,0,0
7/19/2020 5:00,0,0
7/19/2020 6:00,0,0
7/19/2020 7:00,0,1
7/19/2020 8:00,0,1
7/19/2020 9:00,0,1
7/19/2020 10:00,0,1
7/19/2020 11:00,0,0
7/19/2020 12:00,0,0
7/19/2020 13:00,0,0
7/19/2020 14:00,0,1
7/19/2020 15:00,0,0
7/19/2020 16:00,0,1
7/19/2020 17:00,0,0
7/19/2020 18:00,0,1
7/19/2020 19:00,0,1
7/19/2020 20:00,0,1
7/19/2020 21:00,0,1
7/19/2020 22:00,0,1
7/19/2020 23:00,0,1
7/20/2020 0:00,0,1
7/20/2020 1:00,0,1
7/20/2020 2:00,0,1
7/20/2020 3:00,0,1
7/20/2020 4:00,0,1
7/20/2020 5:00,0,0
7/20/2020 6:00,0,0
7/20/2020 7:00,0,0
7/20/2020 8:00,0,0
7/20/2020 9:00,0,0
7/20/2020 10:00,0,0
7/20/2020 11:00,0,0
7/20/2020 12:00,0,0
7/20/2020 13:00,0,0
7/20/2020 14:00,0,0
7/20/2020 15:00,0,0
7/20/2020 16:00,0,0
7/20/2020 17:00,0,1
7/20/2020 18:00,0,1
7/20/2020 19:00,0,1
7/20/2020 20:00,0,0
7/20/2020 21:00,0,1
7/20/2020 22:00,0,1
7/20/2020 23:00,0,1
7/21/2020 0:00,0,1
7/21/2020 1:00,0,1
7/21/2020 2:00,0,1
7/21/2020 3:00,0,0
7/21/2020 4:00,0,0
7/21/2020 5:00,0,0
7/21/2020 6:00,0,0
7/21/2020 7:00,0,0
7/21/2020 8:00,0,0
7/21/2020 9:00,0,0
7/21/2020 10:00,0,1
7/21/2020 11:00,0,1
7/21/2020 12:00,0,0
7/21/2020 13:00,0,0
7/21/2020 14:00,0,0
7/21/2020 15:00,0,0
7/21/2020 16:00,0,0
7/21/2020 17:00,0,0
7/21/2020 18:00,0,0
7/21/2020 19:00,0,1
7/21/2020 20:00,0,0
7/21/2020 21:00,0,1
7/21/2020 22:00,0,1
7/21/2020 23:00,0,1
7/22/2020 0:00,0,0
7/22/2020 1:00,0,1
7/22/2020 2:00,0,1
7/22/2020 3:00,0,1
7/22/2020 4:00,0,0
7/22/2020 5:00,0,0
7/22/2020 6:00,0,1
7/22/2020 7:00,0,0
7/22/2020 8:00,0,0
7/22/2020 9:00,0,0
7/22/2020 10:00,0,0
7/22/2020 11:00,0,0
7/22/2020 12:00,0,0
7/22/2020 13:00,0,1
7/22/2020 14:00,0,0
7/22/2020 15:00,0,0
7/22/2020 16:00,0,0
7/22/2020 17:00,0,0
7/22/2020 18:00,0,0
7/22/2020 19:00,0,0
7/22/2020 20:00,0,1
7/22/2020 21:00,0,1
7/22/2020 22:00,0,1
7/22/2020 23:00,0,1
7/23/2020 0:00,0,1
7/23/2020 1:00,0,1
7/23/2020 2:00,0,0
7/23/2020 3:00,0,0
7/23/2020 4:00,0,0
7/23/2020 5:00,0,1
7/23/2020 6:00,0,0
7/23/2020 7:00,0,0
7/23/2020 8:00,0,0
7/23/2020 9:00,0,1
7/23/2020 10:00,0,1
7/23/2020 11:00,0,1
7/23/2020 12:00,0,1
7/23/2020 13:00,0,0
7/23/2020 14:00,0,0
7/23/2020 15:00,0,0
7/23/2020 16:00,0,0
7/23/2020 17:00,0,0
7/23/2020 18:00,0,0
7/23/2020 19:00,0,0
7/23/2020 20:00,0,0
7/23/2020 21:00,0,0
7/23/2020 22:00,0,1
7/23/2020 23:00,0,1
7/24/2020 0:00,0,1
7/24/2020 1:00,0,1
7/24/2020 2:00,0,1
7/24/2020 3:00,0,1
7/24/2020 4:00,0,1
7/24/2020 5:00,0,1
7/24/2020 6:00,0,0
7/24/2020 7:00,0,0
7/24/2020 8:00,0,1
7/24/2020 9:00,0,1
7/24/2020 10:00,0,0
7/24/2020 11:00,0,1
7/24/2020 12:00,0,0
7/24/2020 13:00,0,0
7/24/2020 14:00,0,1
7/24/2020 15:00,0,0
7/24/2020 16:00,0,0
7/24/2020 17:00,0,0
7/24/2020 18:00,0,0
7/24/2020 19:00,0,0
7/24/2020 20:00,0,1
7/24/2020 21:00,0,1
7/24/2020 22:00,0,1
7/24/2020 23:00,0,1
7/25/2020 0:00,0,1
7/25/2020 1:00,0,1
7/25/2020 2:00,0,1
7/25/2020 3:00,0,1
7/25/2020 4:00,0,1
7/25/2020 5:00,0,1
7/25/2020 6:00,0,1
7/25/2020 7:00,0,1
7/25/2020 8:00,0,1
7/25/2020 9:00,0,1
7/25/2020 10:00,0,0
7/25/2020 11:00,0,0
7/25/2020 12:00,0,1
7/25/2020 13:00,0,0
7/25/2020 14:00,0,1
7/25/2020 15:00,0,1
7/25/2020 16:00,0,0
7/25/2020 17:00,0,0
7/25/2020 18:00,0,0
7/25/2020 19:00,0,1
7/25/2020 20:00,0,1
7/25/2020 21:00,0,0
7/25/2020 22:00,0,1
7/25/2020 23:00,0,1
7/26/2020 0:00,0,1
7/26/2020 1:00,0,1
7/26/2020 2:00,0,1
7/26/2020 3:00,0,1
7/26/2020 4:00,0,1
7/26/2020 5:00,0,1
7/26/2020 6:00,0,1
7/26/2020 7:00,0,1
7/26/2020 8:00,0,1
7/26/2020 9:00,0,1
7/26/2020 10:00,0,1
7/26/2020 11:00,0,1
7/26/2020 12:00,0,0
7/26/2020 13:00,0,1
7/26/2020 14:00,0,0
7/26/2020 15:00,0,1
7/26/2020 16:00,0,0
7/26/2020 17:00,0,1
7/26/2020 18:00,0,1
7/26/2020 19:00,0,1
7/26/2020 20:00,0,1
7/26/2020 21:00,0,1
7/26/2020 22:00,0,1
7/26/2020 23:00,0,1
7/27/2020 0:00,0,1
7/27/2020 1:00,0,1
7/27/2020 2:00,0,1
7/27/2020 3:00,0,1
7/27/2020 4:00,0,1
7/27/2020 5:00,0,0
7/27/2020 6:00,0,0
7/27/2020 7:00,0,0
7/27/2020 8:00,0,1
7/27/2020 9:00,0,0
7/27/2020 10:00,0,0
7/27/2020 11:00,0,1
7/27/2020 12:00,0,0
7/27/2020 13:00,0,0
7/27/2020 14:00,0,1
7/27/2020 15:00,0,1
7/27/2020 16:00,0,1
7/27/2020 17:00,0,0
7/27/2020 18:00,0,0
7/27/2020 19:00,0,1
7/27/2020 20:00,0,1
7/27/2020 21:00,0,1
7/27/2020 22:00,0,1
7/27/2020 23:00,0,1
7/28/2020 0:00,0,1
7/28/2020 1:00,0,1
7/28/2020 2:00,0,1
7/28/2020 3:00,0,1
7/28/2020 4:00,0,0
7/28/2020 5:00,0,1
7/28/2020 6:00,0,0
7/28/2020 7:00,0,0
7/28/2020 8:00,0,0
7/28/2020 9:00,0,0
7/28/2020 10:00,0,1
7/28/2020 11:00,0,0
7/28/2020 12:00,0,1
7/28/2020 13:00,0,1
7/28/2020 14:00,0,1
7/28/2020 15:00,0,1
7/28/2020 16:00,0,1
7/28/2020 17:00,0,1
7/28/2020 18:00,0,1
7/28/2020 19:00,0,1
7/28/2020 20:00,0,1
7/28/2020 21:00,0,1
7/28/2020 22:00,0,1
7/28/2020 23:00,0,1
7/29/2020 0:00,0,1
7/29/2020 1:00,0,1
7/29/2020 2:00,0,1
7/29/2020 3:00,0,1
7/29/2020 4:00,0,1
7/29/2020 5:00,0,0
7/29/2020 6:00,0,1
7/29/2020 7:00,0,1
7/29/2020 8:00,0,1
7/29/2020 9:00,0,0
7/29/2020 10:00,0,0
7/29/2020 11:00,0,0
7/29/2020 12:00,0,1
7/29/2020 13:00,0,0
7/29/2020 14:00,0,0
7/29/2020 15:00,0,1
7/29/2020 16:00,0,1
7/29/2020 17:00,0,1
7/29/2020 18:00,0,1
7/29/2020 19:00,0,1
7/29/2020 20:00,0,1
7/29/2020 21:00,0,1
7/29/2020 22:00,0,1
7/29/2020 23:00,0,1
7/30/2020 0:00,0,1
7/30/2020 1:00,0,1
7/30/2020 2:00,0,1
7/30/2020 3:00,0,1
7/30/2020 4:00,0,1
7/30/2020 5:00,0,0
7/30/2020 6:00,0,0
7/30/2020 7:00,0,1
7/30/2020 8:00,0,1
7/30/2020 9:00,0,1
7/30/2020 10:00,0,1
7/30/2020 11:00,0,1
7/30/2020 12:00,0,1
7/30/2020 13:00,0,1
7/30/2020 14:00,0,1
7/30/2020 15:00,0,1
7/30/2020 16:00,0,1
7/30/2020 17:00,0,1
7/30/2020 18:00,0,1
7/30/2020 19:00,0,1
7/30/2020 20:00,0,1
7/30/2020 21:00,0,1
7/30/2020 22:00,0,1
7/30/2020 23:00,0,1
7/31/2020 0:00,0,1
7/31/2020 1:00,0,1
7/31/2020 2:00,0,1
7/31/2020 3:00,0,1
7/31/2020 4:00,0,0
7/31/2020 5:00,0,0
7/31/2020 6:00,0,1
7/31/2020 7:00,0,0
7/31/2020 8:00,0,0
7/31/2020 9:00,0,0
7/31/2020 10:00,0,1
7/31/2020 11:00,0,1
7/31/2020 12:00,0,0
7/31/2020 13:00,0,0
7/31/2020 14:00,0,1
7/31/2020 15:00,0,1
7/31/2020 16:00,0,1
7/31/2020 17:00,0,1
7/31/2020 18:00,0,0
7/31/2020 19:00,0,1
7/31/2020 20:00,0,1
7/31/2020 21:00,0,1
7/31/2020 22:00,0,1
7/31/2020 23:00,0,1
8/1/2020 0:00,0,1
8/1/2020 1:00,0,1
8/1/2020 2:00,0,1
8/1/2020 3:00,0,1
8/1/2020 4:00,0,0
8/1/2020 5:00,0,0
8/1/2020 6:00,0,0
8/1/2020 7:00,0,0
8/1/2020 8:00,0,0
8/1/2020 9:00,0,0
8/1/2020 10:00,0,0
8/1/2020 11:00,0,0
8/1/2020 12:00,0,1
8/1/2020 13:00,0,1
8/1/2020 14:00,0,1
8/1/2020 15:00,0,1
8/1/2020 16:00,0,1
8/1/2020 17:00,0,1
8/1/2020 18:00,0,1
8/1/2020 19:00,0,0
8/1/2020 20:00,0,1
8/1/2020 21:00,0,1
8/1/2020 22:00,0,1
8/1/2020 23:00,0,1
8/2/2020 0:00,0,1
8/2/2020 1:00,0,0
8/2/2020 2:00,0,1
8/2/2020 3:00,0,0
8/2/2020 4:00,0,0
8/2/2020 5:00,0,0
8/2/2020 6:00,0,1
8/2/2020 7:00,0,0
8/2/2020 8:00,0,0
8/2/2020 9:00,0,0
8/2/2020 10:00,0,0
8/2/2020 11:00,0,0
8/2/2020 12:00,0,0
8/2/2020 13:00,0,1
8/2/2020 14:00,0,1
8/2/2020 15:00,0,1
8/2/2020 16:00,0,0
8/2/2020 17:00,0,1
8/2/2020 18:00,0,1
8/2/2020 19:00,0,1
8/2/2020 20:00,0,1
8/2/2020 21:00,0,1
8/2/2020 22:00,0,1
8/2/2020 23:00,0,1
8/3/2020 0:00,0,1
8/3/2020 1:00,0,1
8/3/2020 2:00,0,1
8/3/2020 3:00,0,1
8/3/2020 4:00,0,1
8/3/2020 5:00,0,1
8/3/2020 6:00,0,0
8/3/2020 7:00,0,0
8/3/2020 8:00,0,0
8/3/2020 9:00,0,0
8/3/2020 10:00,0,0
8/3/2020 11:00,0,0
8/3/2020 12:00,0,0
8/3/2020 13:00,0,1
8/3/2020 14:00,0,0
8/3/2020 15:00,0,0
8/3/2020 16:00,0,0
8/3/2020 17:00,0,1
8/3/2020 18:00,0,0
8/3/2020 19:00,0,1
8/3/2020 20:00,0,1
8/3/2020 21:00,0,1
8/3/2020 22:00,0,1
8/3/2020 23:00,0,1
8/4/2020 0:00,0,0
8/4/2020 1:00,0,1
8/4/2020 2:00,0,0
8/4/2020 3:00,0,0
8/4/2020 4:00,0,1
8/4/2020 5:00,0,1
8/4/2020 6:00,0,1
8/4/2020 7:00,0,0
8/4/2020 8:00,0,0
8/4/2020 9:00,0,0
8/4/2020 10:00,0,0
8/4/2020 11:00,0,0
8/4/2020 12:00,0,0
8/4/2020 13:00,0,1
8/4/2020 14:00,0,0
8/4/2020 15:00,0,0
8/4/2020 16:00,0,1
8/4/2020 17:00,0,1
8/4/2020 18:00,0,1
8/4/2020 19:00,0,0
8/4/2020 20:00,0,1
8/4/2020 21:00,0,1
8/4/2020 22:00,0,1
8/4/2020 23:00,0,1
8/5/2020 0:00,0,1
8/5/2020 1:00,0,1
8/5/2020 2:00,0,1
8/5/2020 3:00,0,1
8/5/2020 4:00,0,1
8/5/2020 5:00,0,1
8/5/2020 6:00,0,0
8/5/2020 7:00,0,0
8/5/2020 8:00,0,0
8/5/2020 9:00,0,0
8/5/2020 10:00,0,0
8/5/2020 11:00,0,0
8/5/2020 12:00,0,0
8/5/2020 13:00,0,0
8/5/2020 14:00,0,0
8/5/2020 15:00,0,1
8/5/2020 16:00,0,1
8/5/2020 17:00,1,1
8/5/2020 18:00,0,1
8/5/2020 19:00,0,1
8/5/2020 20:00,0,1
8/5/2020 21:00,0,1
8/5/2020 22:00,0,1
8/5/2020 23:00,0,1
8/6/2020 0:00,0,1
8/6/2020 1:00,0,1
8/6/2020 2:00,0,1
8/6/2020 3:00,0,1
8/6/2020 4:00,0,1
8/6/2020 5:00,0,1
8/6/2020 6:00,0,1
8/6/2020 7:00,0,0
8/6/2020 8:00,0,1
8/6/2020 9:00,0,1
8/6/2020 10:00,0,1
8/6/2020 11:00,0,0
8/6/2020 12:00,0,1
8/6/2020 13:00,0,1
8/6/2020 14:00,0,1
8/6/2020 15:00,0,1
8/6/2020 16:00,0,0
8/6/2020 17:00,0,1
8/6/2020 18:00,0,1
8/6/2020 19:00,0,1
8/6/2020 20:00,0,1
8/6/2020 21:00,0,1
8/6/2020 22:00,0,1
8/6/2020 23:00,0,1
8/7/2020 0:00,0,1
8/7/2020 1:00,0,1
8/7/2020 2:00,0,1
8/7/2020 3:00,0,1
8/7/2020 4:00,0,1
8/7/2020 5:00,0,1
8/7/2020 6:00,0,0
8/7/2020 7:00,0,0
8/7/2020 8:00,0,1
8/7/2020 9:00,0,0
8/7/2020 10:00,0,0
8/7/2020 11:00,0,0
8/7/2020 12:00,0,0
8/7/2020 13:00,0,1
8/7/2020 14:00,0,0
8/7/2020 15:00,0,0
8/7/2020 16:00,0,0
8/7/2020 17:00,0,1
8/7/2020 18:00,0,1
8/7/2020 19:00,0,1
8/7/2020 20:00,0,1
8/7/2020 21:00,0,1
8/7/2020 22:00,0,1
8/7/2020 23:00,0,1
8/8/2020 0:00,0,1
8/8/2020 1:00,0,1
8/8/2020 2:00,0,1
8/8/2020 3:00,0,1
8/8/2020 4:00,0,1
8/8/2020 5:00,0,0
8/8/2020 6:00,0,0
8/8/2020 7:00,0,1
8/8/2020 8:00,0,1
8/8/2020 9:00,0,0
8/8/2020 10:00,0,0
8/8/2020 11:00,0,0
8/8/2020 12:00,0,1
8/8/2020 13:00,0,1
8/8/2020 14:00,0,0
8/8/2020 15:00,0,1
8/8/2020 16:00,0,1
8/8/2020 17:00,0,1
8/8/2020 18:00,0,1
8/8/2020 19:00,0,1
8/8/2020 20:00,0,1
8/8/2020 21:00,0,1
8/8/2020 22:00,0,1
8/8/2020 23:00,0,1
8/9/2020 0:00,0,1
8/9/2020 1:00,0,1
8/9/2020 2:00,0,1
8/9/2020 3:00,0,1
8/9/2020 4:00,0,0
8/9/2020 5:00,0,0
8/9/2020 6:00,0,0
8/9/2020 7:00,0,1
8/9/2020 8:00,0,1
8/9/2020 9:00,0,1
8/9/2020 10:00,0,0
8/9/2020 11:00,0,0
8/9/2020 12:00,0,0
8/9/2020 13:00,0,0
8/9/2020 14:00,0,0
8/9/2020 15:00,0,1
8/9/2020 16:00,0,1
8/9/2020 17:00,0,1
8/9/2020 18:00,0,1
8/9/2020 19:00,0,1
8/9/2020 20:00,0,1
8/9/2020 21:00,0,1
8/9/2020 22:00,0,1
8/9/2020 23:00,0,1
8/10/2020 0:00,0,1
8/10/2020 1:00,0,1
8/10/2020 2:00,0,1
8/10/2020 3:00,0,1
8/10/2020 4:00,0,1
8/10/2020 5:00,0,1
8/10/2020 6:00,0,0
8/10/2020 7:00,0,1
8/10/2020 8:00,0,1
8/10/2020 9:00,0,0
8/10/2020 10:00,0,1
8/10/2020 11:00,0,1
8/10/2020 12:00,0,1
8/10/2020 13:00,0,1
8/10/2020 14:00,0,1
8/10/2020 15:00,0,1
8/10/2020 16:00,0,1
8/10/2020 17:00,0,1
8/10/2020 18:00,0,1
8/10/2020 19:00,0,1
8/10/2020 20:00,0,1
8/10/2020 21:00,0,1
8/10/2020 22:00,0,1
8/10/2020 23:00,0,1
8/11/2020 0:00,0,1
8/11/2020 1:00,0,1
8/11/2020 2:00,0,1
8/11/2020 3:00,0,1
8/11/2020 4:00,0,1
8/11/2020 5:00,0,1
8/11/2020 6:00,0,0
8/11/2020 7:00,0,1
8/11/2020 8:00,0,1
8/11/2020 9:00,0,1
8/11/2020 10:00,0,0
8/11/2020 11:00,0,0
8/11/2020 12:00,0,1
8/11/2020 13:00,0,0
8/11/2020 14:00,0,0
8/11/2020 15:00,0,1
8/11/2020 16:00,0,0
8/11/2020 17:00,0,1
8/11/2020 18:00,0,1
8/11/2020 19:00,0,1
8/11/2020 20:00,0,1
8/11/2020 21:00,0,1
8/11/2020 22:00,0,1
8/11/2020 23:00,0,1
8/12/2020 0:00,0,1
8/12/2020 1:00,0,1
8/12/2020 2:00,0,1
8/12/2020 3:00,0,1
8/12/2020 4:00,0,1
8/12/2020 5:00,0,0
8/12/2020 6:00,0,0
8/12/2020 7:00,0,0
8/12/2020 8:00,0,0
8/12/2020 9:00,0,0
8/12/2020 10:00,0,1
8/12/2020 11:00,0,1
8/12/2020 12:00,0,0
8/12/2020 13:00,0,1
8/12/2020 14:00,0,1
8/12/2020 15:00,0,0
8/12/2020 16:00,0,0
8/12/2020 17:00,0,0
8/12/2020 18:00,0,1
8/12/2020 19:00,0,1
8/12/2020 20:00,0,0
8/12/2020 21:00,0,1
8/12/2020 22:00,0,1
8/12/2020 23:00,0,1
8/13/2020 0:00,0,1
8/13/2020 1:00,0,1
8/13/2020 2:00,0,1
8/13/2020 3:00,0,1
8/13/2020 4:00,0,1
8/13/2020 5:00,0,0
8/13/2020 6:00,0,1
8/13/2020 7:00,0,0
8/13/2020 8:00,0,0
8/13/2020 9:00,0,1
8/13/2020 10:00,0,1
8/13/2020 11:00,0,1
8/13/2020 12:00,0,0
8/13/2020 13:00,0,1
8/13/2020 14:00,0,1
8/13/2020 15:00,0,1
8/13/2020 16:00,0,1
8/13/2020 17:00,0,1
8/13/2020 18:00,0,1
8/13/2020 19:00,0,1
8/13/2020 20:00,0,1
8/13/2020 21:00,0,1
8/13/2020 22:00,0,1
8/13/2020 23:00,0,0
8/14/2020 0:00,0,1
8/14/2020 1:00,0,0
8/14/2020 2:00,0,1
8/14/2020 3:00,0,1
8/14/2020 4:00,0,1
8/14/2020 5:00,0,0
8/14/2020 6:00,0,1
8/14/2020 7:00,0,0
8/14/2020 8:00,0,1
8/14/2020 9:00,0,1
8/14/2020 10:00,0,0
8/14/2020 11:00,0,1
8/14/2020 12:00,0,1
8/14/2020 13:00,0,1
8/14/2020 14:00,0,1
8/14/2020 15:00,0,1
8/14/2020 16:00,0,1
8/14/2020 17:00,0,1
8/14/2020 18:00,0,1
8/14/2020 19:00,0,1
8/14/2020 20:00,0,1
8/14/2020 21:00,0,1
8/14/2020 22:00,0,1
8/14/2020 23:00,0,1
8/15/2020 0:00,0,1
8/15/2020 1:00,0,1
8/15/2020 2:00,0,1
8/15/2020 3:00,0,0
8/15/2020 4:00,0,1
8/15/2020 5:00,0,0
8/15/2020 6:00,0,0
8/15/2020 7:00,0,1
8/15/2020 8:00,0,1
8/15/2020 9:00,0,1
8/15/2020 10:00,0,0
8/15/2020 11:00,0,0
8/15/2020 12:00,0,1
8/15/2020 13:00,0,1
8/15/2020 14:00,0,1
8/15/2020 15:00,0,1
8/15/2020 16:00,0,1
8/15/2020 17:00,0,0
8/15/2020 18:00,0,1
8/15/2020 19:00,0,1
8/15/2020 20:00,0,1
8/15/2020 21:00,0,1
8/15/2020 22:00,0,1
8/15/2020 23:00,0,1
8/16/2020 0:00,0,0
8/16/2020 1:00,0,1
8/16/2020 2:00,0,1
8/16/2020 3:00,0,1
8/16/2020 4:00,0,1
8/16/2020 5:00,0,1
8/16/2020 6:00,0,0
8/16/2020 7:00,0,0
8/16/2020 8:00,0,1
8/16/2020 9:00,0,1
8/16/2020 10:00,0,1
8/16/2020 11:00,0,1
8/16/2020 12:00,0,1
8/16/2020 13:00,0,1
8/16/2020 14:00,0,1
8/16/2020 15:00,0,1
8/16/2020 16:00,0,1
8/16/2020 17:00,0,1
8/16/2020 18:00,0,1
8/16/2020 19:00,0,0
8/16/2020 20:00,0,1
8/16/2020 21:00,0,1
8/16/2020 22:00,0,1
8/16/2020 23:00,0,1
8/17/2020 0:00,0,1
8/17/2020 1:00,0,1
8/17/2020 2:00,0,1
8/17/2020 3:00,0,1
8/17/2020 4:00,0,1
8/17/2020 5:00,0,1
8/17/2020 6:00,0,0
8/17/2020 7:00,0,1
8/17/2020 8:00,0,1
8/17/2020 9:00,0,1
8/17/2020 10:00,0,1
8/17/2020 11:00,0,0
8/17/2020 12:00,0,0
8/17/2020 13:00,0,1
8/17/2020 14:00,0,1
8/17/2020 15:00,0,1
8/17/2020 16:00,0,1
8/17/2020 17:00,0,1
8/17/2020 18:00,0,1
8/17/2020 19:00,0,1
8/17/2020 20:00,0,1
8/17/2020 21:00,0,1
8/17/2020 22:00,0,1
8/17/2020 23:00,0,1
8/18/2020 0:00,0,1
8/18/2020 1:00,0,1
8/18/2020 2:00,0,1
8/18/2020 3:00,0,1
8/18/2020 4:00,0,0
8/18/2020 5:00,0,1
8/18/2020 6:00,0,0
8/18/2020 7:00,0,0
8/18/2020 8:00,0,1
8/18/2020 9:00,0,1
8/18/2020 10:00,0,1
8/18/2020 11:00,0,1
8/18/2020 12:00,0,1
8/18/2020 13:00,0,1
8/18/2020 14:00,0,1
8/18/2020 15:00,0,1
8/18/2020 16:00,0,1
8/18/2020 17:00,0,0
8/18/2020 18:00,0,1
8/18/2020 19:00,0,1
8/18/2020 20:00,0,1
8/18/2020 21:00,0,1
8/18/2020 22:00,0,1
8/18/2020 23:00,0,1
8/19/2020 0:00,0,1
8/19/2020 1:00,0,1
8/19/2020 2:00,0,1
8/19/2020 3:00,0,1
8/19/2020 4:00,0,1
8/19/2020 5:00,0,1
8/19/2020 6:00,0,1
8/19/2020 7:00,0,0
8/19/2020 8:00,0,1
8/19/2020 9:00,0,1
8/19/2020 10:00,0,1
8/19/2020 11:00,0,1
8/19/2020 12:00,0,0
8/19/2020 13:00,0,1
8/19/2020 14:00,0,1
8/19/2020 15:00,0,1
8/19/2020 16:00,0,1
8/19/2020 17:00,0,1
8/19/2020 18:00,0,1
8/19/2020 19:00,0,1
8/19/2020 20:00,0,1
8/19/2020 21:00,0,1
8/19/2020 22:00,0,1
8/19/2020 23:00,0,1
8/20/2020 0:00,0,1
8/20/2020 1:00,0,1
8/20/2020 2:00,0,1
8/20/2020 3:00,0,1
8/20/2020 4:00,0,1
8/20/2020 5:00,0,1
8/20/2020 6:00,0,1
8/20/2020 7:00,0,1
8/20/2020 8:00,0,1
8/20/2020 9:00,0,1
8/20/2020 10:00,0,1
8/20/2020 11:00,0,1
8/20/2020 12:00,0,1
8/20/2020 13:00,0,1
8/20/2020 14:00,0,0
8/20/2020 15:00,0,1
8/20/2020 16:00,0,1
8/20/2020 17:00,0,1
8/20/2020 18:00,0,1
8/20/2020 19:00,0,1
8/20/2020 20:00,0,1
8/20/2020 21:00,0,1
8/20/2020 22:00,0,1
8/20/2020 23:00,0,1
8/21/2020 0:00,0,1
8/21/2020 1:00,0,1
8/21/2020 2:00,0,1
8/21/2020 3:00,0,1
8/21/2020 4:00,0,1
8/21/2020 5:00,0,1
8/21/2020 6:00,0,0
8/21/2020 7:00,0,1
8/21/2020 8:00,0,1
8/21/2020 9:00,0,1
8/21/2020 10:00,0,0
8/21/2020 11:00,0,0
8/21/2020 12:00,0,1
8/21/2020 13:00,0,1
8/21/2020 14:00,0,1
8/21/2020 15:00,0,1
8/21/2020 16:00,0,0
8/21/2020 17:00,0,1
8/21/2020 18:00,0,1
8/21/2020 19:00,0,1
8/21/2020 20:00,0,1
8/21/2020 21:00,0,1
8/21/2020 22:00,0,1
8/21/2020 23:00,0,1
8/22/2020 0:00,0,1
8/22/2020 1:00,0,1
8/22/2020 2:00,0,1
8/22/2020 3:00,0,1
8/22/2020 4:00,0,1
8/22/2020 5:00,0,1
8/22/2020 6:00,0,1
8/22/2020 7:00,0,0
8/22/2020 8:00,0,0
8/22/2020 9:00,0,0
8/22/2020 10:00,0,1
8/22/2020 11:00,0,1
8/22/2020 12:00,0,1
8/22/2020 13:00,0,1
8/22/2020 14:00,0,1
8/22/2020 15:00,0,1
8/22/2020 16:00,0,1
8/22/2020 17:00,0,1
8/22/2020 18:00,0,1
8/22/2020 19:00,0,1
8/22/2020 20:00,0,1
8/22/2020 21:00,0,1
8/22/2020 22:00,0,1
8/22/2020 23:00,0,1
8/23/2020 0:00,0,1
8/23/2020 1:00,0,1
8/23/2020 2:00,0,1
8/23/2020 3:00,0,1
8/23/2020 4:00,0,0
8/23/2020 5:00,0,0
8/23/2020 6:00,0,0
8/23/2020 7:00,0,1
8/23/2020 8:00,0,0
8/23/2020 9:00,0,1
8/23/2020 10:00,0,0
8/23/2020 11:00,0,0
8/23/2020 12:00,0,0
8/23/2020 13:00,0,0
8/23/2020 14:00,0,1
8/23/2020 15:00,0,1
8/23/2020 16:00,0,0
8/23/2020 17:00,0,0
8/23/2020 18:00,0,1
8/23/2020 19:00,0,1
8/23/2020 20:00,0,1
8/23/2020 21:00,0,1
8/23/2020 22:00,0,1
8/23/2020 23:00,0,1
8/24/2020 0:00,0,1
8/24/2020 1:00,0,1
8/24/2020 2:00,0,1
8/24/2020 3:00,0,1
8/24/2020 4:00,0,1
8/24/2020 5:00,0,0
8/24/2020 6:00,0,0
8/24/2020 7:00,0,0
8/24/2020 8:00,0,0
8/24/2020 9:00,0,1
8/24/2020 10:00,0,1
8/24/2020 11:00,0,0
8/24/2020 12:00,0,1
8/24/2020 13:00,0,1
8/24/2020 14:00,0,1
8/24/2020 15:00,0,0
8/24/2020 16:00,0,0
8/24/2020 17:00,0,1
8/24/2020 18:00,0,1
8/24/2020 19:00,0,0
8/24/2020 20:00,0,1
8/24/2020 21:00,0,1
8/24/2020 22:00,0,1
8/24/2020 23:00,0,1
8/25/2020 0:00,0,1
8/25/2020 1:00,0,1
8/25/2020 2:00,0,1
8/25/2020 3:00,0,1
8/25/2020 4:00,0,1
8/25/2020 5:00,0,1
8/25/2020 6:00,0,0
8/25/2020 7:00,0,0
8/25/2020 8:00,0,0
8/25/2020 9:00,0,0
8/25/2020 10:00,0,0
8/25/2020 11:00,0,0
8/25/2020 12:00,0,0
8/25/2020 13:00,0,0
8/25/2020 14:00,0,0
8/25/2020 15:00,0,0
8/25/2020 16:00,0,1
8/25/2020 17:00,0,0
8/25/2020 18:00,0,0
8/25/2020 19:00,0,1
8/25/2020 20:00,0,0
8/25/2020 21:00,0,1
8/25/2020 22:00,0,1
8/25/2020 23:00,0,1
8/26/2020 0:00,0,1
8/26/2020 1:00,0,1
8/26/2020 2:00,0,1
8/26/2020 3:00,0,1
8/26/2020 4:00,0,0
8/26/2020 5:00,0,0
8/26/2020 6:00,0,1
8/26/2020 7:00,0,0
8/26/2020 8:00,0,1
8/26/2020 9:00,0,1
8/26/2020 10:00,0,0
8/26/2020 11:00,0,0
8/26/2020 12:00,0,0
8/26/2020 13:00,0,1
8/26/2020 14:00,0,0
8/26/2020 15:00,0,1
8/26/2020 16:00,0,0
8/26/2020 17:00,0,0
8/26/2020 18:00,0,0
8/26/2020 19:00,0,0
8/26/2020 20:00,0,1
8/26/2020 21:00,0,1
8/26/2020 22:00,0,1
8/26/2020 23:00,0,1
8/27/2020 0:00,0,1
8/27/2020 1:00,0,1
8/27/2020 2:00,0,1
8/27/2020 3:00,0,1
8/27/2020 4:00,0,1
8/27/2020 5:00,0,1
8/27/2020 6:00,0,1
8/27/2020 7:00,0,1
8/27/2020 8:00,0,0
8/27/2020 9:00,0,0
8/27/2020 10:00,0,0
8/27/2020 11:00,0,1
8/27/2020 12:00,0,1
8/27/2020 13:00,0,0
8/27/2020 14:00,0,0
8/27/2020 15:00,0,0
8/27/2020 16:00,0,0
8/27/2020 17:00,0,1
8/27/2020 18:00,0,1
8/27/2020 19:00,0,1
8/27/2020 20:00,0,1
8/27/2020 21:00,0,1
8/27/2020 22:00,0,1
8/27/2020 23:00,0,1
8/28/2020 0:00,0,1
8/28/2020 1:00,0,1
8/28/2020 2:00,0,1
8/28/2020 3:00,0,1
8/28/2020 4:00,0,1
8/28/2020 5:00,0,1
8/28/2020 6:00,0,0
8/28/2020 7:00,0,0
8/28/2020 8:00,0,1
8/28/2020 9:00,0,0
8/28/2020 10:00,0,0
8/28/2020 11:00,0,0
8/28/2020 12:00,0,1
8/28/2020 13:00,0,1
8/28/2020 14:00,0,0
8/28/2020 15:00,0,1
8/28/2020 16:00,0,0
8/28/2020 17:00,0,0
8/28/2020 18:00,0,1
8/28/2020 19:00,0,1
8/28/2020 20:00,0,1
8/28/2020 21:00,0,1
8/28/2020 22:00,0,1
8/28/2020 23:00,0,1
8/29/2020 0:00,0,1
8/29/2020 1:00,0,1
8/29/2020 2:00,0,1
8/29/2020 3:00,0,1
8/29/2020 4:00,0,1
8/29/2020 5:00,0,1
8/29/2020 6:00,0,0
8/29/2020 7:00,0,0
8/29/2020 8:00,0,0
8/29/2020 9:00,0,1
8/29/2020 10:00,0,1
8/29/2020 11:00,0,0
8/29/2020 12:00,0,0
8/29/2020 13:00,0,1
8/29/2020 14:00,0,1
8/29/2020 15:00,0,1
8/29/2020 16:00,0,1
8/29/2020 17:00,0,1
8/29/2020 18:00,0,1
8/29/2020 19:00,0,1
8/29/2020 20:00,0,1
8/29/2020 21:00,0,1
8/29/2020 22:00,0,1
8/29/2020 23:00,0,1
8/30/2020 0:00,0,1
8/30/2020 1:00,0,1
8/30/2020 2:00,0,1
8/30/2020 3:00,0,1
8/30/2020 4:00,0,1
8/30/2020 5:00,0,1
8/30/2020 6:00,0,1
8/30/2020 7:00,0,1
8/30/2020 8:00,0,1
8/30/2020 9:00,0,1
8/30/2020 10:00,0,1
8/30/2020 11:00,0,0
8/30/2020 12:00,0,1
8/30/2020 13:00,0,0
8/30/2020 14:00,0,0
8/30/2020 15:00,0,0
8/30/2020 16:00,1,0
8/30/2020 17:00,1,1
8/30/2020 18:00,0,1
8/30/2020 19:00,0,1
8/30/2020 20:00,0,0
8/30/2020 21:00,0,1
8/30/2020 22:00,0,1
8/30/2020 23:00,0,1
8/31/2020 0:00,0,1
8/31/2020 1:00,0,1
8/31/2020 2:00,0,1
8/31/2020 3:00,0,1
8/31/2020 4:00,0,1
8/31/2020 5:00,0,1
8/31/2020 6:00,0,1
8/31/2020 7:00,0,1
8/31/2020 8:00,0,1
8/31/2020 9:00,0,1
8/31/2020 10:00,0,1
8/31/2020 11:00,0,1
8/31/2020 12:00,0,1
8/31/2020 13:00,0,1
8/31/2020 14:00,1,1
8/31/2020 15:00,0,1
8/31/2020 16:00,0,0
8/31/2020 17:00,0,0
8/31/2020 18:00,0,1
8/31/2020 19:00,0,0
8/31/2020 20:00,0,1
8/31/2020 21:00,0,1
8/31/2020 22:00,0,1
8/31/2020 23:00,0,1
9/1/2020 0:00,0,1
9/1/2020 1:00,0,1
9/1/2020 2:00,0,1
9/1/2020 3:00,0,1
9/1/2020 4:00,0,1
9/1/2020 5:00,0,1
9/1/2020 6:00,0,0
9/1/2020 7:00,0,0
9/1/2020 8:00,0,0
9/1/2020 9:00,0,0
9/1/2020 10:00,0,0
9/1/2020 11:00,0,0
9/1/2020 12:00,0,0
9/1/2020 13:00,0,1
9/1/2020 14:00,0,0
9/1/2020 15:00,0,0
9/1/2020 16:00,0,0
9/1/2020 17:00,0,0
9/1/2020 18:00,0,0
9/1/2020 19:00,0,0
9/1/2020 20:00,0,1
9/1/2020 21:00,0,1
9/1/2020 22:00,0,1
9/1/2020 23:00,0,1
9/2/2020 0:00,0,1
9/2/2020 1:00,0,1
9/2/2020 2:00,0,1
9/2/2020 3:00,0,1
9/2/2020 4:00,0,1
9/2/2020 5:00,0,1
9/2/2020 6:00,0,1
9/2/2020 7:00,0,1
9/2/2020 8:00,0,1
9/2/2020 9:00,0,0
9/2/2020 10:00,0,1
9/2/2020 11:00,0,0
9/2/2020 12:00,0,0
9/2/2020 13:00,0,0
9/2/2020 14:00,0,0
9/2/2020 15:00,0,1
9/2/2020 16:00,0,1
9/2/2020 17:00,0,1
9/2/2020 18:00,0,0
9/2/2020 19:00,0,0
9/2/2020 20:00,0,1
9/2/2020 21:00,0,1
9/2/2020 22:00,0,1
9/2/2020 23:00,0,1
9/3/2020 0:00,0,1
9/3/2020 1:00,0,1
9/3/2020 2:00,0,1
9/3/2020 3:00,0,1
9/3/2020 4:00,0,1
9/3/2020 5:00,0,1
9/3/2020 6:00,0,1
9/3/2020 7:00,0,0
9/3/2020 8:00,0,0
9/3/2020 9:00,0,0
9/3/2020 10:00,0,0
9/3/2020 11:00,0,1
9/3/2020 12:00,0,1
9/3/2020 13:00,0,1
9/3/2020 14:00,0,1
9/3/2020 15:00,0,1
9/3/2020 16:00,0,1
9/3/2020 17:00,0,1
9/3/2020 18:00,0,1
9/3/2020 19:00,0,1
9/3/2020 20:00,0,1
9/3/2020 21:00,0,1
9/3/2020 22:00,0,1
9/3/2020 23:00,0,1
9/4/2020 0:00,0,1
9/4/2020 1:00,0,1
9/4/2020 2:00,0,1
9/4/2020 3:00,0,1
9/4/2020 4:00,0,1
9/4/2020 5:00,0,1
9/4/2020 6:00,0,0
9/4/2020 7:00,0,0
9/4/2020 8:00,0,0
9/4/2020 9:00,0,0
9/4/2020 10:00,0,0
9/4/2020 11:00,0,1
9/4/2020 12:00,0,1
9/4/2020 13:00,0,1
9/4/2020 14:00,0,1
9/4/2020 15:00,0,1
9/4/2020 16:00,0,1
9/4/2020 17:00,0,1
9/4/2020 18:00,0,0
9/4/2020 19:00,0,1
9/4/2020 20:00,0,1
9/4/2020 21:00,0,1
9/4/2020 22:00,0,1
9/4/2020 23:00,0,1
9/5/2020 0:00,0,1
9/5/2020 1:00,0,1
9/5/2020 2:00,0,1
9/5/2020 3:00,0,1
9/5/2020 4:00,0,1
9/5/2020 5:00,0,1
9/5/2020 6:00,0,1
9/5/2020 7:00,0,1
9/5/2020 8:00,0,0
9/5/2020 9:00,0,0
9/5/2020 10:00,0,0
9/5/2020 11:00,0,1
9/5/2020 12:00,0,1
9/5/2020 13:00,0,0
9/5/2020 14:00,0,1
9/5/2020 15:00,0,1
9/5/2020 16:00,0,0
9/5/2020 17:00,0,1
9/5/2020 18:00,0,1
9/5/2020 19:00,0,1
9/5/2020 20:00,0,1
9/5/2020 21:00,0,1
9/5/2020 22:00,0,1
9/5/2020 23:00,0,1
9/6/2020 0:00,0,1
9/6/2020 1:00,0,1
9/6/2020 2:00,0,1
9/6/2020 3:00,0,1
9/6/2020 4:00,0,1
9/6/2020 5:00,0,1
9/6/2020 6:00,0,1
9/6/2020 7:00,0,0
9/6/2020 8:00,0,0
9/6/2020 9:00,0,0
9/6/2020 10:00,0,0
9/6/2020 11:00,0,1
9/6/2020 12:00,0,0
9/6/2020 13:00,0,0
9/6/2020 14:00,0,1
9/6/2020 15:00,0,1
9/6/2020 16:00,0,1
9/6/2020 17:00,1,1
9/6/2020 18:00,0,0
9/6/2020 19:00,0,1
9/6/2020 20:00,0,1
9/6/2020 21:00,0,1
9/6/2020 22:00,0,1
9/6/2020 23:00,0,1
9/7/2020 0:00,0,1
9/7/2020 1:00,0,1
9/7/2020 2:00,0,1
9/7/2020 3:00,0,1
9/7/2020 4:00,0,1
9/7/2020 5:00,0,1
9/7/2020 6:00,0,0
9/7/2020 7:00,0,0
9/7/2020 8:00,0,1
9/7/2020 9:00,0,0
9/7/2020 10:00,0,1
9/7/2020 11:00,0,0
9/7/2020 12:00,0,1
9/7/2020 13:00,0,0
9/7/2020 14:00,0,0
9/7/2020 15:00,0,0
9/7/2020 16:00,1,0
9/7/2020 17:00,0,0
9/7/2020 18:00,1,1
9/7/2020 19:00,0,1
9/7/2020 20:00,0,1
9/7/2020 21:00,0,1
9/7/2020 22:00,0,1
9/7/2020 23:00,0,1
9/8/2020 0:00,0,1
9/8/2020 1:00,0,1
9/8/2020 2:00,0,1
9/8/2020 3:00,0,1
9/8/2020 4:00,0,1
9/8/2020 5:00,0,1
9/8/2020 6:00,0,1
9/8/2020 7:00,0,1
9/8/2020 8:00,0,1
9/8/2020 9:00,0,1
9/8/2020 10:00,0,0
9/8/2020 11:00,0,1
9/8/2020 12:00,0,1
9/8/2020 13:00,0,0
9/8/2020 14:00,0,1
9/8/2020 15:00,0,0
9/8/2020 16:00,0,1
9/8/2020 17:00,0,1
9/8/2020 18:00,0,1
9/8/2020 19:00,0,1
9/8/2020 20:00,0,1
9/8/2020 21:00,0,1
9/8/2020 22:00,0,1
9/8/2020 23:00,0,1
9/9/2020 0:00,0,1
9/9/2020 1:00,0,1
9/9/2020 2:00,0,1
9/9/2020 3:00,0,1
9/9/2020 4:00,0,1
9/9/2020 5:00,0,1
9/9/2020 6:00,0,1
9/9/2020 7:00,0,0
9/9/2020 8:00,0,1
9/9/2020 9:00,0,0
9/9/2020 10:00,0,1
9/9/2020 11:00,0,1
9/9/2020 12:00,0,1
9/9/2020 13:00,0,1
9/9/2020 14:00,0,1
9/9/2020 15:00,0,1
9/9/2020 16:00,1,1
9/9/2020 17:00,0,0
9/9/2020 18:00,0,1
9/9/2020 19:00,0,1
9/9/2020 20:00,0,1
9/9/2020 21:00,0,1
9/9/2020 22:00,0,1
9/9/2020 23:00,0,1
9/10/2020 0:00,0,1
9/10/2020 1:00,0,1
9/10/2020 2:00,0,1
9/10/2020 3:00,1,1
9/10/2020 4:00,0,1
9/10/2020 5:00,0,1
9/10/2020 6:00,0,0
9/10/2020 7:00,0,0
9/10/2020 8:00,0,0
9/10/2020 9:00,0,1
9/10/2020 10:00,0,1
9/10/2020 11:00,0,1
9/10/2020 12:00,0,0
9/10/2020 13:00,0,0
9/10/2020 14:00,0,0
9/10/2020 15:00,0,0
9/10/2020 16:00,0,1
9/10/2020 17:00,0,0
9/10/2020 18:00,0,1
9/10/2020 19:00,0,1
9/10/2020 20:00,0,1
9/10/2020 21:00,0,1
9/10/2020 22:00,0,1
9/10/2020 23:00,0,1
9/11/2020 0:00,0,1
9/11/2020 1:00,0,1
9/11/2020 2:00,0,1
9/11/2020 3:00,0,1
9/11/2020 4:00,0,1
9/11/2020 5:00,0,1
9/11/2020 6:00,0,1
9/11/2020 7:00,0,1
9/11/2020 8:00,0,1
9/11/2020 9:00,0,1
9/11/2020 10:00,0,1
9/11/2020 11:00,0,1
9/11/2020 12:00,0,1
9/11/2020 13:00,0,1
9/11/2020 14:00,0,1
9/11/2020 15:00,0,1
9/11/2020 16:00,0,1
9/11/2020 17:00,0,0
9/11/2020 18:00,0,1
9/11/2020 19:00,0,1
9/11/2020 20:00,1,1
9/11/2020 21:00,1,1
9/11/2020 22:00,0,1
9/11/2020 23:00,0,1
9/12/2020 0:00,0,1
9/12/2020 1:00,0,1
9/12/2020 2:00,0,1
9/12/2020 3:00,0,1
9/12/2020 4:00,0,1
9/12/2020 5:00,1,1
9/12/2020 6:00,0,1
9/12/2020 7:00,0,1
9/12/2020 8:00,0,1
9/12/2020 9:00,0,1
9/12/2020 10:00,0,1
9/12/2020 11:00,0,1
9/12/2020 12:00,0,1
9/12/2020 13:00,0,1
9/12/2020 14:00,0,1
9/12/2020 15:00,0,1
9/12/2020 16:00,0,1
9/12/2020 17:00,0,1
9/12/2020 18:00,0,1
9/12/2020 19:00,0,1
9/12/2020 20:00,0,1
9/12/2020 21:00,0,1
9/12/2020 22:00,0,1
9/12/2020 23:00,0,1
9/13/2020 0:00,0,1
9/13/2020 1:00,0,1
9/13/2020 2:00,0,1
9/13/2020 3:00,0,1
9/13/2020 4:00,0,1
9/13/2020 5:00,0,1
9/13/2020 6:00,0,1
9/13/2020 7:00,0,1
9/13/2020 8:00,0,1
9/13/2020 9:00,0,1
9/13/2020 10:00,0,1
9/13/2020 11:00,0,0
9/13/2020 12:00,0,1
9/13/2020 13:00,0,1
9/13/2020 14:00,0,1
9/13/2020 15:00,0,1
9/13/2020 16:00,0,1
9/13/2020 17:00,0,1
9/13/2020 18:00,0,1
9/13/2020 19:00,0,1
9/13/2020 20:00,0,1
9/13/2020 21:00,0,1
9/13/2020 22:00,0,1
9/13/2020 23:00,0,1
9/14/2020 0:00,0,0
9/14/2020 1:00,0,1
9/14/2020 2:00,0,1
9/14/2020 3:00,0,1
9/14/2020 4:00,0,1
9/14/2020 5:00,0,1
9/14/2020 6:00,0,1
9/14/2020 7:00,0,1
9/14/2020 8:00,0,1
9/14/2020 9:00,0,0
9/14/2020 10:00,0,1
9/14/2020 11:00,0,0
9/14/2020 12:00,0,1
9/14/2020 13:00,0,1
9/14/2020 14:00,0,1
9/14/2020 15:00,0,0
9/14/2020 16:00,0,1
9/14/2020 17:00,0,1
9/14/2020 18:00,0,1
9/14/2020 19:00,0,1
9/14/2020 20:00,0,1
9/14/2020 21:00,0,1
9/14/2020 22:00,0,1
9/14/2020 23:00,0,1
9/15/2020 0:00,0,1
9/15/2020 1:00,0,1
9/15/2020 2:00,0,1
9/15/2020 3:00,0,1
9/15/2020 4:00,0,1
9/15/2020 5:00,0,1
9/15/2020 6:00,0,1
9/15/2020 7:00,1,1
9/15/2020 8:00,0,1
9/15/2020 9:00,1,1
9/15/2020 10:00,0,0
9/15/2020 11:00,0,1
9/15/2020 12:00,0,1
9/15/2020 13:00,0,0
9/15/2020 14:00,0,1
9/15/2020 15:00,0,0
9/15/2020 16:00,0,0
9/15/2020 17:00,0,1
9/15/2020 18:00,0,1
9/15/2020 19:00,0,1
9/15/2020 20:00,0,1
9/15/2020 21:00,0,1
9/15/2020 22:00,0,1
9/15/2020 23:00,0,1
9/16/2020 0:00,0,1
9/16/2020 1:00,0,1
9/16/2020 2:00,0,1
9/16/2020 3:00,0,1
9/16/2020 4:00,0,1
9/16/2020 5:00,0,1
9/16/2020 6:00,0,0
9/16/2020 7:00,0,1
9/16/2020 8:00,0,1
9/16/2020 9:00,0,0
9/16/2020 10:00,0,0
9/16/2020 11:00,0,1
9/16/2020 12:00,0,1
9/16/2020 13:00,0,0
9/16/2020 14:00,0,0
9/16/2020 15:00,0,0
9/16/2020 16:00,1,0
9/16/2020 17:00,0,1
9/16/2020 18:00,0,0
9/16/2020 19:00,0,1
9/16/2020 20:00,0,1
9/16/2020 21:00,1,1
9/16/2020 22:00,0,1
9/16/2020 23:00,0,1
9/17/2020 0:00,0,1
9/17/2020 1:00,1,1
9/17/2020 2:00,0,1
9/17/2020 3:00,0,1
9/17/2020 4:00,0,1
9/17/2020 5:00,0,1
9/17/2020 6:00,0,1
9/17/2020 7:00,0,1
9/17/2020 8:00,0,1
9/17/2020 9:00,0,0
9/17/2020 10:00,0,0
9/17/2020 11:00,0,1
9/17/2020 12:00,0,1
9/17/2020 13:00,0,1
9/17/2020 14:00,0,0
9/17/2020 15:00,0,1
9/17/2020 16:00,0,1
9/17/2020 17:00,0,1
9/17/2020 18:00,0,1
9/17/2020 19:00,1,1
9/17/2020 20:00,1,1
9/17/2020 21:00,1,1
9/17/2020 22:00,0,1
9/17/2020 23:00,0,1
9/18/2020 0:00,0,1
9/18/2020 1:00,0,1
9/18/2020 2:00,0,1
9/18/2020 3:00,0,1
9/18/2020 4:00,0,1
9/18/2020 5:00,0,1
9/18/2020 6:00,0,1
9/18/2020 7:00,0,1
9/18/2020 8:00,0,1
9/18/2020 9:00,0,1
9/18/2020 10:00,1,0
9/18/2020 11:00,0,1
9/18/2020 12:00,0,1
9/18/2020 13:00,0,0
9/18/2020 14:00,0,0
9/18/2020 15:00,0,1
9/18/2020 16:00,0,0
9/18/2020 17:00,1,0
9/18/2020 18:00,1,1
9/18/2020 19:00,1,1
9/18/2020 20:00,1,1
9/18/2020 21:00,1,1
9/18/2020 22:00,0,1
9/18/2020 23:00,0,1
9/19/2020 0:00,1,1
9/19/2020 1:00,0,1
9/19/2020 2:00,0,1
9/19/2020 3:00,0,1
9/19/2020 4:00,0,1
9/19/2020 5:00,0,1
9/19/2020 6:00,0,1
9/19/2020 7:00,1,1
9/19/2020 8:00,1,0
9/19/2020 9:00,1,0
9/19/2020 10:00,0,0
9/19/2020 11:00,0,0
9/19/2020 12:00,0,0
9/19/2020 13:00,0,0
9/19/2020 14:00,0,0
9/19/2020 15:00,1,0
9/19/2020 16:00,1,1
9/19/2020 17:00,1,0
9/19/2020 18:00,1,0
9/19/2020 19:00,0,1
9/19/2020 20:00,0,1
9/19/2020 21:00,0,1
9/19/2020 22:00,0,1
9/19/2020 23:00,0,1
9/20/2020 0:00,0,1
9/20/2020 1:00,0,1
9/20/2020 2:00,0,1
9/20/2020 3:00,0,1
9/20/2020 4:00,0,1
9/20/2020 5:00,0,1
9/20/2020 6:00,1,1
9/20/2020 7:00,0,1
9/20/2020 8:00,1,0
9/20/2020 9:00,0,1
9/20/2020 10:00,0,1
9/20/2020 11:00,0,1
9/20/2020 12:00,0,1
9/20/2020 13:00,1,0
9/20/2020 14:00,0,1
9/20/2020 15:00,0,0
9/20/2020 16:00,0,0
9/20/2020 17:00,0,1
9/20/2020 18:00,1,1
9/20/2020 19:00,1,1
9/20/2020 20:00,0,1
9/20/2020 21:00,0,1
9/20/2020 22:00,0,1
9/20/2020 23:00,0,1
9/21/2020 0:00,0,1
9/21/2020 1:00,0,1
9/21/2020 2:00,0,1
9/21/2020 3:00,0,1
9/21/2020 4:00,0,1
9/21/2020 5:00,0,1
9/21/2020 6:00,1,1
9/21/2020 7:00,0,1
9/21/2020 8:00,0,0
9/21/2020 9:00,0,0
9/21/2020 10:00,0,1
9/21/2020 11:00,0,1
9/21/2020 12:00,1,1
9/21/2020 13:00,1,1
9/21/2020 14:00,0,1
9/21/2020 15:00,1,0
9/21/2020 16:00,1,0
9/21/2020 17:00,0,1
9/21/2020 18:00,0,1
9/21/2020 19:00,1,1
9/21/2020 20:00,0,1
9/21/2020 21:00,0,1
9/21/2020 22:00,0,1
9/21/2020 23:00,0,1
9/22/2020 0:00,0,1
9/22/2020 1:00,0,1
9/22/2020 2:00,0,1
9/22/2020 3:00,0,1
9/22/2020 4:00,0,1
9/22/2020 5:00,0,1
9/22/2020 6:00,0,1
9/22/2020 7:00,0,1
9/22/2020 8:00,0,0
9/22/2020 9:00,0,1
9/22/2020 10:00,0,1
9/22/2020 11:00,0,1
9/22/2020 12:00,0,1
9/22/2020 13:00,0,1
9/22/2020 14:00,0,1
9/22/2020 15:00,1,0
9/22/2020 16:00,1,0
9/22/2020 17:00,0,1
9/22/2020 18:00,0,1
9/22/2020 19:00,0,1
9/22/2020 20:00,1,1
9/22/2020 21:00,0,1
9/22/2020 22:00,0,1
9/22/2020 23:00,0,1
9/23/2020 0:00,0,1
9/23/2020 1:00,0,1
9/23/2020 2:00,0,1
9/23/2020 3:00,0,1
9/23/2020 4:00,0,1
9/23/2020 5:00,0,1
9/23/2020 6:00,0,0
9/23/2020 7:00,0,0
9/23/2020 8:00,0,1
9/23/2020 9:00,0,1
9/23/2020 10:00,0,1
9/23/2020 11:00,0,0
9/23/2020 12:00,0,1
9/23/2020 13:00,0,1
9/23/2020 14:00,0,1
9/23/2020 15:00,1,1
9/23/2020 16:00,0,1
9/23/2020 17:00,0,1
9/23/2020 18:00,0,1
9/23/2020 19:00,0,1
9/23/2020 20:00,0,1
9/23/2020 21:00,0,1
9/23/2020 22:00,0,1
9/23/2020 23:00,0,1
9/24/2020 0:00,0,1
9/24/2020 1:00,0,1
9/24/2020 2:00,0,1
9/24/2020 3:00,0,1
9/24/2020 4:00,0,1
9/24/2020 5:00,0,1
9/24/2020 6:00,0,1
9/24/2020 7:00,0,0
9/24/2020 8:00,0,0
9/24/2020 9:00,0,0
9/24/2020 10:00,0,0
9/24/2020 11:00,0,1
9/24/2020 12:00,0,1
9/24/2020 13:00,0,1
9/24/2020 14:00,0,1
9/24/2020 15:00,0,1
9/24/2020 16:00,0,1
9/24/2020 17:00,0,1
9/24/2020 18:00,0,1
9/24/2020 19:00,0,1
9/24/2020 20:00,0,1
9/24/2020 21:00,0,1
9/24/2020 22:00,0,1
9/24/2020 23:00,0,1
9/25/2020 0:00,0,1
9/25/2020 1:00,0,1
9/25/2020 2:00,0,1
9/25/2020 3:00,0,0
9/25/2020 4:00,0,1
9/25/2020 5:00,0,1
9/25/2020 6:00,0,1
9/25/2020 7:00,0,1
9/25/2020 8:00,0,1
9/25/2020 9:00,1,1
9/25/2020 10:00,0,1
9/25/2020 11:00,0,1
9/25/2020 12:00,0,1
9/25/2020 13:00,0,1
9/25/2020 14:00,0,1
9/25/2020 15:00,0,1
9/25/2020 16:00,0,1
9/25/2020 17:00,0,1
9/25/2020 18:00,0,1
9/25/2020 19:00,0,1
9/25/2020 20:00,0,1
9/25/2020 21:00,0,1
9/25/2020 22:00,0,1
9/25/2020 23:00,0,1
9/26/2020 0:00,1,1
9/26/2020 1:00,0,1
9/26/2020 2:00,0,1
9/26/2020 3:00,0,1
9/26/2020 4:00,0,1
9/26/2020 5:00,0,1
9/26/2020 6:00,0,1
9/26/2020 7:00,0,1
9/26/2020 8:00,0,1
9/26/2020 9:00,0,1
9/26/2020 10:00,0,1
9/26/2020 11:00,0,1
9/26/2020 12:00,0,1
9/26/2020 13:00,0,1
9/26/2020 14:00,0,1
9/26/2020 15:00,1,1
9/26/2020 16:00,0,1
9/26/2020 17:00,0,1
9/26/2020 18:00,0,1
9/26/2020 19:00,0,1
9/26/2020 20:00,0,1
9/26/2020 21:00,0,0
9/26/2020 22:00,1,1
9/26/2020 23:00,1,0
9/27/2020 0:00,1,0
9/27/2020 1:00,0,1
9/27/2020 2:00,0,1
9/27/2020 3:00,0,1
9/27/2020 4:00,0,1
9/27/2020 5:00,0,1
9/27/2020 6:00,0,1
9/27/2020 7:00,0,0
9/27/2020 8:00,0,0
9/27/2020 9:00,0,1
9/27/2020 10:00,0,1
9/27/2020 11:00,0,1
9/27/2020 12:00,0,1
9/27/2020 13:00,0,1
9/27/2020 14:00,0,1
9/27/2020 15:00,0,1
9/27/2020 16:00,1,1
9/27/2020 17:00,1,1
9/27/2020 18:00,0,1
9/27/2020 19:00,1,0
9/27/2020 20:00,0,1
9/27/2020 21:00,1,1
9/27/2020 22:00,1,1
9/27/2020 23:00,1,1
9/28/2020 0:00,0,1
9/28/2020 1:00,1,0
9/28/2020 2:00,1,0
9/28/2020 3:00,1,0
9/28/2020 4:00,1,0
9/28/2020 5:00,1,0
9/28/2020 6:00,0,1
9/28/2020 7:00,1,0
9/28/2020 8:00,0,1
9/28/2020 9:00,0,1
9/28/2020 10:00,0,1
9/28/2020 11:00,0,1
9/28/2020 12:00,1,0
9/28/2020 13:00,1,0
9/28/2020 14:00,1,0
9/28/2020 15:00,0,1
9/28/2020 16:00,1,0
9/28/2020 17:00,1,1
9/28/2020 18:00,0,1
9/28/2020 19:00,0,1
9/28/2020 20:00,0,1
9/28/2020 21:00,0,1
9/28/2020 22:00,0,1
9/28/2020 23:00,0,0
9/29/2020 0:00,0,1
9/29/2020 1:00,0,1
9/29/2020 2:00,0,1
9/29/2020 3:00,1,0
9/29/2020 4:00,0,1
9/29/2020 5:00,0,1
9/29/2020 6:00,0,1
9/29/2020 7:00,0,0
9/29/2020 8:00,0,1
9/29/2020 9:00,0,0
9/29/2020 10:00,0,1
9/29/2020 11:00,0,0
9/29/2020 12:00,0,0
9/29/2020 13:00,1,0
9/29/2020 14:00,1,1
9/29/2020 15:00,0,1
9/29/2020 16:00,1,1
9/29/2020 17:00,1,0
9/29/2020 18:00,1,0
9/29/2020 19:00,1,0
9/29/2020 20:00,1,1
9/29/2020 21:00,1,0
9/29/2020 22:00,1,0
9/29/2020 23:00,1,0
9/30/2020 0:00,1,0
9/30/2020 1:00,1,0
9/30/2020 2:00,1,0
9/30/2020 3:00,1,0
9/30/2020 4:00,1,1
9/30/2020 5:00,0,1
9/30/2020 6:00,0,1
9/30/2020 7:00,0,1
9/30/2020 8:00,0,1
9/30/2020 9:00,0,1
9/30/2020 10:00,0,0
9/30/2020 11:00,0,0
9/30/2020 12:00,0,1
9/30/2020 13:00,0,0
9/30/2020 14:00,1,0
9/30/2020 15:00,0,1
9/30/2020 16:00,1,1
9/30/2020 17:00,1,1
9/30/2020 18:00,1,1
9/30/2020 19:00,0,1
9/30/2020 20:00,1,0
9/30/2020 21:00,1,0
9/30/2020 22:00,1,0
9/30/2020 23:00,1,0
10/1/2020 0:00,0,0
10/1/2020 1:00,N/A,N/A
10/1/2020 2:00,N/A,N/A
10/1/2020 3:00,N/A,N/A
10/1/2020 4:00,N/A,N/A
10/1/2020 5:00,N/A,N/A
10/1/2020 6:00,N/A,N/A
10/1/2020 7:00,N/A,N/A
10/1/2020 8:00,N/A,N/A
10/1/2020 9:00,N/A,N/A
10/1/2020 10:00,N/A,N/A
10/1/2020 11:00,N/A,N/A
10/1/2020 12:00,N/A,N/A
10/1/2020 13:00,N/A,N/A
10/1/2020 14:00,N/A,N/A
10/1/2020 15:00,N/A,N/A
10/1/2020 16:00,N/A,N/A
10/1/2020 17:00,N/A,N/A
10/1/2020 18:00,N/A,N/A
10/1/2020 19:00,N/A,N/A
10/1/2020 20:00,N/A,N/A
10/1/2020 21:00,N/A,N/A
10/1/2020 22:00,N/A,N/A
10/1/2020 23:00,N/A,N/A
10/2/2020 0:00,N/A,N/A
10/2/2020 1:00,N/A,N/A
10/2/2020 2:00,N/A,N/A
10/2/2020 3:00,N/A,N/A
10/2/2020 4:00,N/A,N/A
10/2/2020 5:00,N/A,N/A
10/2/2020 6:00,N/A,N/A
10/2/2020 7:00,N/A,N/A
10/2/2020 8:00,N/A,N/A
10/2/2020 9:00,N/A,N/A
10/2/2020 10:00,N/A,N/A
10/2/2020 11:00,N/A,N/A
10/2/2020 12:00,N/A,N/A
10/2/2020 13:00,N/A,N/A
10/2/2020 14:00,N/A,N/A
10/2/2020 15:00,N/A,N/A
10/2/2020 16:00,N/A,N/A
10/2/2020 17:00,N/A,N/A
10/2/2020 18:00,N/A,N/A
10/2/2020 19:00,N/A,N/A
10/2/2020 20:00,N/A,N/A
10/2/2020 21:00,N/A,N/A
10/2/2020 22:00,N/A,N/A
10/2/2020 23:00,N/A,N/A
10/3/2020 0:00,N/A,N/A
10/3/2020 1:00,N/A,N/A
10/3/2020 2:00,N/A,N/A
10/3/2020 3:00,N/A,N/A
10/3/2020 4:00,N/A,N/A
10/3/2020 5:00,N/A,N/A
10/3/2020 6:00,N/A,N/A
10/3/2020 7:00,N/A,N/A
10/3/2020 8:00,N/A,N/A
10/3/2020 9:00,N/A,N/A
10/3/2020 10:00,N/A,N/A
10/3/2020 11:00,N/A,N/A
10/3/2020 12:00,N/A,N/A
10/3/2020 13:00,N/A,N/A
10/3/2020 14:00,N/A,N/A
10/3/2020 15:00,N/A,N/A
10/3/2020 16:00,N/A,N/A
10/3/2020 17:00,N/A,N/A
10/3/2020 18:00,N/A,N/A
10/3/2020 19:00,N/A,N/A
10/3/2020 20:00,N/A,N/A
10/3/2020 21:00,N/A,N/A
10/3/2020 22:00,N/A,N/A
10/3/2020 23:00,N/A,N/A
10/4/2020 0:00,N/A,N/A
10/4/2020 1:00,N/A,N/A
10/4/2020 2:00,N/A,N/A
10/4/2020 3:00,N/A,N/A
10/4/2020 4:00,N/A,N/A
10/4/2020 5:00,N/A,N/A
10/4/2020 6:00,N/A,N/A
10/4/2020 7:00,N/A,N/A
10/4/2020 8:00,N/A,N/A
10/4/2020 9:00,N/A,N/A
10/4/2020 10:00,N/A,N/A
10/4/2020 11:00,N/A,N/A
10/4/2020 12:00,N/A,N/A
10/4/2020 13:00,N/A,N/A
10/4/2020 14:00,N/A,N/A
10/4/2020 15:00,N/A,N/A
10/4/2020 16:00,N/A,N/A
10/4/2020 17:00,N/A,N/A
10/4/2020 18:00,N/A,N/A
10/4/2020 19:00,N/A,N/A
10/4/2020 20:00,N/A,N/A
10/4/2020 21:00,N/A,N/A
10/4/2020 22:00,N/A,N/A
10/4/2020 23:00,N/A,N/A
10/5/2020 0:00,N/A,N/A
10/5/2020 1:00,N/A,N/A
10/5/2020 2:00,N/A,N/A
10/5/2020 3:00,N/A,N/A
10/5/2020 4:00,N/A,N/A
10/5/2020 5:00,N/A,N/A
10/5/2020 6:00,N/A,N/A
10/5/2020 7:00,N/A,N/A
10/5/2020 8:00,N/A,N/A
10/5/2020 9:00,N/A,N/A
10/5/2020 10:00,N/A,N/A
10/5/2020 11:00,N/A,N/A
10/5/2020 12:00,N/A,N/A
10/5/2020 13:00,N/A,N/A
10/5/2020 14:00,N/A,N/A
10/5/2020 15:00,N/A,N/A
10/5/2020 16:00,N/A,N/A
10/5/2020 17:00,N/A,N/A
10/5/2020 18:00,N/A,N/A
10/5/2020 19:00,N/A,N/A
10/5/2020 20:00,N/A,N/A
10/5/2020 21:00,N/A,N/A
10/5/2020 22:00,N/A,N/A
10/5/2020 23:00,N/A,N/A
10/6/2020 0:00,N/A,N/A
10/6/2020 1:00,N/A,N/A
10/6/2020 2:00,N/A,N/A
10/6/2020 3:00,N/A,N/A
10/6/2020 4:00,N/A,N/A
10/6/2020 5:00,N/A,N/A
10/6/2020 6:00,N/A,N/A
10/6/2020 7:00,N/A,N/A
10/6/2020 8:00,N/A,N/A
10/6/2020 9:00,N/A,N/A
10/6/2020 10:00,N/A,N/A
10/6/2020 11:00,N/A,N/A
10/6/2020 12:00,N/A,N/A
10/6/2020 13:00,N/A,N/A
10/6/2020 14:00,N/A,N/A
10/6/2020 15:00,N/A,N/A
10/6/2020 16:00,N/A,N/A
10/6/2020 17:00,N/A,N/A
10/6/2020 18:00,N/A,N/A
10/6/2020 19:00,N/A,N/A
10/6/2020 20:00,N/A,N/A
10/6/2020 21:00,N/A,N/A
10/6/2020 22:00,N/A,N/A
10/6/2020 23:00,N/A,N/A
10/7/2020 0:00,N/A,N/A
10/7/2020 1:00,N/A,N/A
10/7/2020 2:00,N/A,N/A
10/7/2020 3:00,N/A,N/A
10/7/2020 4:00,N/A,N/A
10/7/2020 5:00,N/A,N/A
10/7/2020 6:00,N/A,N/A
10/7/2020 7:00,N/A,N/A
10/7/2020 8:00,N/A,N/A
10/7/2020 9:00,N/A,N/A
10/7/2020 10:00,N/A,N/A
10/7/2020 11:00,N/A,N/A
10/7/2020 12:00,N/A,N/A
10/7/2020 13:00,N/A,N/A
10/7/2020 14:00,N/A,N/A
10/7/2020 15:00,N/A,N/A
10/7/2020 16:00,N/A,N/A
10/7/2020 17:00,N/A,N/A
10/7/2020 18:00,N/A,N/A
10/7/2020 19:00,N/A,N/A
10/7/2020 20:00,N/A,N/A
10/7/2020 21:00,N/A,N/A
10/7/2020 22:00,N/A,N/A
10/7/2020 23:00,N/A,N/A
10/8/2020 0:00,N/A,N/A
10/8/2020 1:00,N/A,N/A
10/8/2020 2:00,N/A,N/A
10/8/2020 3:00,N/A,N/A
10/8/2020 4:00,N/A,N/A
10/8/2020 5:00,N/A,N/A
10/8/2020 6:00,N/A,N/A
10/8/2020 7:00,N/A,N/A
10/8/2020 8:00,N/A,N/A
10/8/2020 9:00,N/A,N/A
10/8/2020 10:00,N/A,N/A
10/8/2020 11:00,N/A,N/A
10/8/2020 12:00,N/A,N/A
10/8/2020 13:00,N/A,N/A
10/8/2020 14:00,N/A,N/A
10/8/2020 15:00,N/A,N/A
10/8/2020 16:00,N/A,N/A
10/8/2020 17:00,N/A,N/A
10/8/2020 18:00,N/A,N/A
10/8/2020 19:00,N/A,N/A
10/8/2020 20:00,N/A,N/A
10/8/2020 21:00,N/A,N/A
10/8/2020 22:00,N/A,N/A
10/8/2020 23:00,N/A,N/A
10/9/2020 0:00,N/A,N/A
10/9/2020 1:00,N/A,N/A
10/9/2020 2:00,N/A,N/A
10/9/2020 3:00,N/A,N/A
10/9/2020 4:00,N/A,N/A
10/9/2020 5:00,N/A,N/A
10/9/2020 6:00,N/A,N/A
10/9/2020 7:00,N/A,N/A
10/9/2020 8:00,N/A,N/A
10/9/2020 9:00,N/A,N/A
10/9/2020 10:00,N/A,N/A
10/9/2020 11:00,N/A,N/A
10/9/2020 12:00,N/A,N/A
10/9/2020 13:00,N/A,N/A
10/9/2020 14:00,N/A,N/A
10/9/2020 15:00,N/A,N/A
10/9/2020 16:00,N/A,N/A
10/9/2020 17:00,N/A,N/A
10/9/2020 18:00,N/A,N/A
10/9/2020 19:00,N/A,N/A
10/9/2020 20:00,N/A,N/A
10/9/2020 21:00,N/A,N/A
10/9/2020 22:00,N/A,N/A
10/9/2020 23:00,N/A,N/A
10/10/2020 0:00,N/A,N/A
10/10/2020 1:00,N/A,N/A
10/10/2020 2:00,N/A,N/A
10/10/2020 3:00,N/A,N/A
10/10/2020 4:00,N/A,N/A
10/10/2020 5:00,N/A,N/A
10/10/2020 6:00,N/A,N/A
10/10/2020 7:00,N/A,N/A
10/10/2020 8:00,N/A,N/A
10/10/2020 9:00,N/A,N/A
10/10/2020 10:00,N/A,N/A
10/10/2020 11:00,N/A,N/A
10/10/2020 12:00,N/A,N/A
10/10/2020 13:00,N/A,N/A
10/10/2020 14:00,N/A,N/A
10/10/2020 15:00,N/A,N/A
10/10/2020 16:00,N/A,N/A
10/10/2020 17:00,N/A,N/A
10/10/2020 18:00,N/A,N/A
10/10/2020 19:00,N/A,N/A
10/10/2020 20:00,N/A,N/A
10/10/2020 21:00,N/A,N/A
10/10/2020 22:00,N/A,N/A
10/10/2020 23:00,N/A,N/A
10/11/2020 0:00,N/A,N/A
10/11/2020 1:00,N/A,N/A
10/11/2020 2:00,N/A,N/A
10/11/2020 3:00,N/A,N/A
10/11/2020 4:00,N/A,N/A
10/11/2020 5:00,N/A,N/A
10/11/2020 6:00,N/A,N/A
10/11/2020 7:00,N/A,N/A
10/11/2020 8:00,N/A,N/A
10/11/2020 9:00,N/A,N/A
10/11/2020 10:00,N/A,N/A
10/11/2020 11:00,N/A,N/A
10/11/2020 12:00,N/A,N/A
10/11/2020 13:00,N/A,N/A
10/11/2020 14:00,N/A,N/A
10/11/2020 15:00,N/A,N/A
10/11/2020 16:00,N/A,N/A
10/11/2020 17:00,N/A,N/A
10/11/2020 18:00,N/A,N/A
10/11/2020 19:00,N/A,N/A
10/11/2020 20:00,N/A,N/A
10/11/2020 21:00,N/A,N/A
10/11/2020 22:00,N/A,N/A
10/11/2020 23:00,N/A,N/A
10/12/2020 0:00,N/A,N/A
10/12/2020 1:00,N/A,N/A
10/12/2020 2:00,N/A,N/A
10/12/2020 3:00,N/A,N/A
10/12/2020 4:00,N/A,N/A
10/12/2020 5:00,N/A,N/A
10/12/2020 6:00,N/A,N/A
10/12/2020 7:00,N/A,N/A
10/12/2020 8:00,N/A,N/A
10/12/2020 9:00,N/A,N/A
10/12/2020 10:00,N/A,N/A
10/12/2020 11:00,N/A,N/A
10/12/2020 12:00,N/A,N/A
10/12/2020 13:00,N/A,N/A
10/12/2020 14:00,N/A,N/A
10/12/2020 15:00,N/A,N/A
10/12/2020 16:00,N/A,N/A
10/12/2020 17:00,N/A,N/A
10/12/2020 18:00,N/A,N/A
10/12/2020 19:00,N/A,N/A
10/12/2020 20:00,N/A,N/A
10/12/2020 21:00,N/A,N/A
10/12/2020 22:00,N/A,N/A
10/12/2020 23:00,N/A,N/A
10/13/2020 0:00,N/A,N/A
10/13/2020 1:00,N/A,N/A
10/13/2020 2:00,N/A,N/A
10/13/2020 3:00,N/A,N/A
10/13/2020 4:00,N/A,N/A
10/13/2020 5:00,N/A,N/A
10/13/2020 6:00,N/A,N/A
10/13/2020 7:00,N/A,N/A
10/13/2020 8:00,N/A,N/A
10/13/2020 9:00,N/A,N/A
10/13/2020 10:00,N/A,N/A
10/13/2020 11:00,N/A,N/A
10/13/2020 12:00,N/A,N/A
10/13/2020 13:00,N/A,N/A
10/13/2020 14:00,N/A,N/A
10/13/2020 15:00,N/A,N/A
10/13/2020 16:00,N/A,N/A
10/13/2020 17:00,N/A,N/A
10/13/2020 18:00,N/A,N/A
10/13/2020 19:00,N/A,N/A
10/13/2020 20:00,N/A,N/A
10/13/2020 21:00,N/A,N/A
10/13/2020 22:00,N/A,N/A
10/13/2020 23:00,N/A,N/A
10/14/2020 0:00,N/A,N/A
10/14/2020 1:00,N/A,N/A
10/14/2020 2:00,N/A,N/A
10/14/2020 3:00,N/A,N/A
10/14/2020 4:00,N/A,N/A
10/14/2020 5:00,N/A,N/A
10/14/2020 6:00,N/A,N/A
10/14/2020 7:00,N/A,N/A
10/14/2020 8:00,N/A,N/A
10/14/2020 9:00,N/A,N/A
10/14/2020 10:00,N/A,N/A
10/14/2020 11:00,N/A,N/A
10/14/2020 12:00,N/A,N/A
10/14/2020 13:00,N/A,N/A
10/14/2020 14:00,N/A,N/A
10/14/2020 15:00,N/A,N/A
10/14/2020 16:00,N/A,N/A
10/14/2020 17:00,N/A,N/A
10/14/2020 18:00,N/A,N/A
10/14/2020 19:00,N/A,N/A
10/14/2020 20:00,N/A,N/A
10/14/2020 21:00,N/A,N/A
10/14/2020 22:00,N/A,N/A
10/14/2020 23:00,N/A,N/A
10/15/2020 0:00,N/A,N/A
10/15/2020 1:00,N/A,N/A
10/15/2020 2:00,N/A,N/A
10/15/2020 3:00,N/A,N/A
10/15/2020 4:00,N/A,N/A
10/15/2020 5:00,N/A,N/A
10/15/2020 6:00,N/A,N/A
10/15/2020 7:00,N/A,N/A
10/15/2020 8:00,N/A,N/A
10/15/2020 9:00,N/A,N/A
10/15/2020 10:00,N/A,N/A
10/15/2020 11:00,N/A,N/A
10/15/2020 12:00,N/A,N/A
10/15/2020 13:00,N/A,N/A
10/15/2020 14:00,N/A,N/A
10/15/2020 15:00,N/A,N/A
10/15/2020 16:00,N/A,N/A
10/15/2020 17:00,N/A,N/A
10/15/2020 18:00,N/A,N/A
10/15/2020 19:00,N/A,N/A
10/15/2020 20:00,N/A,N/A
10/15/2020 21:00,N/A,N/A
10/15/2020 22:00,N/A,N/A
10/15/2020 23:00,N/A,N/A
10/16/2020 0:00,N/A,N/A
10/16/2020 1:00,N/A,N/A
10/16/2020 2:00,N/A,N/A
10/16/2020 3:00,N/A,N/A
10/16/2020 4:00,N/A,N/A
10/16/2020 5:00,N/A,N/A
10/16/2020 6:00,N/A,N/A
10/16/2020 7:00,N/A,N/A
10/16/2020 8:00,N/A,N/A
10/16/2020 9:00,N/A,N/A
10/16/2020 10:00,N/A,N/A
10/16/2020 11:00,N/A,N/A
10/16/2020 12:00,N/A,N/A
10/16/2020 13:00,N/A,N/A
10/16/2020 14:00,N/A,N/A
10/16/2020 15:00,N/A,N/A
10/16/2020 16:00,N/A,N/A
10/16/2020 17:00,N/A,N/A
10/16/2020 18:00,N/A,N/A
10/16/2020 19:00,N/A,N/A
10/16/2020 20:00,N/A,N/A
10/16/2020 21:00,N/A,N/A
10/16/2020 22:00,N/A,N/A
10/16/2020 23:00,N/A,N/A
10/17/2020 0:00,N/A,N/A
10/17/2020 1:00,N/A,N/A
10/17/2020 2:00,N/A,N/A
10/17/2020 3:00,N/A,N/A
10/17/2020 4:00,N/A,N/A
10/17/2020 5:00,N/A,N/A
10/17/2020 6:00,N/A,N/A
10/17/2020 7:00,N/A,N/A
10/17/2020 8:00,N/A,N/A
10/17/2020 9:00,N/A,N/A
10/17/2020 10:00,N/A,N/A
10/17/2020 11:00,N/A,N/A
10/17/2020 12:00,N/A,N/A
10/17/2020 13:00,N/A,N/A
10/17/2020 14:00,N/A,N/A
10/17/2020 15:00,N/A,N/A
10/17/2020 16:00,N/A,N/A
10/17/2020 17:00,N/A,N/A
10/17/2020 18:00,N/A,N/A
10/17/2020 19:00,N/A,N/A
10/17/2020 20:00,N/A,N/A
10/17/2020 21:00,N/A,N/A
10/17/2020 22:00,N/A,N/A
10/17/2020 23:00,N/A,N/A
10/18/2020 0:00,N/A,N/A
10/18/2020 1:00,N/A,N/A
10/18/2020 2:00,N/A,N/A
10/18/2020 3:00,N/A,N/A
10/18/2020 4:00,N/A,N/A
10/18/2020 5:00,N/A,N/A
10/18/2020 6:00,N/A,N/A
10/18/2020 7:00,N/A,N/A
10/18/2020 8:00,N/A,N/A
10/18/2020 9:00,N/A,N/A
10/18/2020 10:00,N/A,N/A
10/18/2020 11:00,N/A,N/A
10/18/2020 12:00,N/A,N/A
10/18/2020 13:00,N/A,N/A
10/18/2020 14:00,N/A,N/A
10/18/2020 15:00,N/A,N/A
10/18/2020 16:00,N/A,N/A
10/18/2020 17:00,N/A,N/A
10/18/2020 18:00,N/A,N/A
10/18/2020 19:00,N/A,N/A
10/18/2020 20:00,N/A,N/A
10/18/2020 21:00,N/A,N/A
10/18/2020 22:00,N/A,N/A
10/18/2020 23:00,N/A,N/A
10/19/2020 0:00,N/A,N/A
10/19/2020 1:00,N/A,N/A
10/19/2020 2:00,N/A,N/A
10/19/2020 3:00,N/A,N/A
10/19/2020 4:00,N/A,N/A
10/19/2020 5:00,N/A,N/A
10/19/2020 6:00,N/A,N/A
10/19/2020 7:00,N/A,N/A
10/19/2020 8:00,N/A,N/A
10/19/2020 9:00,N/A,N/A
10/19/2020 10:00,N/A,N/A
10/19/2020 11:00,N/A,N/A
10/19/2020 12:00,N/A,N/A
10/19/2020 13:00,N/A,N/A
10/19/2020 14:00,N/A,N/A
10/19/2020 15:00,N/A,N/A
10/19/2020 16:00,N/A,N/A
10/19/2020 17:00,N/A,N/A
10/19/2020 18:00,N/A,N/A
10/19/2020 19:00,N/A,N/A
10/19/2020 20:00,N/A,N/A
10/19/2020 21:00,N/A,N/A
10/19/2020 22:00,N/A,N/A
10/19/2020 23:00,N/A,N/A
10/20/2020 0:00,N/A,N/A
10/20/2020 1:00,N/A,N/A
10/20/2020 2:00,N/A,N/A
10/20/2020 3:00,N/A,N/A
10/20/2020 4:00,N/A,N/A
10/20/2020 5:00,N/A,N/A
10/20/2020 6:00,N/A,N/A
10/20/2020 7:00,N/A,N/A
10/20/2020 8:00,N/A,N/A
10/20/2020 9:00,N/A,N/A
10/20/2020 10:00,N/A,N/A
10/20/2020 11:00,N/A,N/A
10/20/2020 12:00,N/A,N/A
10/20/2020 13:00,N/A,N/A
10/20/2020 14:00,N/A,N/A
10/20/2020 15:00,N/A,N/A
10/20/2020 16:00,N/A,N/A
10/20/2020 17:00,N/A,N/A
10/20/2020 18:00,N/A,N/A
10/20/2020 19:00,N/A,N/A
10/20/2020 20:00,N/A,N/A
10/20/2020 21:00,N/A,N/A
10/20/2020 22:00,N/A,N/A
10/20/2020 23:00,N/A,N/A
10/21/2020 0:00,N/A,N/A
10/21/2020 1:00,N/A,N/A
10/21/2020 2:00,N/A,N/A
10/21/2020 3:00,N/A,N/A
10/21/2020 4:00,N/A,N/A
10/21/2020 5:00,N/A,N/A
10/21/2020 6:00,N/A,N/A
10/21/2020 7:00,N/A,N/A
10/21/2020 8:00,N/A,N/A
10/21/2020 9:00,N/A,N/A
10/21/2020 10:00,N/A,N/A
10/21/2020 11:00,N/A,N/A
10/21/2020 12:00,N/A,N/A
10/21/2020 13:00,N/A,N/A
10/21/2020 14:00,N/A,N/A
10/21/2020 15:00,N/A,N/A
10/21/2020 16:00,N/A,N/A
10/21/2020 17:00,N/A,N/A
10/21/2020 18:00,N/A,N/A
10/21/2020 19:00,N/A,N/A
10/21/2020 20:00,N/A,N/A
10/21/2020 21:00,N/A,N/A
10/21/2020 22:00,N/A,N/A
10/21/2020 23:00,N/A,N/A
10/22/2020 0:00,N/A,N/A
10/22/2020 1:00,N/A,N/A
10/22/2020 2:00,N/A,N/A
10/22/2020 3:00,N/A,N/A
10/22/2020 4:00,N/A,N/A
10/22/2020 5:00,N/A,N/A
10/22/2020 6:00,N/A,N/A
10/22/2020 7:00,N/A,N/A
10/22/2020 8:00,N/A,N/A
10/22/2020 9:00,N/A,N/A
10/22/2020 10:00,N/A,N/A
10/22/2020 11:00,N/A,N/A
10/22/2020 12:00,N/A,N/A
10/22/2020 13:00,N/A,N/A
10/22/2020 14:00,N/A,N/A
10/22/2020 15:00,N/A,N/A
10/22/2020 16:00,N/A,N/A
10/22/2020 17:00,N/A,N/A
10/22/2020 18:00,N/A,N/A
10/22/2020 19:00,N/A,N/A
10/22/2020 20:00,N/A,N/A
10/22/2020 21:00,N/A,N/A
10/22/2020 22:00,N/A,N/A
10/22/2020 23:00,N/A,N/A
10/23/2020 0:00,N/A,N/A
10/23/2020 1:00,N/A,N/A
10/23/2020 2:00,N/A,N/A
10/23/2020 3:00,N/A,N/A
10/23/2020 4:00,N/A,N/A
10/23/2020 5:00,N/A,N/A
10/23/2020 6:00,N/A,N/A
10/23/2020 7:00,N/A,N/A
10/23/2020 8:00,N/A,N/A
10/23/2020 9:00,N/A,N/A
10/23/2020 10:00,N/A,N/A
10/23/2020 11:00,N/A,N/A
10/23/2020 12:00,N/A,N/A
10/23/2020 13:00,N/A,N/A
10/23/2020 14:00,N/A,N/A
10/23/2020 15:00,N/A,N/A
10/23/2020 16:00,N/A,N/A
10/23/2020 17:00,N/A,N/A
10/23/2020 18:00,N/A,N/A
10/23/2020 19:00,N/A,N/A
10/23/2020 20:00,N/A,N/A
10/23/2020 21:00,N/A,N/A
10/23/2020 22:00,N/A,N/A
10/23/2020 23:00,N/A,N/A
10/24/2020 0:00,N/A,N/A
10/24/2020 1:00,N/A,N/A
10/24/2020 2:00,N/A,N/A
10/24/2020 3:00,N/A,N/A
10/24/2020 4:00,N/A,N/A
10/24/2020 5:00,N/A,N/A
10/24/2020 6:00,N/A,N/A
10/24/2020 7:00,N/A,N/A
10/24/2020 8:00,N/A,N/A
10/24/2020 9:00,N/A,N/A
10/24/2020 10:00,N/A,N/A
10/24/2020 11:00,N/A,N/A
10/24/2020 12:00,N/A,N/A
10/24/2020 13:00,N/A,N/A
10/24/2020 14:00,N/A,N/A
10/24/2020 15:00,N/A,N/A
10/24/2020 16:00,N/A,N/A
10/24/2020 17:00,N/A,N/A
10/24/2020 18:00,N/A,N/A
10/24/2020 19:00,N/A,N/A
10/24/2020 20:00,N/A,N/A
10/24/2020 21:00,N/A,N/A
10/24/2020 22:00,N/A,N/A
10/24/2020 23:00,N/A,N/A
10/25/2020 0:00,N/A,N/A
10/25/2020 1:00,N/A,N/A
10/25/2020 2:00,N/A,N/A
10/25/2020 3:00,N/A,N/A
10/25/2020 4:00,N/A,N/A
10/25/2020 5:00,N/A,N/A
10/25/2020 6:00,N/A,N/A
10/25/2020 7:00,N/A,N/A
10/25/2020 8:00,N/A,N/A
10/25/2020 9:00,N/A,N/A
10/25/2020 10:00,N/A,N/A
10/25/2020 11:00,N/A,N/A
10/25/2020 12:00,N/A,N/A
10/25/2020 13:00,N/A,N/A
10/25/2020 14:00,N/A,N/A
10/25/2020 15:00,N/A,N/A
10/25/2020 16:00,N/A,N/A
10/25/2020 17:00,N/A,N/A
10/25/2020 18:00,N/A,N/A
10/25/2020 19:00,N/A,N/A
10/25/2020 20:00,N/A,N/A
10/25/2020 21:00,N/A,N/A
10/25/2020 22:00,N/A,N/A
10/25/2020 23:00,N/A,N/A
10/26/2020 0:00,N/A,N/A
10/26/2020 1:00,N/A,N/A
10/26/2020 2:00,N/A,N/A
10/26/2020 3:00,N/A,N/A
10/26/2020 4:00,N/A,N/A
10/26/2020 5:00,N/A,N/A
10/26/2020 6:00,N/A,N/A
10/26/2020 7:00,N/A,N/A
10/26/2020 8:00,N/A,N/A
10/26/2020 9:00,N/A,N/A
10/26/2020 10:00,N/A,N/A
10/26/2020 11:00,N/A,N/A
10/26/2020 12:00,N/A,N/A
10/26/2020 13:00,N/A,N/A
10/26/2020 14:00,N/A,N/A
10/26/2020 15:00,N/A,N/A
10/26/2020 16:00,N/A,N/A
10/26/2020 17:00,N/A,N/A
10/26/2020 18:00,N/A,N/A
10/26/2020 19:00,N/A,N/A
10/26/2020 20:00,N/A,N/A
10/26/2020 21:00,N/A,N/A
10/26/2020 22:00,N/A,N/A
10/26/2020 23:00,N/A,N/A
10/27/2020 0:00,N/A,N/A
10/27/2020 1:00,N/A,N/A
10/27/2020 2:00,N/A,N/A
10/27/2020 3:00,N/A,N/A
10/27/2020 4:00,N/A,N/A
10/27/2020 5:00,N/A,N/A
10/27/2020 6:00,N/A,N/A
10/27/2020 7:00,N/A,N/A
10/27/2020 8:00,N/A,N/A
10/27/2020 9:00,N/A,N/A
10/27/2020 10:00,N/A,N/A
10/27/2020 11:00,N/A,N/A
10/27/2020 12:00,N/A,N/A
10/27/2020 13:00,N/A,N/A
10/27/2020 14:00,N/A,N/A
10/27/2020 15:00,N/A,N/A
10/27/2020 16:00,N/A,N/A
10/27/2020 17:00,N/A,N/A
10/27/2020 18:00,N/A,N/A
10/27/2020 19:00,N/A,N/A
10/27/2020 20:00,N/A,N/A
10/27/2020 21:00,N/A,N/A
10/27/2020 22:00,N/A,N/A
10/27/2020 23:00,N/A,N/A
10/28/2020 0:00,N/A,N/A
10/28/2020 1:00,N/A,N/A
10/28/2020 2:00,N/A,N/A
10/28/2020 3:00,N/A,N/A
10/28/2020 4:00,N/A,N/A
10/28/2020 5:00,N/A,N/A
10/28/2020 6:00,N/A,N/A
10/28/2020 7:00,N/A,N/A
10/28/2020 8:00,N/A,N/A
10/28/2020 9:00,N/A,N/A
10/28/2020 10:00,N/A,N/A
10/28/2020 11:00,N/A,N/A
10/28/2020 12:00,N/A,N/A
10/28/2020 13:00,N/A,N/A
10/28/2020 14:00,N/A,N/A
10/28/2020 15:00,N/A,N/A
10/28/2020 16:00,N/A,N/A
10/28/2020 17:00,N/A,N/A
10/28/2020 18:00,N/A,N/A
10/28/2020 19:00,N/A,N/A
10/28/2020 20:00,N/A,N/A
10/28/2020 21:00,N/A,N/A
10/28/2020 22:00,N/A,N/A
10/28/2020 23:00,N/A,N/A
10/29/2020 0:00,N/A,N/A
10/29/2020 1:00,N/A,N/A
10/29/2020 2:00,N/A,N/A
10/29/2020 3:00,N/A,N/A
10/29/2020 4:00,N/A,N/A
10/29/2020 5:00,N/A,N/A
10/29/2020 6:00,N/A,N/A
10/29/2020 7:00,N/A,N/A
10/29/2020 8:00,N/A,N/A
10/29/2020 9:00,N/A,N/A
10/29/2020 10:00,N/A,N/A
10/29/2020 11:00,N/A,N/A
10/29/2020 12:00,N/A,N/A
10/29/2020 13:00,N/A,N/A
10/29/2020 14:00,N/A,N/A
10/29/2020 15:00,N/A,N/A
10/29/2020 16:00,N/A,N/A
10/29/2020 17:00,N/A,N/A
10/29/2020 18:00,N/A,N/A
10/29/2020 19:00,N/A,N/A
10/29/2020 20:00,N/A,N/A
10/29/2020 21:00,N/A,N/A
10/29/2020 22:00,N/A,N/A
10/29/2020 23:00,N/A,N/A
10/30/2020 0:00,N/A,N/A
10/30/2020 1:00,N/A,N/A
10/30/2020 2:00,N/A,N/A
10/30/2020 3:00,N/A,N/A
10/30/2020 4:00,N/A,N/A
10/30/2020 5:00,N/A,N/A
10/30/2020 6:00,N/A,N/A
10/30/2020 7:00,N/A,N/A
10/30/2020 8:00,N/A,N/A
10/30/2020 9:00,N/A,N/A
10/30/2020 10:00,N/A,N/A
10/30/2020 11:00,N/A,N/A
10/30/2020 12:00,N/A,N/A
10/30/2020 13:00,N/A,N/A
10/30/2020 14:00,N/A,N/A
10/30/2020 15:00,N/A,N/A
10/30/2020 16:00,N/A,N/A
10/30/2020 17:00,N/A,N/A
10/30/2020 18:00,N/A,N/A
10/30/2020 19:00,N/A,N/A
10/30/2020 20:00,N/A,N/A
10/30/2020 21:00,N/A,N/A
10/30/2020 22:00,N/A,N/A
10/30/2020 23:00,N/A,N/A
10/31/2020 0:00,N/A,N/A
10/31/2020 1:00,N/A,N/A
10/31/2020 2:00,N/A,N/A
10/31/2020 3:00,N/A,N/A
10/31/2020 4:00,N/A,N/A
10/31/2020 5:00,N/A,N/A
10/31/2020 6:00,N/A,N/A
10/31/2020 7:00,N/A,N/A
10/31/2020 8:00,N/A,N/A
10/31/2020 9:00,N/A,N/A
10/31/2020 10:00,N/A,N/A
10/31/2020 11:00,N/A,N/A
10/31/2020 12:00,N/A,N/A
10/31/2020 13:00,N/A,N/A
10/31/2020 14:00,N/A,N/A
10/31/2020 15:00,N/A,N/A
10/31/2020 16:00,N/A,N/A
10/31/2020 17:00,N/A,N/A
10/31/2020 18:00,N/A,N/A
10/31/2020 19:00,N/A,N/A
10/31/2020 20:00,N/A,N/A
10/31/2020 21:00,N/A,N/A
10/31/2020 22:00,N/A,N/A
10/31/2020 23:00,N/A,N/A
11/1/2020 0:00,N/A,N/A
11/1/2020 1:00,N/A,N/A
11/1/2020 2:00,N/A,N/A
11/1/2020 3:00,N/A,N/A
11/1/2020 4:00,N/A,N/A
11/1/2020 5:00,N/A,N/A
11/1/2020 6:00,N/A,N/A
11/1/2020 7:00,N/A,N/A
11/1/2020 8:00,N/A,N/A
11/1/2020 9:00,N/A,N/A
11/1/2020 10:00,N/A,N/A
11/1/2020 11:00,N/A,N/A
11/1/2020 12:00,N/A,N/A
11/1/2020 13:00,N/A,N/A
11/1/2020 14:00,N/A,N/A
11/1/2020 15:00,N/A,N/A
11/1/2020 16:00,N/A,N/A
11/1/2020 17:00,N/A,N/A
11/1/2020 18:00,N/A,N/A
11/1/2020 19:00,N/A,N/A
11/1/2020 20:00,N/A,N/A
11/1/2020 21:00,N/A,N/A
11/1/2020 22:00,N/A,N/A
11/1/2020 23:00,N/A,N/A
11/2/2020 0:00,N/A,N/A
11/2/2020 1:00,N/A,N/A
11/2/2020 2:00,N/A,N/A
11/2/2020 3:00,N/A,N/A
11/2/2020 4:00,N/A,N/A
11/2/2020 5:00,N/A,N/A
11/2/2020 6:00,N/A,N/A
11/2/2020 7:00,N/A,N/A
11/2/2020 8:00,N/A,N/A
11/2/2020 9:00,N/A,N/A
11/2/2020 10:00,N/A,N/A
11/2/2020 11:00,N/A,N/A
11/2/2020 12:00,N/A,N/A
11/2/2020 13:00,N/A,N/A
11/2/2020 14:00,N/A,N/A
11/2/2020 15:00,N/A,N/A
11/2/2020 16:00,N/A,N/A
11/2/2020 17:00,N/A,N/A
11/2/2020 18:00,N/A,N/A
11/2/2020 19:00,N/A,N/A
11/2/2020 20:00,N/A,N/A
11/2/2020 21:00,N/A,N/A
11/2/2020 22:00,N/A,N/A
11/2/2020 23:00,N/A,N/A
11/3/2020 0:00,N/A,N/A
11/3/2020 1:00,N/A,N/A
11/3/2020 2:00,N/A,N/A
11/3/2020 3:00,N/A,N/A
11/3/2020 4:00,N/A,N/A
11/3/2020 5:00,N/A,N/A
11/3/2020 6:00,N/A,N/A
11/3/2020 7:00,N/A,N/A
11/3/2020 8:00,N/A,N/A
11/3/2020 9:00,N/A,N/A
11/3/2020 10:00,N/A,N/A
11/3/2020 11:00,N/A,N/A
11/3/2020 12:00,N/A,N/A
11/3/2020 13:00,N/A,N/A
11/3/2020 14:00,N/A,N/A
11/3/2020 15:00,N/A,N/A
11/3/2020 16:00,N/A,N/A
11/3/2020 17:00,N/A,N/A
11/3/2020 18:00,N/A,N/A
11/3/2020 19:00,N/A,N/A
11/3/2020 20:00,N/A,N/A
11/3/2020 21:00,N/A,N/A
11/3/2020 22:00,N/A,N/A
11/3/2020 23:00,N/A,N/A
11/4/2020 0:00,N/A,N/A
11/4/2020 1:00,N/A,N/A
11/4/2020 2:00,N/A,N/A
11/4/2020 3:00,N/A,N/A
11/4/2020 4:00,N/A,N/A
11/4/2020 5:00,N/A,N/A
11/4/2020 6:00,N/A,N/A
11/4/2020 7:00,N/A,N/A
11/4/2020 8:00,N/A,N/A
11/4/2020 9:00,N/A,N/A
11/4/2020 10:00,N/A,N/A
11/4/2020 11:00,N/A,N/A
11/4/2020 12:00,N/A,N/A
11/4/2020 13:00,N/A,N/A
11/4/2020 14:00,N/A,N/A
11/4/2020 15:00,N/A,N/A
11/4/2020 16:00,N/A,N/A
11/4/2020 17:00,N/A,N/A
11/4/2020 18:00,N/A,N/A
11/4/2020 19:00,N/A,N/A
11/4/2020 20:00,N/A,N/A
11/4/2020 21:00,N/A,N/A
11/4/2020 22:00,N/A,N/A
11/4/2020 23:00,N/A,N/A
11/5/2020 0:00,N/A,N/A
11/5/2020 1:00,N/A,N/A
11/5/2020 2:00,N/A,N/A
11/5/2020 3:00,N/A,N/A
11/5/2020 4:00,N/A,N/A
11/5/2020 5:00,N/A,N/A
11/5/2020 6:00,N/A,N/A
11/5/2020 7:00,N/A,N/A
11/5/2020 8:00,N/A,N/A
11/5/2020 9:00,N/A,N/A
11/5/2020 10:00,N/A,N/A
11/5/2020 11:00,N/A,N/A
11/5/2020 12:00,N/A,N/A
11/5/2020 13:00,N/A,N/A
11/5/2020 14:00,N/A,N/A
11/5/2020 15:00,N/A,N/A
11/5/2020 16:00,N/A,N/A
11/5/2020 17:00,N/A,N/A
11/5/2020 18:00,N/A,N/A
11/5/2020 19:00,N/A,N/A
11/5/2020 20:00,N/A,N/A
11/5/2020 21:00,N/A,N/A
11/5/2020 22:00,N/A,N/A
11/5/2020 23:00,N/A,N/A
11/6/2020 0:00,N/A,N/A
11/6/2020 1:00,N/A,N/A
11/6/2020 2:00,N/A,N/A
11/6/2020 3:00,N/A,N/A
11/6/2020 4:00,N/A,N/A
11/6/2020 5:00,N/A,N/A
11/6/2020 6:00,N/A,N/A
11/6/2020 7:00,N/A,N/A
11/6/2020 8:00,N/A,N/A
11/6/2020 9:00,N/A,N/A
11/6/2020 10:00,N/A,N/A
11/6/2020 11:00,N/A,N/A
11/6/2020 12:00,N/A,N/A
11/6/2020 13:00,N/A,N/A
11/6/2020 14:00,N/A,N/A
11/6/2020 15:00,N/A,N/A
11/6/2020 16:00,N/A,N/A
11/6/2020 17:00,N/A,N/A
11/6/2020 18:00,N/A,N/A
11/6/2020 19:00,N/A,N/A
11/6/2020 20:00,N/A,N/A
11/6/2020 21:00,N/A,N/A
11/6/2020 22:00,N/A,N/A
11/6/2020 23:00,N/A,N/A
11/7/2020 0:00,N/A,N/A
11/7/2020 1:00,N/A,N/A
11/7/2020 2:00,N/A,N/A
11/7/2020 3:00,N/A,N/A
11/7/2020 4:00,N/A,N/A
11/7/2020 5:00,N/A,N/A
11/7/2020 6:00,N/A,N/A
11/7/2020 7:00,N/A,N/A
11/7/2020 8:00,N/A,N/A
11/7/2020 9:00,N/A,N/A
11/7/2020 10:00,N/A,N/A
11/7/2020 11:00,N/A,N/A
11/7/2020 12:00,N/A,N/A
11/7/2020 13:00,N/A,N/A
11/7/2020 14:00,N/A,N/A
11/7/2020 15:00,N/A,N/A
11/7/2020 16:00,N/A,N/A
11/7/2020 17:00,N/A,N/A
11/7/2020 18:00,N/A,N/A
11/7/2020 19:00,N/A,N/A
11/7/2020 20:00,N/A,N/A
11/7/2020 21:00,N/A,N/A
11/7/2020 22:00,N/A,N/A
11/7/2020 23:00,N/A,N/A
11/8/2020 0:00,N/A,N/A
11/8/2020 1:00,N/A,N/A
11/8/2020 2:00,N/A,N/A
11/8/2020 3:00,N/A,N/A
11/8/2020 4:00,N/A,N/A
11/8/2020 5:00,N/A,N/A
11/8/2020 6:00,N/A,N/A
11/8/2020 7:00,N/A,N/A
11/8/2020 8:00,N/A,N/A
11/8/2020 9:00,N/A,N/A
11/8/2020 10:00,N/A,N/A
11/8/2020 11:00,N/A,N/A
11/8/2020 12:00,N/A,N/A
11/8/2020 13:00,N/A,N/A
11/8/2020 14:00,N/A,N/A
11/8/2020 15:00,N/A,N/A
11/8/2020 16:00,N/A,N/A
11/8/2020 17:00,N/A,N/A
11/8/2020 18:00,N/A,N/A
11/8/2020 19:00,N/A,N/A
11/8/2020 20:00,N/A,N/A
11/8/2020 21:00,N/A,N/A
11/8/2020 22:00,N/A,N/A
11/8/2020 23:00,N/A,N/A
11/9/2020 0:00,N/A,N/A
11/9/2020 1:00,N/A,N/A
11/9/2020 2:00,N/A,N/A
11/9/2020 3:00,N/A,N/A
11/9/2020 4:00,N/A,N/A
11/9/2020 5:00,N/A,N/A
11/9/2020 6:00,N/A,N/A
11/9/2020 7:00,N/A,N/A
11/9/2020 8:00,N/A,N/A
11/9/2020 9:00,N/A,N/A
11/9/2020 10:00,N/A,N/A
11/9/2020 11:00,N/A,N/A
11/9/2020 12:00,N/A,N/A
11/9/2020 13:00,N/A,N/A
11/9/2020 14:00,N/A,N/A
11/9/2020 15:00,N/A,N/A
11/9/2020 16:00,N/A,N/A
11/9/2020 17:00,N/A,N/A
11/9/2020 18:00,N/A,N/A
11/9/2020 19:00,N/A,N/A
11/9/2020 20:00,N/A,N/A
11/9/2020 21:00,N/A,N/A
11/9/2020 22:00,N/A,N/A
11/9/2020 23:00,N/A,N/A
11/10/2020 0:00,N/A,N/A
11/10/2020 1:00,N/A,N/A
11/10/2020 2:00,N/A,N/A
11/10/2020 3:00,N/A,N/A
11/10/2020 4:00,N/A,N/A
11/10/2020 5:00,N/A,N/A
11/10/2020 6:00,N/A,N/A
11/10/2020 7:00,N/A,N/A
11/10/2020 8:00,N/A,N/A
11/10/2020 9:00,N/A,N/A
11/10/2020 10:00,N/A,N/A
11/10/2020 11:00,N/A,N/A
11/10/2020 12:00,N/A,N/A
11/10/2020 13:00,N/A,N/A
11/10/2020 14:00,N/A,N/A
11/10/2020 15:00,N/A,N/A
11/10/2020 16:00,N/A,N/A
11/10/2020 17:00,N/A,N/A
11/10/2020 18:00,N/A,N/A
11/10/2020 19:00,N/A,N/A
11/10/2020 20:00,N/A,N/A
11/10/2020 21:00,N/A,N/A
11/10/2020 22:00,N/A,N/A
11/10/2020 23:00,N/A,N/A
11/11/2020 0:00,N/A,N/A
11/11/2020 1:00,N/A,N/A
11/11/2020 2:00,N/A,N/A
11/11/2020 3:00,N/A,N/A
11/11/2020 4:00,N/A,N/A
11/11/2020 5:00,N/A,N/A
11/11/2020 6:00,N/A,N/A
11/11/2020 7:00,N/A,N/A
11/11/2020 8:00,N/A,N/A
11/11/2020 9:00,N/A,N/A
11/11/2020 10:00,N/A,N/A
11/11/2020 11:00,N/A,N/A
11/11/2020 12:00,N/A,N/A
11/11/2020 13:00,N/A,N/A
11/11/2020 14:00,N/A,N/A
11/11/2020 15:00,N/A,N/A
11/11/2020 16:00,N/A,N/A
11/11/2020 17:00,N/A,N/A
11/11/2020 18:00,N/A,N/A
11/11/2020 19:00,N/A,N/A
11/11/2020 20:00,N/A,N/A
11/11/2020 21:00,N/A,N/A
11/11/2020 22:00,N/A,N/A
11/11/2020 23:00,N/A,N/A
11/12/2020 0:00,N/A,N/A
11/12/2020 1:00,N/A,N/A
11/12/2020 2:00,N/A,N/A
11/12/2020 3:00,N/A,N/A
11/12/2020 4:00,N/A,N/A
11/12/2020 5:00,N/A,N/A
11/12/2020 6:00,N/A,N/A
11/12/2020 7:00,N/A,N/A
11/12/2020 8:00,N/A,N/A
11/12/2020 9:00,N/A,N/A
11/12/2020 10:00,N/A,N/A
11/12/2020 11:00,N/A,N/A
11/12/2020 12:00,N/A,N/A
11/12/2020 13:00,N/A,N/A
11/12/2020 14:00,N/A,N/A
11/12/2020 15:00,N/A,N/A
11/12/2020 16:00,N/A,N/A
11/12/2020 17:00,N/A,N/A
11/12/2020 18:00,N/A,N/A
11/12/2020 19:00,N/A,N/A
11/12/2020 20:00,N/A,N/A
11/12/2020 21:00,N/A,N/A
11/12/2020 22:00,N/A,N/A
11/12/2020 23:00,N/A,N/A
11/13/2020 0:00,N/A,N/A
11/13/2020 1:00,N/A,N/A
11/13/2020 2:00,N/A,N/A
11/13/2020 3:00,N/A,N/A
11/13/2020 4:00,N/A,N/A
11/13/2020 5:00,N/A,N/A
11/13/2020 6:00,N/A,N/A
11/13/2020 7:00,N/A,N/A
11/13/2020 8:00,N/A,N/A
11/13/2020 9:00,N/A,N/A
11/13/2020 10:00,N/A,N/A
11/13/2020 11:00,N/A,N/A
11/13/2020 12:00,N/A,N/A
11/13/2020 13:00,N/A,N/A
11/13/2020 14:00,N/A,N/A
11/13/2020 15:00,N/A,N/A
11/13/2020 16:00,N/A,N/A
11/13/2020 17:00,N/A,N/A
11/13/2020 18:00,N/A,N/A
11/13/2020 19:00,N/A,N/A
11/13/2020 20:00,N/A,N/A
11/13/2020 21:00,N/A,N/A
11/13/2020 22:00,N/A,N/A
11/13/2020 23:00,N/A,N/A
11/14/2020 0:00,N/A,N/A
11/14/2020 1:00,N/A,N/A
11/14/2020 2:00,N/A,N/A
11/14/2020 3:00,N/A,N/A
11/14/2020 4:00,N/A,N/A
11/14/2020 5:00,N/A,N/A
11/14/2020 6:00,N/A,N/A
11/14/2020 7:00,N/A,N/A
11/14/2020 8:00,N/A,N/A
11/14/2020 9:00,N/A,N/A
11/14/2020 10:00,N/A,N/A
11/14/2020 11:00,N/A,N/A
11/14/2020 12:00,N/A,N/A
11/14/2020 13:00,N/A,N/A
11/14/2020 14:00,N/A,N/A
11/14/2020 15:00,N/A,N/A
11/14/2020 16:00,N/A,N/A
11/14/2020 17:00,N/A,N/A
11/14/2020 18:00,N/A,N/A
11/14/2020 19:00,N/A,N/A
11/14/2020 20:00,N/A,N/A
11/14/2020 21:00,N/A,N/A
11/14/2020 22:00,N/A,N/A
11/14/2020 23:00,N/A,N/A
11/15/2020 0:00,N/A,N/A
11/15/2020 1:00,N/A,N/A
11/15/2020 2:00,N/A,N/A
11/15/2020 3:00,N/A,N/A
11/15/2020 4:00,N/A,N/A
11/15/2020 5:00,N/A,N/A
11/15/2020 6:00,N/A,N/A
11/15/2020 7:00,N/A,N/A
11/15/2020 8:00,N/A,N/A
11/15/2020 9:00,N/A,N/A
11/15/2020 10:00,N/A,N/A
11/15/2020 11:00,N/A,N/A
11/15/2020 12:00,N/A,N/A
11/15/2020 13:00,N/A,N/A
11/15/2020 14:00,N/A,N/A
11/15/2020 15:00,N/A,N/A
11/15/2020 16:00,N/A,N/A
11/15/2020 17:00,N/A,N/A
11/15/2020 18:00,N/A,N/A
11/15/2020 19:00,N/A,N/A
11/15/2020 20:00,N/A,N/A
11/15/2020 21:00,N/A,N/A
11/15/2020 22:00,N/A,N/A
11/15/2020 23:00,N/A,N/A
11/16/2020 0:00,N/A,N/A
11/16/2020 1:00,N/A,N/A
11/16/2020 2:00,N/A,N/A
11/16/2020 3:00,N/A,N/A
11/16/2020 4:00,N/A,N/A
11/16/2020 5:00,N/A,N/A
11/16/2020 6:00,N/A,N/A
11/16/2020 7:00,N/A,N/A
11/16/2020 8:00,N/A,N/A
11/16/2020 9:00,N/A,N/A
11/16/2020 10:00,N/A,N/A
11/16/2020 11:00,N/A,N/A
11/16/2020 12:00,N/A,N/A
11/16/2020 13:00,N/A,N/A
11/16/2020 14:00,N/A,N/A
11/16/2020 15:00,N/A,N/A
11/16/2020 16:00,N/A,N/A
11/16/2020 17:00,N/A,N/A
11/16/2020 18:00,N/A,N/A
11/16/2020 19:00,N/A,N/A
11/16/2020 20:00,N/A,N/A
11/16/2020 21:00,N/A,N/A
11/16/2020 22:00,N/A,N/A
11/16/2020 23:00,N/A,N/A
11/17/2020 0:00,N/A,N/A
11/17/2020 1:00,N/A,N/A
11/17/2020 2:00,N/A,N/A
11/17/2020 3:00,N/A,N/A
11/17/2020 4:00,N/A,N/A
11/17/2020 5:00,N/A,N/A
11/17/2020 6:00,N/A,N/A
11/17/2020 7:00,N/A,N/A
11/17/2020 8:00,N/A,N/A
11/17/2020 9:00,N/A,N/A
11/17/2020 10:00,N/A,N/A
11/17/2020 11:00,N/A,N/A
11/17/2020 12:00,N/A,N/A
11/17/2020 13:00,N/A,N/A
11/17/2020 14:00,N/A,N/A
11/17/2020 15:00,N/A,N/A
11/17/2020 16:00,N/A,N/A
11/17/2020 17:00,N/A,N/A
11/17/2020 18:00,N/A,N/A
11/17/2020 19:00,N/A,N/A
11/17/2020 20:00,N/A,N/A
11/17/2020 21:00,N/A,N/A
11/17/2020 22:00,N/A,N/A
11/17/2020 23:00,N/A,N/A
11/18/2020 0:00,N/A,N/A
11/18/2020 1:00,N/A,N/A
11/18/2020 2:00,N/A,N/A
11/18/2020 3:00,N/A,N/A
11/18/2020 4:00,N/A,N/A
11/18/2020 5:00,N/A,N/A
11/18/2020 6:00,N/A,N/A
11/18/2020 7:00,N/A,N/A
11/18/2020 8:00,N/A,N/A
11/18/2020 9:00,N/A,N/A
11/18/2020 10:00,N/A,N/A
11/18/2020 11:00,N/A,N/A
11/18/2020 12:00,N/A,N/A
11/18/2020 13:00,N/A,N/A
11/18/2020 14:00,N/A,N/A
11/18/2020 15:00,N/A,N/A
11/18/2020 16:00,N/A,N/A
11/18/2020 17:00,N/A,N/A
11/18/2020 18:00,N/A,N/A
11/18/2020 19:00,N/A,N/A
11/18/2020 20:00,N/A,N/A
11/18/2020 21:00,N/A,N/A
11/18/2020 22:00,N/A,N/A
11/18/2020 23:00,N/A,N/A
11/19/2020 0:00,N/A,N/A
11/19/2020 1:00,N/A,N/A
11/19/2020 2:00,N/A,N/A
11/19/2020 3:00,N/A,N/A
11/19/2020 4:00,N/A,N/A
11/19/2020 5:00,N/A,N/A
11/19/2020 6:00,N/A,N/A
11/19/2020 7:00,N/A,N/A
11/19/2020 8:00,N/A,N/A
11/19/2020 9:00,N/A,N/A
11/19/2020 10:00,N/A,N/A
11/19/2020 11:00,N/A,N/A
11/19/2020 12:00,N/A,N/A
11/19/2020 13:00,N/A,N/A
11/19/2020 14:00,N/A,N/A
11/19/2020 15:00,N/A,N/A
11/19/2020 16:00,N/A,N/A
11/19/2020 17:00,N/A,N/A
11/19/2020 18:00,N/A,N/A
11/19/2020 19:00,N/A,N/A
11/19/2020 20:00,N/A,N/A
11/19/2020 21:00,N/A,N/A
11/19/2020 22:00,N/A,N/A
11/19/2020 23:00,N/A,N/A
11/20/2020 0:00,N/A,N/A
11/20/2020 1:00,N/A,N/A
11/20/2020 2:00,N/A,N/A
11/20/2020 3:00,N/A,N/A
11/20/2020 4:00,N/A,N/A
11/20/2020 5:00,N/A,N/A
11/20/2020 6:00,N/A,N/A
11/20/2020 7:00,N/A,N/A
11/20/2020 8:00,N/A,N/A
11/20/2020 9:00,N/A,N/A
11/20/2020 10:00,N/A,N/A
11/20/2020 11:00,N/A,N/A
11/20/2020 12:00,N/A,N/A
11/20/2020 13:00,N/A,N/A
11/20/2020 14:00,N/A,N/A
11/20/2020 15:00,N/A,N/A
11/20/2020 16:00,N/A,N/A
11/20/2020 17:00,N/A,N/A
11/20/2020 18:00,N/A,N/A
11/20/2020 19:00,N/A,N/A
11/20/2020 20:00,N/A,N/A
11/20/2020 21:00,N/A,N/A
11/20/2020 22:00,N/A,N/A
11/20/2020 23:00,N/A,N/A
11/21/2020 0:00,N/A,N/A
11/21/2020 1:00,N/A,N/A
11/21/2020 2:00,N/A,N/A
11/21/2020 3:00,N/A,N/A
11/21/2020 4:00,N/A,N/A
11/21/2020 5:00,N/A,N/A
11/21/2020 6:00,N/A,N/A
11/21/2020 7:00,N/A,N/A
11/21/2020 8:00,N/A,N/A
11/21/2020 9:00,N/A,N/A
11/21/2020 10:00,N/A,N/A
11/21/2020 11:00,N/A,N/A
11/21/2020 12:00,N/A,N/A
11/21/2020 13:00,N/A,N/A
11/21/2020 14:00,N/A,N/A
11/21/2020 15:00,N/A,N/A
11/21/2020 16:00,N/A,N/A
11/21/2020 17:00,N/A,N/A
11/21/2020 18:00,N/A,N/A
11/21/2020 19:00,N/A,N/A
11/21/2020 20:00,N/A,N/A
11/21/2020 21:00,N/A,N/A
11/21/2020 22:00,N/A,N/A
11/21/2020 23:00,N/A,N/A
11/22/2020 0:00,N/A,N/A
11/22/2020 1:00,N/A,N/A
11/22/2020 2:00,N/A,N/A
11/22/2020 3:00,N/A,N/A
11/22/2020 4:00,N/A,N/A
11/22/2020 5:00,N/A,N/A
11/22/2020 6:00,N/A,N/A
11/22/2020 7:00,N/A,N/A
11/22/2020 8:00,N/A,N/A
11/22/2020 9:00,N/A,N/A
11/22/2020 10:00,N/A,N/A
11/22/2020 11:00,N/A,N/A
11/22/2020 12:00,N/A,N/A
11/22/2020 13:00,N/A,N/A
11/22/2020 14:00,N/A,N/A
11/22/2020 15:00,N/A,N/A
11/22/2020 16:00,N/A,N/A
11/22/2020 17:00,N/A,N/A
11/22/2020 18:00,N/A,N/A
11/22/2020 19:00,N/A,N/A
11/22/2020 20:00,N/A,N/A
11/22/2020 21:00,N/A,N/A
11/22/2020 22:00,N/A,N/A
11/22/2020 23:00,N/A,N/A
11/23/2020 0:00,N/A,N/A
11/23/2020 1:00,N/A,N/A
11/23/2020 2:00,N/A,N/A
11/23/2020 3:00,N/A,N/A
11/23/2020 4:00,N/A,N/A
11/23/2020 5:00,N/A,N/A
11/23/2020 6:00,N/A,N/A
11/23/2020 7:00,N/A,N/A
11/23/2020 8:00,N/A,N/A
11/23/2020 9:00,N/A,N/A
11/23/2020 10:00,N/A,N/A
11/23/2020 11:00,N/A,N/A
11/23/2020 12:00,N/A,N/A
11/23/2020 13:00,N/A,N/A
11/23/2020 14:00,N/A,N/A
11/23/2020 15:00,N/A,N/A
11/23/2020 16:00,N/A,N/A
11/23/2020 17:00,N/A,N/A
11/23/2020 18:00,N/A,N/A
11/23/2020 19:00,N/A,N/A
11/23/2020 20:00,N/A,N/A
11/23/2020 21:00,N/A,N/A
11/23/2020 22:00,N/A,N/A
11/23/2020 23:00,N/A,N/A
11/24/2020 0:00,N/A,N/A
11/24/2020 1:00,N/A,N/A
11/24/2020 2:00,N/A,N/A
11/24/2020 3:00,N/A,N/A
11/24/2020 4:00,N/A,N/A
11/24/2020 5:00,N/A,N/A
11/24/2020 6:00,N/A,N/A
11/24/2020 7:00,N/A,N/A
11/24/2020 8:00,N/A,N/A
11/24/2020 9:00,N/A,N/A
11/24/2020 10:00,N/A,N/A
11/24/2020 11:00,N/A,N/A
11/24/2020 12:00,N/A,N/A
11/24/2020 13:00,N/A,N/A
11/24/2020 14:00,N/A,N/A
11/24/2020 15:00,N/A,N/A
11/24/2020 16:00,N/A,N/A
11/24/2020 17:00,N/A,N/A
11/24/2020 18:00,N/A,N/A
11/24/2020 19:00,N/A,N/A
11/24/2020 20:00,N/A,N/A
11/24/2020 21:00,N/A,N/A
11/24/2020 22:00,N/A,N/A
11/24/2020 23:00,N/A,N/A
11/25/2020 0:00,N/A,N/A
11/25/2020 1:00,N/A,N/A
11/25/2020 2:00,N/A,N/A
11/25/2020 3:00,N/A,N/A
11/25/2020 4:00,N/A,N/A
11/25/2020 5:00,N/A,N/A
11/25/2020 6:00,N/A,N/A
11/25/2020 7:00,N/A,N/A
11/25/2020 8:00,N/A,N/A
11/25/2020 9:00,N/A,N/A
11/25/2020 10:00,N/A,N/A
11/25/2020 11:00,N/A,N/A
11/25/2020 12:00,N/A,N/A
11/25/2020 13:00,N/A,N/A
11/25/2020 14:00,N/A,N/A
11/25/2020 15:00,N/A,N/A
11/25/2020 16:00,N/A,N/A
11/25/2020 17:00,N/A,N/A
11/25/2020 18:00,N/A,N/A
11/25/2020 19:00,N/A,N/A
11/25/2020 20:00,N/A,N/A
11/25/2020 21:00,N/A,N/A
11/25/2020 22:00,N/A,N/A
11/25/2020 23:00,N/A,N/A
11/26/2020 0:00,N/A,N/A
11/26/2020 1:00,N/A,N/A
11/26/2020 2:00,N/A,N/A
11/26/2020 3:00,N/A,N/A
11/26/2020 4:00,N/A,N/A
11/26/2020 5:00,N/A,N/A
11/26/2020 6:00,N/A,N/A
11/26/2020 7:00,N/A,N/A
11/26/2020 8:00,N/A,N/A
11/26/2020 9:00,N/A,N/A
11/26/2020 10:00,N/A,N/A
11/26/2020 11:00,N/A,N/A
11/26/2020 12:00,N/A,N/A
11/26/2020 13:00,N/A,N/A
11/26/2020 14:00,N/A,N/A
11/26/2020 15:00,N/A,N/A
11/26/2020 16:00,N/A,N/A
11/26/2020 17:00,N/A,N/A
11/26/2020 18:00,N/A,N/A
11/26/2020 19:00,N/A,N/A
11/26/2020 20:00,N/A,N/A
11/26/2020 21:00,N/A,N/A
11/26/2020 22:00,N/A,N/A
11/26/2020 23:00,N/A,N/A
11/27/2020 0:00,N/A,N/A
11/27/2020 1:00,N/A,N/A
11/27/2020 2:00,N/A,N/A
11/27/2020 3:00,N/A,N/A
11/27/2020 4:00,N/A,N/A
11/27/2020 5:00,N/A,N/A
11/27/2020 6:00,N/A,N/A
11/27/2020 7:00,N/A,N/A
11/27/2020 8:00,N/A,N/A
11/27/2020 9:00,N/A,N/A
11/27/2020 10:00,N/A,N/A
11/27/2020 11:00,N/A,N/A
11/27/2020 12:00,N/A,N/A
11/27/2020 13:00,N/A,N/A
11/27/2020 14:00,N/A,N/A
11/27/2020 15:00,N/A,N/A
11/27/2020 16:00,N/A,N/A
11/27/2020 17:00,N/A,N/A
11/27/2020 18:00,N/A,N/A
11/27/2020 19:00,N/A,N/A
11/27/2020 20:00,N/A,N/A
11/27/2020 21:00,N/A,N/A
11/27/2020 22:00,N/A,N/A
11/27/2020 23:00,N/A,N/A
11/28/2020 0:00,N/A,N/A
11/28/2020 1:00,N/A,N/A
11/28/2020 2:00,N/A,N/A
11/28/2020 3:00,N/A,N/A
11/28/2020 4:00,N/A,N/A
11/28/2020 5:00,N/A,N/A
11/28/2020 6:00,N/A,N/A
11/28/2020 7:00,N/A,N/A
11/28/2020 8:00,N/A,N/A
11/28/2020 9:00,N/A,N/A
11/28/2020 10:00,N/A,N/A
11/28/2020 11:00,N/A,N/A
11/28/2020 12:00,N/A,N/A
11/28/2020 13:00,N/A,N/A
11/28/2020 14:00,N/A,N/A
11/28/2020 15:00,N/A,N/A
11/28/2020 16:00,N/A,N/A
11/28/2020 17:00,N/A,N/A
11/28/2020 18:00,N/A,N/A
11/28/2020 19:00,N/A,N/A
11/28/2020 20:00,N/A,N/A
11/28/2020 21:00,N/A,N/A
11/28/2020 22:00,N/A,N/A
11/28/2020 23:00,N/A,N/A
11/29/2020 0:00,N/A,N/A
11/29/2020 1:00,N/A,N/A
11/29/2020 2:00,N/A,N/A
11/29/2020 3:00,N/A,N/A
11/29/2020 4:00,N/A,N/A
11/29/2020 5:00,N/A,N/A
11/29/2020 6:00,N/A,N/A
11/29/2020 7:00,N/A,N/A
11/29/2020 8:00,N/A,N/A
11/29/2020 9:00,N/A,N/A
11/29/2020 10:00,N/A,N/A
11/29/2020 11:00,N/A,N/A
11/29/2020 12:00,N/A,N/A
11/29/2020 13:00,N/A,N/A
11/29/2020 14:00,N/A,N/A
11/29/2020 15:00,N/A,N/A
11/29/2020 16:00,N/A,N/A
11/29/2020 17:00,N/A,N/A
11/29/2020 18:00,N/A,N/A
11/29/2020 19:00,N/A,N/A
11/29/2020 20:00,N/A,N/A
11/29/2020 21:00,N/A,N/A
11/29/2020 22:00,N/A,N/A
11/29/2020 23:00,N/A,N/A
11/30/2020 0:00,N/A,N/A
11/30/2020 1:00,N/A,N/A
11/30/2020 2:00,N/A,N/A
11/30/2020 3:00,N/A,N/A
11/30/2020 4:00,N/A,N/A
11/30/2020 5:00,N/A,N/A
11/30/2020 6:00,N/A,N/A
11/30/2020 7:00,N/A,N/A
11/30/2020 8:00,N/A,N/A
11/30/2020 9:00,N/A,N/A
11/30/2020 10:00,N/A,N/A
11/30/2020 11:00,N/A,N/A
11/30/2020 12:00,N/A,N/A
11/30/2020 13:00,N/A,N/A
11/30/2020 14:00,N/A,N/A
11/30/2020 15:00,N/A,N/A
11/30/2020 16:00,N/A,N/A
11/30/2020 17:00,N/A,N/A
11/30/2020 18:00,N/A,N/A
11/30/2020 19:00,N/A,N/A
11/30/2020 20:00,N/A,N/A
11/30/2020 21:00,N/A,N/A
11/30/2020 22:00,N/A,N/A
11/30/2020 23:00,N/A,N/A
12/1/2020 0:00,N/A,N/A
12/1/2020 1:00,N/A,N/A
12/1/2020 2:00,N/A,N/A
12/1/2020 3:00,N/A,N/A
12/1/2020 4:00,N/A,N/A
12/1/2020 5:00,N/A,N/A
12/1/2020 6:00,N/A,N/A
12/1/2020 7:00,N/A,N/A
12/1/2020 8:00,N/A,N/A
12/1/2020 9:00,N/A,N/A
12/1/2020 10:00,N/A,N/A
12/1/2020 11:00,N/A,N/A
12/1/2020 12:00,N/A,N/A
12/1/2020 13:00,N/A,N/A
12/1/2020 14:00,N/A,N/A
12/1/2020 15:00,N/A,N/A
12/1/2020 16:00,N/A,N/A
12/1/2020 17:00,N/A,N/A
12/1/2020 18:00,N/A,N/A
12/1/2020 19:00,N/A,N/A
12/1/2020 20:00,N/A,N/A
12/1/2020 21:00,N/A,N/A
12/1/2020 22:00,N/A,N/A
12/1/2020 23:00,N/A,N/A
12/2/2020 0:00,N/A,N/A
12/2/2020 1:00,N/A,N/A
12/2/2020 2:00,N/A,N/A
12/2/2020 3:00,N/A,N/A
12/2/2020 4:00,N/A,N/A
12/2/2020 5:00,N/A,N/A
12/2/2020 6:00,N/A,N/A
12/2/2020 7:00,N/A,N/A
12/2/2020 8:00,N/A,N/A
12/2/2020 9:00,N/A,N/A
12/2/2020 10:00,N/A,N/A
12/2/2020 11:00,N/A,N/A
12/2/2020 12:00,N/A,N/A
12/2/2020 13:00,N/A,N/A
12/2/2020 14:00,N/A,N/A
12/2/2020 15:00,N/A,N/A
12/2/2020 16:00,N/A,N/A
12/2/2020 17:00,N/A,N/A
12/2/2020 18:00,N/A,N/A
12/2/2020 19:00,N/A,N/A
12/2/2020 20:00,N/A,N/A
12/2/2020 21:00,N/A,N/A
12/2/2020 22:00,N/A,N/A
12/2/2020 23:00,N/A,N/A
12/3/2020 0:00,N/A,N/A
12/3/2020 1:00,N/A,N/A
12/3/2020 2:00,N/A,N/A
12/3/2020 3:00,N/A,N/A
12/3/2020 4:00,N/A,N/A
12/3/2020 5:00,N/A,N/A
12/3/2020 6:00,N/A,N/A
12/3/2020 7:00,N/A,N/A
12/3/2020 8:00,N/A,N/A
12/3/2020 9:00,N/A,N/A
12/3/2020 10:00,N/A,N/A
12/3/2020 11:00,N/A,N/A
12/3/2020 12:00,N/A,N/A
12/3/2020 13:00,N/A,N/A
12/3/2020 14:00,N/A,N/A
12/3/2020 15:00,N/A,N/A
12/3/2020 16:00,N/A,N/A
12/3/2020 17:00,N/A,N/A
12/3/2020 18:00,N/A,N/A
12/3/2020 19:00,N/A,N/A
12/3/2020 20:00,N/A,N/A
12/3/2020 21:00,N/A,N/A
12/3/2020 22:00,N/A,N/A
12/3/2020 23:00,N/A,N/A
12/4/2020 0:00,N/A,N/A
12/4/2020 1:00,N/A,N/A
12/4/2020 2:00,N/A,N/A
12/4/2020 3:00,N/A,N/A
12/4/2020 4:00,N/A,N/A
12/4/2020 5:00,N/A,N/A
12/4/2020 6:00,N/A,N/A
12/4/2020 7:00,N/A,N/A
12/4/2020 8:00,N/A,N/A
12/4/2020 9:00,N/A,N/A
12/4/2020 10:00,N/A,N/A
12/4/2020 11:00,N/A,N/A
12/4/2020 12:00,N/A,N/A
12/4/2020 13:00,N/A,N/A
12/4/2020 14:00,N/A,N/A
12/4/2020 15:00,N/A,N/A
12/4/2020 16:00,N/A,N/A
12/4/2020 17:00,N/A,N/A
12/4/2020 18:00,N/A,N/A
12/4/2020 19:00,N/A,N/A
12/4/2020 20:00,N/A,N/A
12/4/2020 21:00,N/A,N/A
12/4/2020 22:00,N/A,N/A
12/4/2020 23:00,N/A,N/A
12/5/2020 0:00,N/A,N/A
12/5/2020 1:00,N/A,N/A
12/5/2020 2:00,N/A,N/A
12/5/2020 3:00,N/A,N/A
12/5/2020 4:00,N/A,N/A
12/5/2020 5:00,N/A,N/A
12/5/2020 6:00,N/A,N/A
12/5/2020 7:00,N/A,N/A
12/5/2020 8:00,N/A,N/A
12/5/2020 9:00,N/A,N/A
12/5/2020 10:00,N/A,N/A
12/5/2020 11:00,N/A,N/A
12/5/2020 12:00,N/A,N/A
12/5/2020 13:00,N/A,N/A
12/5/2020 14:00,N/A,N/A
12/5/2020 15:00,N/A,N/A
12/5/2020 16:00,N/A,N/A
12/5/2020 17:00,N/A,N/A
12/5/2020 18:00,N/A,N/A
12/5/2020 19:00,N/A,N/A
12/5/2020 20:00,N/A,N/A
12/5/2020 21:00,N/A,N/A
12/5/2020 22:00,N/A,N/A
12/5/2020 23:00,N/A,N/A
12/6/2020 0:00,N/A,N/A
12/6/2020 1:00,N/A,N/A
12/6/2020 2:00,N/A,N/A
12/6/2020 3:00,N/A,N/A
12/6/2020 4:00,N/A,N/A
12/6/2020 5:00,N/A,N/A
12/6/2020 6:00,N/A,N/A
12/6/2020 7:00,N/A,N/A
12/6/2020 8:00,N/A,N/A
12/6/2020 9:00,N/A,N/A
12/6/2020 10:00,N/A,N/A
12/6/2020 11:00,N/A,N/A
12/6/2020 12:00,N/A,N/A
12/6/2020 13:00,N/A,N/A
12/6/2020 14:00,N/A,N/A
12/6/2020 15:00,N/A,N/A
12/6/2020 16:00,N/A,N/A
12/6/2020 17:00,N/A,N/A
12/6/2020 18:00,N/A,N/A
12/6/2020 19:00,N/A,N/A
12/6/2020 20:00,N/A,N/A
12/6/2020 21:00,N/A,N/A
12/6/2020 22:00,N/A,N/A
12/6/2020 23:00,N/A,N/A
12/7/2020 0:00,N/A,N/A
12/7/2020 1:00,N/A,N/A
12/7/2020 2:00,N/A,N/A
12/7/2020 3:00,N/A,N/A
12/7/2020 4:00,N/A,N/A
12/7/2020 5:00,N/A,N/A
12/7/2020 6:00,N/A,N/A
12/7/2020 7:00,N/A,N/A
12/7/2020 8:00,N/A,N/A
12/7/2020 9:00,N/A,N/A
12/7/2020 10:00,N/A,N/A
12/7/2020 11:00,N/A,N/A
12/7/2020 12:00,N/A,N/A
12/7/2020 13:00,N/A,N/A
12/7/2020 14:00,N/A,N/A
12/7/2020 15:00,N/A,N/A
12/7/2020 16:00,N/A,N/A
12/7/2020 17:00,N/A,N/A
12/7/2020 18:00,N/A,N/A
12/7/2020 19:00,N/A,N/A
12/7/2020 20:00,N/A,N/A
12/7/2020 21:00,N/A,N/A
12/7/2020 22:00,N/A,N/A
12/7/2020 23:00,N/A,N/A
12/8/2020 0:00,N/A,N/A
12/8/2020 1:00,N/A,N/A
12/8/2020 2:00,N/A,N/A
12/8/2020 3:00,N/A,N/A
12/8/2020 4:00,N/A,N/A
12/8/2020 5:00,N/A,N/A
12/8/2020 6:00,N/A,N/A
12/8/2020 7:00,N/A,N/A
12/8/2020 8:00,N/A,N/A
12/8/2020 9:00,N/A,N/A
12/8/2020 10:00,N/A,N/A
12/8/2020 11:00,N/A,N/A
12/8/2020 12:00,N/A,N/A
12/8/2020 13:00,N/A,N/A
12/8/2020 14:00,N/A,N/A
12/8/2020 15:00,N/A,N/A
12/8/2020 16:00,N/A,N/A
12/8/2020 17:00,N/A,N/A
12/8/2020 18:00,N/A,N/A
12/8/2020 19:00,N/A,N/A
12/8/2020 20:00,N/A,N/A
12/8/2020 21:00,N/A,N/A
12/8/2020 22:00,N/A,N/A
12/8/2020 23:00,N/A,N/A
12/9/2020 0:00,N/A,N/A
12/9/2020 1:00,N/A,N/A
12/9/2020 2:00,N/A,N/A
12/9/2020 3:00,N/A,N/A
12/9/2020 4:00,N/A,N/A
12/9/2020 5:00,N/A,N/A
12/9/2020 6:00,N/A,N/A
12/9/2020 7:00,N/A,N/A
12/9/2020 8:00,N/A,N/A
12/9/2020 9:00,N/A,N/A
12/9/2020 10:00,N/A,N/A
12/9/2020 11:00,N/A,N/A
12/9/2020 12:00,N/A,N/A
12/9/2020 13:00,N/A,N/A
12/9/2020 14:00,N/A,N/A
12/9/2020 15:00,N/A,N/A
12/9/2020 16:00,N/A,N/A
12/9/2020 17:00,N/A,N/A
12/9/2020 18:00,N/A,N/A
12/9/2020 19:00,N/A,N/A
12/9/2020 20:00,N/A,N/A
12/9/2020 21:00,N/A,N/A
12/9/2020 22:00,N/A,N/A
12/9/2020 23:00,N/A,N/A
12/10/2020 0:00,N/A,N/A
12/10/2020 1:00,N/A,N/A
12/10/2020 2:00,N/A,N/A
12/10/2020 3:00,N/A,N/A
12/10/2020 4:00,N/A,N/A
12/10/2020 5:00,N/A,N/A
12/10/2020 6:00,N/A,N/A
12/10/2020 7:00,N/A,N/A
12/10/2020 8:00,N/A,N/A
12/10/2020 9:00,N/A,N/A
12/10/2020 10:00,N/A,N/A
12/10/2020 11:00,N/A,N/A
12/10/2020 12:00,N/A,N/A
12/10/2020 13:00,N/A,N/A
12/10/2020 14:00,N/A,N/A
12/10/2020 15:00,N/A,N/A
12/10/2020 16:00,N/A,N/A
12/10/2020 17:00,N/A,N/A
12/10/2020 18:00,N/A,N/A
12/10/2020 19:00,N/A,N/A
12/10/2020 20:00,N/A,N/A
12/10/2020 21:00,N/A,N/A
12/10/2020 22:00,N/A,N/A
12/10/2020 23:00,N/A,N/A
12/11/2020 0:00,N/A,N/A
12/11/2020 1:00,N/A,N/A
12/11/2020 2:00,N/A,N/A
12/11/2020 3:00,N/A,N/A
12/11/2020 4:00,N/A,N/A
12/11/2020 5:00,N/A,N/A
12/11/2020 6:00,N/A,N/A
12/11/2020 7:00,N/A,N/A
12/11/2020 8:00,N/A,N/A
12/11/2020 9:00,N/A,N/A
12/11/2020 10:00,N/A,N/A
12/11/2020 11:00,N/A,N/A
12/11/2020 12:00,N/A,N/A
12/11/2020 13:00,N/A,N/A
12/11/2020 14:00,N/A,N/A
12/11/2020 15:00,N/A,N/A
12/11/2020 16:00,N/A,N/A
12/11/2020 17:00,N/A,N/A
12/11/2020 18:00,N/A,N/A
12/11/2020 19:00,N/A,N/A
12/11/2020 20:00,N/A,N/A
12/11/2020 21:00,N/A,N/A
12/11/2020 22:00,N/A,N/A
12/11/2020 23:00,N/A,N/A
12/12/2020 0:00,N/A,N/A
12/12/2020 1:00,N/A,N/A
12/12/2020 2:00,N/A,N/A
12/12/2020 3:00,N/A,N/A
12/12/2020 4:00,N/A,N/A
12/12/2020 5:00,N/A,N/A
12/12/2020 6:00,N/A,N/A
12/12/2020 7:00,N/A,N/A
12/12/2020 8:00,N/A,N/A
12/12/2020 9:00,N/A,N/A
12/12/2020 10:00,N/A,N/A
12/12/2020 11:00,N/A,N/A
12/12/2020 12:00,N/A,N/A
12/12/2020 13:00,N/A,N/A
12/12/2020 14:00,N/A,N/A
12/12/2020 15:00,N/A,N/A
12/12/2020 16:00,N/A,N/A
12/12/2020 17:00,N/A,N/A
12/12/2020 18:00,N/A,N/A
12/12/2020 19:00,N/A,N/A
12/12/2020 20:00,N/A,N/A
12/12/2020 21:00,N/A,N/A
12/12/2020 22:00,N/A,N/A
12/12/2020 23:00,N/A,N/A
12/13/2020 0:00,N/A,N/A
12/13/2020 1:00,N/A,N/A
12/13/2020 2:00,N/A,N/A
12/13/2020 3:00,N/A,N/A
12/13/2020 4:00,N/A,N/A
12/13/2020 5:00,N/A,N/A
12/13/2020 6:00,N/A,N/A
12/13/2020 7:00,N/A,N/A
12/13/2020 8:00,N/A,N/A
12/13/2020 9:00,N/A,N/A
12/13/2020 10:00,N/A,N/A
12/13/2020 11:00,N/A,N/A
12/13/2020 12:00,N/A,N/A
12/13/2020 13:00,N/A,N/A
12/13/2020 14:00,N/A,N/A
12/13/2020 15:00,N/A,N/A
12/13/2020 16:00,N/A,N/A
12/13/2020 17:00,N/A,N/A
12/13/2020 18:00,N/A,N/A
12/13/2020 19:00,N/A,N/A
12/13/2020 20:00,N/A,N/A
12/13/2020 21:00,N/A,N/A
12/13/2020 22:00,N/A,N/A
12/13/2020 23:00,N/A,N/A
12/14/2020 0:00,N/A,N/A
12/14/2020 1:00,N/A,N/A
12/14/2020 2:00,N/A,N/A
12/14/2020 3:00,N/A,N/A
12/14/2020 4:00,N/A,N/A
12/14/2020 5:00,N/A,N/A
12/14/2020 6:00,N/A,N/A
12/14/2020 7:00,N/A,N/A
12/14/2020 8:00,N/A,N/A
12/14/2020 9:00,N/A,N/A
12/14/2020 10:00,N/A,N/A
12/14/2020 11:00,N/A,N/A
12/14/2020 12:00,N/A,N/A
12/14/2020 13:00,N/A,N/A
12/14/2020 14:00,N/A,N/A
12/14/2020 15:00,N/A,N/A
12/14/2020 16:00,N/A,N/A
12/14/2020 17:00,N/A,N/A
12/14/2020 18:00,N/A,N/A
12/14/2020 19:00,N/A,N/A
12/14/2020 20:00,N/A,N/A
12/14/2020 21:00,N/A,N/A
12/14/2020 22:00,N/A,N/A
12/14/2020 23:00,N/A,N/A
12/15/2020 0:00,N/A,N/A
12/15/2020 1:00,N/A,N/A
12/15/2020 2:00,N/A,N/A
12/15/2020 3:00,N/A,N/A
12/15/2020 4:00,N/A,N/A
12/15/2020 5:00,N/A,N/A
12/15/2020 6:00,N/A,N/A
12/15/2020 7:00,N/A,N/A
12/15/2020 8:00,N/A,N/A
12/15/2020 9:00,N/A,N/A
12/15/2020 10:00,N/A,N/A
12/15/2020 11:00,N/A,N/A
12/15/2020 12:00,N/A,N/A
12/15/2020 13:00,N/A,N/A
12/15/2020 14:00,N/A,N/A
12/15/2020 15:00,N/A,N/A
12/15/2020 16:00,N/A,N/A
12/15/2020 17:00,N/A,N/A
12/15/2020 18:00,N/A,N/A
12/15/2020 19:00,N/A,N/A
12/15/2020 20:00,N/A,N/A
12/15/2020 21:00,N/A,N/A
12/15/2020 22:00,N/A,N/A
12/15/2020 23:00,N/A,N/A
12/16/2020 0:00,N/A,N/A
12/16/2020 1:00,N/A,N/A
12/16/2020 2:00,N/A,N/A
12/16/2020 3:00,N/A,N/A
12/16/2020 4:00,N/A,N/A
12/16/2020 5:00,N/A,N/A
12/16/2020 6:00,N/A,N/A
12/16/2020 7:00,N/A,N/A
12/16/2020 8:00,N/A,N/A
12/16/2020 9:00,N/A,N/A
12/16/2020 10:00,N/A,N/A
12/16/2020 11:00,N/A,N/A
12/16/2020 12:00,N/A,N/A
12/16/2020 13:00,N/A,N/A
12/16/2020 14:00,N/A,N/A
12/16/2020 15:00,N/A,N/A
12/16/2020 16:00,N/A,N/A
12/16/2020 17:00,N/A,N/A
12/16/2020 18:00,N/A,N/A
12/16/2020 19:00,N/A,N/A
12/16/2020 20:00,N/A,N/A
12/16/2020 21:00,N/A,N/A
12/16/2020 22:00,N/A,N/A
12/16/2020 23:00,N/A,N/A
12/17/2020 0:00,N/A,N/A
12/17/2020 1:00,N/A,N/A
12/17/2020 2:00,N/A,N/A
12/17/2020 3:00,N/A,N/A
12/17/2020 4:00,N/A,N/A
12/17/2020 5:00,N/A,N/A
12/17/2020 6:00,N/A,N/A
12/17/2020 7:00,N/A,N/A
12/17/2020 8:00,N/A,N/A
12/17/2020 9:00,N/A,N/A
12/17/2020 10:00,N/A,N/A
12/17/2020 11:00,N/A,N/A
12/17/2020 12:00,N/A,N/A
12/17/2020 13:00,N/A,N/A
12/17/2020 14:00,N/A,N/A
12/17/2020 15:00,N/A,N/A
12/17/2020 16:00,N/A,N/A
12/17/2020 17:00,N/A,N/A
12/17/2020 18:00,N/A,N/A
12/17/2020 19:00,N/A,N/A
12/17/2020 20:00,N/A,N/A
12/17/2020 21:00,N/A,N/A
12/17/2020 22:00,N/A,N/A
12/17/2020 23:00,N/A,N/A
12/18/2020 0:00,N/A,N/A
12/18/2020 1:00,N/A,N/A
12/18/2020 2:00,N/A,N/A
12/18/2020 3:00,N/A,N/A
12/18/2020 4:00,N/A,N/A
12/18/2020 5:00,N/A,N/A
12/18/2020 6:00,N/A,N/A
12/18/2020 7:00,N/A,N/A
12/18/2020 8:00,N/A,N/A
12/18/2020 9:00,N/A,N/A
12/18/2020 10:00,N/A,N/A
12/18/2020 11:00,N/A,N/A
12/18/2020 12:00,N/A,N/A
12/18/2020 13:00,N/A,N/A
12/18/2020 14:00,N/A,N/A
12/18/2020 15:00,N/A,N/A
12/18/2020 16:00,N/A,N/A
12/18/2020 17:00,N/A,N/A
12/18/2020 18:00,N/A,N/A
12/18/2020 19:00,N/A,N/A
12/18/2020 20:00,N/A,N/A
12/18/2020 21:00,N/A,N/A
12/18/2020 22:00,N/A,N/A
12/18/2020 23:00,N/A,N/A
12/19/2020 0:00,N/A,N/A
12/19/2020 1:00,N/A,N/A
12/19/2020 2:00,N/A,N/A
12/19/2020 3:00,N/A,N/A
12/19/2020 4:00,N/A,N/A
12/19/2020 5:00,N/A,N/A
12/19/2020 6:00,N/A,N/A
12/19/2020 7:00,N/A,N/A
12/19/2020 8:00,N/A,N/A
12/19/2020 9:00,N/A,N/A
12/19/2020 10:00,N/A,N/A
12/19/2020 11:00,N/A,N/A
12/19/2020 12:00,N/A,N/A
12/19/2020 13:00,N/A,N/A
12/19/2020 14:00,N/A,N/A
12/19/2020 15:00,N/A,N/A
12/19/2020 16:00,N/A,N/A
12/19/2020 17:00,N/A,N/A
12/19/2020 18:00,N/A,N/A
12/19/2020 19:00,N/A,N/A
12/19/2020 20:00,N/A,N/A
12/19/2020 21:00,N/A,N/A
12/19/2020 22:00,N/A,N/A
12/19/2020 23:00,N/A,N/A
12/20/2020 0:00,N/A,N/A
12/20/2020 1:00,N/A,N/A
12/20/2020 2:00,N/A,N/A
12/20/2020 3:00,N/A,N/A
12/20/2020 4:00,N/A,N/A
12/20/2020 5:00,N/A,N/A
12/20/2020 6:00,N/A,N/A
12/20/2020 7:00,N/A,N/A
12/20/2020 8:00,N/A,N/A
12/20/2020 9:00,N/A,N/A
12/20/2020 10:00,N/A,N/A
12/20/2020 11:00,N/A,N/A
12/20/2020 12:00,N/A,N/A
12/20/2020 13:00,N/A,N/A
12/20/2020 14:00,N/A,N/A
12/20/2020 15:00,N/A,N/A
12/20/2020 16:00,N/A,N/A
12/20/2020 17:00,N/A,N/A
12/20/2020 18:00,N/A,N/A
12/20/2020 19:00,N/A,N/A
12/20/2020 20:00,N/A,N/A
12/20/2020 21:00,N/A,N/A
12/20/2020 22:00,N/A,N/A
12/20/2020 23:00,N/A,N/A
12/21/2020 0:00,N/A,N/A
12/21/2020 1:00,N/A,N/A
12/21/2020 2:00,N/A,N/A
12/21/2020 3:00,N/A,N/A
12/21/2020 4:00,N/A,N/A
12/21/2020 5:00,N/A,N/A
12/21/2020 6:00,N/A,N/A
12/21/2020 7:00,N/A,N/A
12/21/2020 8:00,N/A,N/A
12/21/2020 9:00,N/A,N/A
12/21/2020 10:00,N/A,N/A
12/21/2020 11:00,N/A,N/A
12/21/2020 12:00,N/A,N/A
12/21/2020 13:00,N/A,N/A
12/21/2020 14:00,N/A,N/A
12/21/2020 15:00,N/A,N/A
12/21/2020 16:00,N/A,N/A
12/21/2020 17:00,N/A,N/A
12/21/2020 18:00,N/A,N/A
12/21/2020 19:00,N/A,N/A
12/21/2020 20:00,N/A,N/A
12/21/2020 21:00,N/A,N/A
12/21/2020 22:00,N/A,N/A
12/21/2020 23:00,N/A,N/A
12/22/2020 0:00,N/A,N/A
12/22/2020 1:00,N/A,N/A
12/22/2020 2:00,N/A,N/A
12/22/2020 3:00,N/A,N/A
12/22/2020 4:00,N/A,N/A
12/22/2020 5:00,N/A,N/A
12/22/2020 6:00,N/A,N/A
12/22/2020 7:00,N/A,N/A
12/22/2020 8:00,N/A,N/A
12/22/2020 9:00,N/A,N/A
12/22/2020 10:00,N/A,N/A
12/22/2020 11:00,N/A,N/A
12/22/2020 12:00,N/A,N/A
12/22/2020 13:00,N/A,N/A
12/22/2020 14:00,N/A,N/A
12/22/2020 15:00,N/A,N/A
12/22/2020 16:00,N/A,N/A
12/22/2020 17:00,N/A,N/A
12/22/2020 18:00,N/A,N/A
12/22/2020 19:00,N/A,N/A
12/22/2020 20:00,N/A,N/A
12/22/2020 21:00,N/A,N/A
12/22/2020 22:00,N/A,N/A
12/22/2020 23:00,N/A,N/A
12/23/2020 0:00,N/A,N/A
12/23/2020 1:00,N/A,N/A
12/23/2020 2:00,N/A,N/A
12/23/2020 3:00,N/A,N/A
12/23/2020 4:00,N/A,N/A
12/23/2020 5:00,N/A,N/A
12/23/2020 6:00,N/A,N/A
12/23/2020 7:00,N/A,N/A
12/23/2020 8:00,N/A,N/A
12/23/2020 9:00,N/A,N/A
12/23/2020 10:00,N/A,N/A
12/23/2020 11:00,N/A,N/A
12/23/2020 12:00,N/A,N/A
12/23/2020 13:00,N/A,N/A
12/23/2020 14:00,N/A,N/A
12/23/2020 15:00,N/A,N/A
12/23/2020 16:00,N/A,N/A
12/23/2020 17:00,N/A,N/A
12/23/2020 18:00,N/A,N/A
12/23/2020 19:00,N/A,N/A
12/23/2020 20:00,N/A,N/A
12/23/2020 21:00,N/A,N/A
12/23/2020 22:00,N/A,N/A
12/23/2020 23:00,N/A,N/A
12/24/2020 0:00,N/A,N/A
12/24/2020 1:00,N/A,N/A
12/24/2020 2:00,N/A,N/A
12/24/2020 3:00,N/A,N/A
12/24/2020 4:00,N/A,N/A
12/24/2020 5:00,N/A,N/A
12/24/2020 6:00,N/A,N/A
12/24/2020 7:00,N/A,N/A
12/24/2020 8:00,N/A,N/A
12/24/2020 9:00,N/A,N/A
12/24/2020 10:00,N/A,N/A
12/24/2020 11:00,N/A,N/A
12/24/2020 12:00,N/A,N/A
12/24/2020 13:00,N/A,N/A
12/24/2020 14:00,N/A,N/A
12/24/2020 15:00,N/A,N/A
12/24/2020 16:00,N/A,N/A
12/24/2020 17:00,N/A,N/A
12/24/2020 18:00,N/A,N/A
12/24/2020 19:00,N/A,N/A
12/24/2020 20:00,N/A,N/A
12/24/2020 21:00,N/A,N/A
12/24/2020 22:00,N/A,N/A
12/24/2020 23:00,N/A,N/A
12/25/2020 0:00,N/A,N/A
12/25/2020 1:00,N/A,N/A
12/25/2020 2:00,N/A,N/A
12/25/2020 3:00,N/A,N/A
12/25/2020 4:00,N/A,N/A
12/25/2020 5:00,N/A,N/A
12/25/2020 6:00,N/A,N/A
12/25/2020 7:00,N/A,N/A
12/25/2020 8:00,N/A,N/A
12/25/2020 9:00,N/A,N/A
12/25/2020 10:00,N/A,N/A
12/25/2020 11:00,N/A,N/A
12/25/2020 12:00,N/A,N/A
12/25/2020 13:00,N/A,N/A
12/25/2020 14:00,N/A,N/A
12/25/2020 15:00,N/A,N/A
12/25/2020 16:00,N/A,N/A
12/25/2020 17:00,N/A,N/A
12/25/2020 18:00,N/A,N/A
12/25/2020 19:00,N/A,N/A
12/25/2020 20:00,N/A,N/A
12/25/2020 21:00,N/A,N/A
12/25/2020 22:00,N/A,N/A
12/25/2020 23:00,N/A,N/A
12/26/2020 0:00,N/A,N/A
12/26/2020 1:00,N/A,N/A
12/26/2020 2:00,N/A,N/A
12/26/2020 3:00,N/A,N/A
12/26/2020 4:00,N/A,N/A
12/26/2020 5:00,N/A,N/A
12/26/2020 6:00,N/A,N/A
12/26/2020 7:00,N/A,N/A
12/26/2020 8:00,N/A,N/A
12/26/2020 9:00,N/A,N/A
12/26/2020 10:00,N/A,N/A
12/26/2020 11:00,N/A,N/A
12/26/2020 12:00,N/A,N/A
12/26/2020 13:00,N/A,N/A
12/26/2020 14:00,N/A,N/A
12/26/2020 15:00,N/A,N/A
12/26/2020 16:00,N/A,N/A
12/26/2020 17:00,N/A,N/A
12/26/2020 18:00,N/A,N/A
12/26/2020 19:00,N/A,N/A
12/26/2020 20:00,N/A,N/A
12/26/2020 21:00,N/A,N/A
12/26/2020 22:00,N/A,N/A
12/26/2020 23:00,N/A,N/A
12/27/2020 0:00,N/A,N/A
12/27/2020 1:00,N/A,N/A
12/27/2020 2:00,N/A,N/A
12/27/2020 3:00,N/A,N/A
12/27/2020 4:00,N/A,N/A
12/27/2020 5:00,N/A,N/A
12/27/2020 6:00,N/A,N/A
12/27/2020 7:00,N/A,N/A
12/27/2020 8:00,N/A,N/A
12/27/2020 9:00,N/A,N/A
12/27/2020 10:00,N/A,N/A
12/27/2020 11:00,N/A,N/A
12/27/2020 12:00,N/A,N/A
12/27/2020 13:00,N/A,N/A
12/27/2020 14:00,N/A,N/A
12/27/2020 15:00,N/A,N/A
12/27/2020 16:00,N/A,N/A
12/27/2020 17:00,N/A,N/A
12/27/2020 18:00,N/A,N/A
12/27/2020 19:00,N/A,N/A
12/27/2020 20:00,N/A,N/A
12/27/2020 21:00,N/A,N/A
12/27/2020 22:00,N/A,N/A
12/27/2020 23:00,N/A,N/A
12/28/2020 0:00,N/A,N/A
12/28/2020 1:00,N/A,N/A
12/28/2020 2:00,N/A,N/A
12/28/2020 3:00,N/A,N/A
12/28/2020 4:00,N/A,N/A
12/28/2020 5:00,N/A,N/A
12/28/2020 6:00,N/A,N/A
12/28/2020 7:00,N/A,N/A
12/28/2020 8:00,N/A,N/A
12/28/2020 9:00,N/A,N/A
12/28/2020 10:00,N/A,N/A
12/28/2020 11:00,N/A,N/A
12/28/2020 12:00,N/A,N/A
12/28/2020 13:00,N/A,N/A
12/28/2020 14:00,N/A,N/A
12/28/2020 15:00,N/A,N/A
12/28/2020 16:00,N/A,N/A
12/28/2020 17:00,N/A,N/A
12/28/2020 18:00,N/A,N/A
12/28/2020 19:00,N/A,N/A
12/28/2020 20:00,N/A,N/A
12/28/2020 21:00,N/A,N/A
12/28/2020 22:00,N/A,N/A
12/28/2020 23:00,N/A,N/A
12/29/2020 0:00,N/A,N/A
12/29/2020 1:00,N/A,N/A
12/29/2020 2:00,N/A,N/A
12/29/2020 3:00,N/A,N/A
12/29/2020 4:00,N/A,N/A
12/29/2020 5:00,N/A,N/A
12/29/2020 6:00,N/A,N/A
12/29/2020 7:00,N/A,N/A
12/29/2020 8:00,N/A,N/A
12/29/2020 9:00,N/A,N/A
12/29/2020 10:00,N/A,N/A
12/29/2020 11:00,N/A,N/A
12/29/2020 12:00,N/A,N/A
12/29/2020 13:00,N/A,N/A
12/29/2020 14:00,N/A,N/A
12/29/2020 15:00,N/A,N/A
12/29/2020 16:00,N/A,N/A
12/29/2020 17:00,N/A,N/A
12/29/2020 18:00,N/A,N/A
12/29/2020 19:00,N/A,N/A
12/29/2020 20:00,N/A,N/A
12/29/2020 21:00,N/A,N/A
12/29/2020 22:00,N/A,N/A
12/29/2020 23:00,N/A,N/A
12/30/2020 0:00,N/A,N/A
12/30/2020 1:00,N/A,N/A
12/30/2020 2:00,N/A,N/A
12/30/2020 3:00,N/A,N/A
12/30/2020 4:00,N/A,N/A
12/30/2020 5:00,N/A,N/A
12/30/2020 6:00,N/A,N/A
12/30/2020 7:00,N/A,N/A
12/30/2020 8:00,N/A,N/A
12/30/2020 9:00,N/A,N/A
12/30/2020 10:00,N/A,N/A
12/30/2020 11:00,N/A,N/A
12/30/2020 12:00,N/A,N/A
12/30/2020 13:00,N/A,N/A
12/30/2020 14:00,N/A,N/A
12/30/2020 15:00,N/A,N/A
12/30/2020 16:00,N/A,N/A
12/30/2020 17:00,N/A,N/A
12/30/2020 18:00,N/A,N/A
12/30/2020 19:00,N/A,N/A
12/30/2020 20:00,N/A,N/A
12/30/2020 21:00,N/A,N/A
12/30/2020 22:00,N/A,N/A
12/30/2020 23:00,N/A,N/A
12/31/2020 0:00,N/A,N/A
12/31/2020 1:00,N/A,N/A
12/31/2020 2:00,N/A,N/A
12/31/2020 3:00,N/A,N/A
12/31/2020 4:00,N/A,N/A
12/31/2020 5:00,N/A,N/A
12/31/2020 6:00,N/A,N/A
12/31/2020 7:00,N/A,N/A
12/31/2020 8:00,N/A,N/A
12/31/2020 9:00,N/A,N/A
12/31/2020 10:00,N/A,N/A
12/31/2020 11:00,N/A,N/A
12/31/2020 12:00,N/A,N/A
12/31/2020 13:00,N/A,N/A
12/31/2020 14:00,N/A,N/A
12/31/2020 15:00,N/A,N/A
12/31/2020 16:00,N/A,N/A
12/31/2020 17:00,N/A,N/A
12/31/2020 18:00,N/A,N/A
12/31/2020 19:00,N/A,N/A
12/31/2020 20:00,N/A,N/A
12/31/2020 21:00,N/A,N/A
12/31/2020 22:00,N/A,N/A
12/31/2020 23:00,N/A,N/A
1/1/2021 0:00,N/A,N/A
1/1/2021 1:00,N/A,N/A
1/1/2021 2:00,N/A,N/A
1/1/2021 3:00,N/A,N/A
1/1/2021 4:00,N/A,N/A
1/1/2021 5:00,N/A,N/A
1/1/2021 6:00,N/A,N/A
1/1/2021 7:00,N/A,N/A
1/1/2021 8:00,N/A,N/A
1/1/2021 9:00,N/A,N/A
1/1/2021 10:00,N/A,N/A
1/1/2021 11:00,N/A,N/A
1/1/2021 12:00,N/A,N/A
1/1/2021 13:00,N/A,N/A
1/1/2021 14:00,N/A,N/A
1/1/2021 15:00,N/A,N/A
1/1/2021 16:00,N/A,N/A
1/1/2021 17:00,N/A,N/A
1/1/2021 18:00,N/A,N/A
1/1/2021 19:00,N/A,N/A
1/1/2021 20:00,N/A,N/A
1/1/2021 21:00,N/A,N/A
1/1/2021 22:00,N/A,N/A
1/1/2021 23:00,N/A,N/A
1/2/2021 0:00,N/A,N/A
1/2/2021 1:00,N/A,N/A
1/2/2021 2:00,N/A,N/A
1/2/2021 3:00,N/A,N/A
1/2/2021 4:00,N/A,N/A
1/2/2021 5:00,N/A,N/A
1/2/2021 6:00,N/A,N/A
1/2/2021 7:00,N/A,N/A
1/2/2021 8:00,N/A,N/A
1/2/2021 9:00,N/A,N/A
1/2/2021 10:00,N/A,N/A
1/2/2021 11:00,N/A,N/A
1/2/2021 12:00,N/A,N/A
1/2/2021 13:00,N/A,N/A
1/2/2021 14:00,N/A,N/A
1/2/2021 15:00,N/A,N/A
1/2/2021 16:00,N/A,N/A
1/2/2021 17:00,N/A,N/A
1/2/2021 18:00,N/A,N/A
1/2/2021 19:00,N/A,N/A
1/2/2021 20:00,N/A,N/A
1/2/2021 21:00,N/A,N/A
1/2/2021 22:00,N/A,N/A
1/2/2021 23:00,N/A,N/A
1/3/2021 0:00,N/A,N/A
1/3/2021 1:00,N/A,N/A
1/3/2021 2:00,N/A,N/A
1/3/2021 3:00,N/A,N/A
1/3/2021 4:00,N/A,N/A
1/3/2021 5:00,N/A,N/A
1/3/2021 6:00,N/A,N/A
1/3/2021 7:00,N/A,N/A
1/3/2021 8:00,N/A,N/A
1/3/2021 9:00,N/A,N/A
1/3/2021 10:00,N/A,N/A
1/3/2021 11:00,N/A,N/A
1/3/2021 12:00,N/A,N/A
1/3/2021 13:00,N/A,N/A
1/3/2021 14:00,N/A,N/A
1/3/2021 15:00,N/A,N/A
1/3/2021 16:00,N/A,N/A
1/3/2021 17:00,N/A,N/A
1/3/2021 18:00,N/A,N/A
1/3/2021 19:00,N/A,N/A
1/3/2021 20:00,N/A,N/A
1/3/2021 21:00,N/A,N/A
1/3/2021 22:00,N/A,N/A
1/3/2021 23:00,N/A,N/A
1/4/2021 0:00,N/A,N/A
1/4/2021 1:00,N/A,N/A
1/4/2021 2:00,N/A,N/A
1/4/2021 3:00,N/A,N/A
1/4/2021 4:00,N/A,N/A
1/4/2021 5:00,N/A,N/A
1/4/2021 6:00,N/A,N/A
1/4/2021 7:00,N/A,N/A
1/4/2021 8:00,N/A,N/A
1/4/2021 9:00,N/A,N/A
1/4/2021 10:00,N/A,N/A
1/4/2021 11:00,N/A,N/A
1/4/2021 12:00,N/A,N/A
1/4/2021 13:00,N/A,N/A
1/4/2021 14:00,N/A,N/A
1/4/2021 15:00,N/A,N/A
1/4/2021 16:00,N/A,N/A
1/4/2021 17:00,N/A,N/A
1/4/2021 18:00,N/A,N/A
1/4/2021 19:00,N/A,N/A
1/4/2021 20:00,N/A,N/A
1/4/2021 21:00,N/A,N/A
1/4/2021 22:00,N/A,N/A
1/4/2021 23:00,N/A,N/A
1/5/2021 0:00,N/A,N/A
1/5/2021 1:00,N/A,N/A
1/5/2021 2:00,N/A,N/A
1/5/2021 3:00,N/A,N/A
1/5/2021 4:00,N/A,N/A
1/5/2021 5:00,N/A,N/A
1/5/2021 6:00,N/A,N/A
1/5/2021 7:00,N/A,N/A
1/5/2021 8:00,N/A,N/A
1/5/2021 9:00,N/A,N/A
1/5/2021 10:00,N/A,N/A
1/5/2021 11:00,N/A,N/A
1/5/2021 12:00,N/A,N/A
1/5/2021 13:00,N/A,N/A
1/5/2021 14:00,N/A,N/A
1/5/2021 15:00,N/A,N/A
1/5/2021 16:00,N/A,N/A
1/5/2021 17:00,N/A,N/A
1/5/2021 18:00,N/A,N/A
1/5/2021 19:00,N/A,N/A
1/5/2021 20:00,N/A,N/A
1/5/2021 21:00,N/A,N/A
1/5/2021 22:00,N/A,N/A
1/5/2021 23:00,N/A,N/A
1/6/2021 0:00,N/A,N/A
1/6/2021 1:00,N/A,N/A
1/6/2021 2:00,N/A,N/A
1/6/2021 3:00,N/A,N/A
1/6/2021 4:00,N/A,N/A
1/6/2021 5:00,N/A,N/A
1/6/2021 6:00,N/A,N/A
1/6/2021 7:00,N/A,N/A
1/6/2021 8:00,N/A,N/A
1/6/2021 9:00,N/A,N/A
1/6/2021 10:00,N/A,N/A
1/6/2021 11:00,N/A,N/A
1/6/2021 12:00,N/A,N/A
1/6/2021 13:00,N/A,N/A
1/6/2021 14:00,N/A,N/A
1/6/2021 15:00,N/A,N/A
1/6/2021 16:00,N/A,N/A
1/6/2021 17:00,N/A,N/A
1/6/2021 18:00,N/A,N/A
1/6/2021 19:00,N/A,N/A
1/6/2021 20:00,N/A,N/A
1/6/2021 21:00,N/A,N/A
1/6/2021 22:00,N/A,N/A
1/6/2021 23:00,N/A,N/A
1/7/2021 0:00,N/A,N/A
1/7/2021 1:00,N/A,N/A
1/7/2021 2:00,N/A,N/A
1/7/2021 3:00,N/A,N/A
1/7/2021 4:00,N/A,N/A
1/7/2021 5:00,N/A,N/A
1/7/2021 6:00,N/A,N/A
1/7/2021 7:00,N/A,N/A
1/7/2021 8:00,N/A,N/A
1/7/2021 9:00,N/A,N/A
1/7/2021 10:00,N/A,N/A
1/7/2021 11:00,N/A,N/A
1/7/2021 12:00,N/A,N/A
1/7/2021 13:00,N/A,N/A
1/7/2021 14:00,N/A,N/A
1/7/2021 15:00,N/A,N/A
1/7/2021 16:00,N/A,N/A
1/7/2021 17:00,N/A,N/A
1/7/2021 18:00,N/A,N/A
1/7/2021 19:00,N/A,N/A
1/7/2021 20:00,N/A,N/A
1/7/2021 21:00,N/A,N/A
1/7/2021 22:00,N/A,N/A
1/7/2021 23:00,N/A,N/A
1/8/2021 0:00,N/A,N/A
1/8/2021 1:00,N/A,N/A
1/8/2021 2:00,N/A,N/A
1/8/2021 3:00,N/A,N/A
1/8/2021 4:00,N/A,N/A
1/8/2021 5:00,N/A,N/A
1/8/2021 6:00,N/A,N/A
1/8/2021 7:00,N/A,N/A
1/8/2021 8:00,N/A,N/A
1/8/2021 9:00,N/A,N/A
1/8/2021 10:00,N/A,N/A
1/8/2021 11:00,N/A,N/A
1/8/2021 12:00,N/A,N/A
1/8/2021 13:00,N/A,N/A
1/8/2021 14:00,N/A,N/A
1/8/2021 15:00,N/A,N/A
1/8/2021 16:00,N/A,N/A
1/8/2021 17:00,N/A,N/A
1/8/2021 18:00,N/A,N/A
1/8/2021 19:00,N/A,N/A
1/8/2021 20:00,N/A,N/A
1/8/2021 21:00,N/A,N/A
1/8/2021 22:00,N/A,N/A
1/8/2021 23:00,N/A,N/A
1/9/2021 0:00,N/A,N/A
1/9/2021 1:00,N/A,N/A
1/9/2021 2:00,N/A,N/A
1/9/2021 3:00,N/A,N/A
1/9/2021 4:00,N/A,N/A
1/9/2021 5:00,N/A,N/A
1/9/2021 6:00,N/A,N/A
1/9/2021 7:00,N/A,N/A
1/9/2021 8:00,N/A,N/A
1/9/2021 9:00,N/A,N/A
1/9/2021 10:00,N/A,N/A
1/9/2021 11:00,N/A,N/A
1/9/2021 12:00,N/A,N/A
1/9/2021 13:00,N/A,N/A
1/9/2021 14:00,N/A,N/A
1/9/2021 15:00,N/A,N/A
1/9/2021 16:00,N/A,N/A
1/9/2021 17:00,N/A,N/A
1/9/2021 18:00,N/A,N/A
1/9/2021 19:00,N/A,N/A
1/9/2021 20:00,N/A,N/A
1/9/2021 21:00,N/A,N/A
1/9/2021 22:00,N/A,N/A
1/9/2021 23:00,N/A,N/A
1/10/2021 0:00,N/A,N/A
1/10/2021 1:00,N/A,N/A
1/10/2021 2:00,N/A,N/A
1/10/2021 3:00,N/A,N/A
1/10/2021 4:00,N/A,N/A
1/10/2021 5:00,N/A,N/A
1/10/2021 6:00,N/A,N/A
1/10/2021 7:00,N/A,N/A
1/10/2021 8:00,N/A,N/A
1/10/2021 9:00,N/A,N/A
1/10/2021 10:00,N/A,N/A
1/10/2021 11:00,N/A,N/A
1/10/2021 12:00,N/A,N/A
1/10/2021 13:00,N/A,N/A
1/10/2021 14:00,N/A,N/A
1/10/2021 15:00,N/A,N/A
1/10/2021 16:00,N/A,N/A
1/10/2021 17:00,N/A,N/A
1/10/2021 18:00,N/A,N/A
1/10/2021 19:00,N/A,N/A
1/10/2021 20:00,N/A,N/A
1/10/2021 21:00,N/A,N/A
1/10/2021 22:00,N/A,N/A
1/10/2021 23:00,N/A,N/A
1/11/2021 0:00,N/A,N/A
1/11/2021 1:00,N/A,N/A
1/11/2021 2:00,N/A,N/A
1/11/2021 3:00,N/A,N/A
1/11/2021 4:00,N/A,N/A
1/11/2021 5:00,N/A,N/A
1/11/2021 6:00,N/A,N/A
1/11/2021 7:00,N/A,N/A
1/11/2021 8:00,N/A,N/A
1/11/2021 9:00,N/A,N/A
1/11/2021 10:00,N/A,N/A
1/11/2021 11:00,N/A,N/A
1/11/2021 12:00,N/A,N/A
1/11/2021 13:00,N/A,N/A
1/11/2021 14:00,N/A,N/A
1/11/2021 15:00,N/A,N/A
1/11/2021 16:00,N/A,N/A
1/11/2021 17:00,N/A,N/A
1/11/2021 18:00,N/A,N/A
1/11/2021 19:00,N/A,N/A
1/11/2021 20:00,N/A,N/A
1/11/2021 21:00,N/A,N/A
1/11/2021 22:00,N/A,N/A
1/11/2021 23:00,N/A,N/A
1/12/2021 0:00,N/A,N/A
1/12/2021 1:00,N/A,N/A
1/12/2021 2:00,N/A,N/A
1/12/2021 3:00,N/A,N/A
1/12/2021 4:00,N/A,N/A
1/12/2021 5:00,N/A,N/A
1/12/2021 6:00,N/A,N/A
1/12/2021 7:00,N/A,N/A
1/12/2021 8:00,N/A,N/A
1/12/2021 9:00,N/A,N/A
1/12/2021 10:00,N/A,N/A
1/12/2021 11:00,N/A,N/A
1/12/2021 12:00,N/A,N/A
1/12/2021 13:00,N/A,N/A
1/12/2021 14:00,N/A,N/A
1/12/2021 15:00,N/A,N/A
1/12/2021 16:00,N/A,N/A
1/12/2021 17:00,N/A,N/A
1/12/2021 18:00,N/A,N/A
1/12/2021 19:00,N/A,N/A
1/12/2021 20:00,N/A,N/A
1/12/2021 21:00,N/A,N/A
1/12/2021 22:00,N/A,N/A
1/12/2021 23:00,N/A,N/A
1/13/2021 0:00,N/A,N/A
1/13/2021 1:00,N/A,N/A
1/13/2021 2:00,N/A,N/A
1/13/2021 3:00,N/A,N/A
1/13/2021 4:00,N/A,N/A
1/13/2021 5:00,N/A,N/A
1/13/2021 6:00,N/A,N/A
1/13/2021 7:00,N/A,N/A
1/13/2021 8:00,N/A,N/A
1/13/2021 9:00,N/A,N/A
1/13/2021 10:00,N/A,N/A
1/13/2021 11:00,N/A,N/A
1/13/2021 12:00,N/A,N/A
1/13/2021 13:00,N/A,N/A
1/13/2021 14:00,N/A,N/A
1/13/2021 15:00,N/A,N/A
1/13/2021 16:00,N/A,N/A
1/13/2021 17:00,N/A,N/A
1/13/2021 18:00,N/A,N/A
1/13/2021 19:00,N/A,N/A
1/13/2021 20:00,N/A,N/A
1/13/2021 21:00,N/A,N/A
1/13/2021 22:00,N/A,N/A
1/13/2021 23:00,N/A,N/A
1/14/2021 0:00,N/A,N/A
1/14/2021 1:00,N/A,N/A
1/14/2021 2:00,N/A,N/A
1/14/2021 3:00,N/A,N/A
1/14/2021 4:00,N/A,N/A
1/14/2021 5:00,N/A,N/A
1/14/2021 6:00,N/A,N/A
1/14/2021 7:00,N/A,N/A
1/14/2021 8:00,N/A,N/A
1/14/2021 9:00,N/A,N/A
1/14/2021 10:00,N/A,N/A
1/14/2021 11:00,N/A,N/A
1/14/2021 12:00,N/A,N/A
1/14/2021 13:00,N/A,N/A
1/14/2021 14:00,N/A,N/A
1/14/2021 15:00,N/A,N/A
1/14/2021 16:00,N/A,N/A
1/14/2021 17:00,N/A,N/A
1/14/2021 18:00,N/A,N/A
1/14/2021 19:00,N/A,N/A
1/14/2021 20:00,N/A,N/A
1/14/2021 21:00,N/A,N/A
1/14/2021 22:00,N/A,N/A
1/14/2021 23:00,N/A,N/A
1/15/2021 0:00,N/A,N/A
1/15/2021 1:00,N/A,N/A
1/15/2021 2:00,N/A,N/A
1/15/2021 3:00,N/A,N/A
1/15/2021 4:00,N/A,N/A
1/15/2021 5:00,N/A,N/A
1/15/2021 6:00,N/A,N/A
1/15/2021 7:00,N/A,N/A
1/15/2021 8:00,N/A,N/A
1/15/2021 9:00,N/A,N/A
1/15/2021 10:00,N/A,N/A
1/15/2021 11:00,N/A,N/A
1/15/2021 12:00,N/A,N/A
1/15/2021 13:00,N/A,N/A
1/15/2021 14:00,N/A,N/A
1/15/2021 15:00,N/A,N/A
1/15/2021 16:00,N/A,N/A
1/15/2021 17:00,N/A,N/A
1/15/2021 18:00,N/A,N/A
1/15/2021 19:00,N/A,N/A
1/15/2021 20:00,N/A,N/A
1/15/2021 21:00,N/A,N/A
1/15/2021 22:00,N/A,N/A
1/15/2021 23:00,N/A,N/A
1/16/2021 0:00,N/A,N/A
1/16/2021 1:00,N/A,N/A
1/16/2021 2:00,N/A,N/A
1/16/2021 3:00,N/A,N/A
1/16/2021 4:00,N/A,N/A
1/16/2021 5:00,N/A,N/A
1/16/2021 6:00,N/A,N/A
1/16/2021 7:00,N/A,N/A
1/16/2021 8:00,N/A,N/A
1/16/2021 9:00,N/A,N/A
1/16/2021 10:00,N/A,N/A
1/16/2021 11:00,N/A,N/A
1/16/2021 12:00,N/A,N/A
1/16/2021 13:00,N/A,N/A
1/16/2021 14:00,N/A,N/A
1/16/2021 15:00,N/A,N/A
1/16/2021 16:00,N/A,N/A
1/16/2021 17:00,N/A,N/A
1/16/2021 18:00,N/A,N/A
1/16/2021 19:00,N/A,N/A
1/16/2021 20:00,N/A,N/A
1/16/2021 21:00,N/A,N/A
1/16/2021 22:00,N/A,N/A
1/16/2021 23:00,N/A,N/A
1/17/2021 0:00,N/A,N/A
1/17/2021 1:00,N/A,N/A
1/17/2021 2:00,N/A,N/A
1/17/2021 3:00,N/A,N/A
1/17/2021 4:00,N/A,N/A
1/17/2021 5:00,N/A,N/A
1/17/2021 6:00,N/A,N/A
1/17/2021 7:00,N/A,N/A
1/17/2021 8:00,N/A,N/A
1/17/2021 9:00,N/A,N/A
1/17/2021 10:00,N/A,N/A
1/17/2021 11:00,N/A,N/A
1/17/2021 12:00,N/A,N/A
1/17/2021 13:00,N/A,N/A
1/17/2021 14:00,N/A,N/A
1/17/2021 15:00,N/A,N/A
1/17/2021 16:00,N/A,N/A
1/17/2021 17:00,N/A,N/A
1/17/2021 18:00,N/A,N/A
1/17/2021 19:00,N/A,N/A
1/17/2021 20:00,N/A,N/A
1/17/2021 21:00,N/A,N/A
1/17/2021 22:00,N/A,N/A
1/17/2021 23:00,N/A,N/A
1/18/2021 0:00,N/A,N/A
1/18/2021 1:00,N/A,N/A
1/18/2021 2:00,N/A,N/A
1/18/2021 3:00,N/A,N/A
1/18/2021 4:00,N/A,N/A
1/18/2021 5:00,N/A,N/A
1/18/2021 6:00,N/A,N/A
1/18/2021 7:00,N/A,N/A
1/18/2021 8:00,N/A,N/A
1/18/2021 9:00,N/A,N/A
1/18/2021 10:00,N/A,N/A
1/18/2021 11:00,N/A,N/A
1/18/2021 12:00,N/A,N/A
1/18/2021 13:00,N/A,N/A
1/18/2021 14:00,N/A,N/A
1/18/2021 15:00,N/A,N/A
1/18/2021 16:00,N/A,N/A
1/18/2021 17:00,N/A,N/A
1/18/2021 18:00,N/A,N/A
1/18/2021 19:00,N/A,N/A
1/18/2021 20:00,N/A,N/A
1/18/2021 21:00,N/A,N/A
1/18/2021 22:00,N/A,N/A
1/18/2021 23:00,N/A,N/A
1/19/2021 0:00,N/A,N/A
1/19/2021 1:00,N/A,N/A
1/19/2021 2:00,N/A,N/A
1/19/2021 3:00,N/A,N/A
1/19/2021 4:00,N/A,N/A
1/19/2021 5:00,N/A,N/A
1/19/2021 6:00,N/A,N/A
1/19/2021 7:00,N/A,N/A
1/19/2021 8:00,N/A,N/A
1/19/2021 9:00,N/A,N/A
1/19/2021 10:00,N/A,N/A
1/19/2021 11:00,N/A,N/A
1/19/2021 12:00,N/A,N/A
1/19/2021 13:00,N/A,N/A
1/19/2021 14:00,N/A,N/A
1/19/2021 15:00,N/A,N/A
1/19/2021 16:00,N/A,N/A
1/19/2021 17:00,N/A,N/A
1/19/2021 18:00,N/A,N/A
1/19/2021 19:00,N/A,N/A
1/19/2021 20:00,N/A,N/A
1/19/2021 21:00,N/A,N/A
1/19/2021 22:00,N/A,N/A
1/19/2021 23:00,N/A,N/A
1/20/2021 0:00,N/A,N/A
1/20/2021 1:00,N/A,N/A
1/20/2021 2:00,N/A,N/A
1/20/2021 3:00,N/A,N/A
1/20/2021 4:00,N/A,N/A
1/20/2021 5:00,N/A,N/A
1/20/2021 6:00,N/A,N/A
1/20/2021 7:00,N/A,N/A
1/20/2021 8:00,N/A,N/A
1/20/2021 9:00,N/A,N/A
1/20/2021 10:00,N/A,N/A
1/20/2021 11:00,N/A,N/A
1/20/2021 12:00,N/A,N/A
1/20/2021 13:00,N/A,N/A
1/20/2021 14:00,N/A,N/A
1/20/2021 15:00,N/A,N/A
1/20/2021 16:00,N/A,N/A
1/20/2021 17:00,N/A,N/A
1/20/2021 18:00,N/A,N/A
1/20/2021 19:00,N/A,N/A
1/20/2021 20:00,N/A,N/A
1/20/2021 21:00,N/A,N/A
1/20/2021 22:00,N/A,N/A
1/20/2021 23:00,N/A,N/A
1/21/2021 0:00,N/A,N/A
1/21/2021 1:00,N/A,N/A
1/21/2021 2:00,N/A,N/A
1/21/2021 3:00,N/A,N/A
1/21/2021 4:00,N/A,N/A
1/21/2021 5:00,N/A,N/A
1/21/2021 6:00,N/A,N/A
1/21/2021 7:00,N/A,N/A
1/21/2021 8:00,N/A,N/A
1/21/2021 9:00,N/A,N/A
1/21/2021 10:00,N/A,N/A
1/21/2021 11:00,N/A,N/A
1/21/2021 12:00,N/A,N/A
1/21/2021 13:00,N/A,N/A
1/21/2021 14:00,N/A,N/A
1/21/2021 15:00,N/A,N/A
1/21/2021 16:00,N/A,N/A
1/21/2021 17:00,N/A,N/A
1/21/2021 18:00,N/A,N/A
1/21/2021 19:00,N/A,N/A
1/21/2021 20:00,N/A,N/A
1/21/2021 21:00,N/A,N/A
1/21/2021 22:00,N/A,N/A
1/21/2021 23:00,N/A,N/A
1/22/2021 0:00,N/A,N/A
1/22/2021 1:00,N/A,N/A
1/22/2021 2:00,N/A,N/A
1/22/2021 3:00,N/A,N/A
1/22/2021 4:00,N/A,N/A
1/22/2021 5:00,N/A,N/A
1/22/2021 6:00,N/A,N/A
1/22/2021 7:00,N/A,N/A
1/22/2021 8:00,N/A,N/A
1/22/2021 9:00,N/A,N/A
1/22/2021 10:00,N/A,N/A
1/22/2021 11:00,N/A,N/A
1/22/2021 12:00,N/A,N/A
1/22/2021 13:00,N/A,N/A
1/22/2021 14:00,N/A,N/A
1/22/2021 15:00,N/A,N/A
1/22/2021 16:00,N/A,N/A
1/22/2021 17:00,N/A,N/A
1/22/2021 18:00,N/A,N/A
1/22/2021 19:00,N/A,N/A
1/22/2021 20:00,N/A,N/A
1/22/2021 21:00,N/A,N/A
1/22/2021 22:00,N/A,N/A
1/22/2021 23:00,N/A,N/A
1/23/2021 0:00,N/A,N/A
1/23/2021 1:00,N/A,N/A
1/23/2021 2:00,N/A,N/A
1/23/2021 3:00,N/A,N/A
1/23/2021 4:00,N/A,N/A
1/23/2021 5:00,N/A,N/A
1/23/2021 6:00,N/A,N/A
1/23/2021 7:00,N/A,N/A
1/23/2021 8:00,N/A,N/A
1/23/2021 9:00,N/A,N/A
1/23/2021 10:00,N/A,N/A
1/23/2021 11:00,N/A,N/A
1/23/2021 12:00,N/A,N/A
1/23/2021 13:00,N/A,N/A
1/23/2021 14:00,N/A,N/A
1/23/2021 15:00,N/A,N/A
1/23/2021 16:00,N/A,N/A
1/23/2021 17:00,N/A,N/A
1/23/2021 18:00,N/A,N/A
1/23/2021 19:00,N/A,N/A
1/23/2021 20:00,N/A,N/A
1/23/2021 21:00,N/A,N/A
1/23/2021 22:00,N/A,N/A
1/23/2021 23:00,N/A,N/A
1/24/2021 0:00,N/A,N/A
1/24/2021 1:00,N/A,N/A
1/24/2021 2:00,N/A,N/A
1/24/2021 3:00,N/A,N/A
1/24/2021 4:00,N/A,N/A
1/24/2021 5:00,N/A,N/A
1/24/2021 6:00,N/A,N/A
1/24/2021 7:00,N/A,N/A
1/24/2021 8:00,N/A,N/A
1/24/2021 9:00,N/A,N/A
1/24/2021 10:00,N/A,N/A
1/24/2021 11:00,N/A,N/A
1/24/2021 12:00,N/A,N/A
1/24/2021 13:00,N/A,N/A
1/24/2021 14:00,N/A,N/A
1/24/2021 15:00,N/A,N/A
1/24/2021 16:00,N/A,N/A
1/24/2021 17:00,N/A,N/A
1/24/2021 18:00,N/A,N/A
1/24/2021 19:00,N/A,N/A
1/24/2021 20:00,N/A,N/A
1/24/2021 21:00,N/A,N/A
1/24/2021 22:00,N/A,N/A
1/24/2021 23:00,N/A,N/A
1/25/2021 0:00,N/A,N/A
1/25/2021 1:00,N/A,N/A
1/25/2021 2:00,N/A,N/A
1/25/2021 3:00,N/A,N/A
1/25/2021 4:00,N/A,N/A
1/25/2021 5:00,N/A,N/A
1/25/2021 6:00,N/A,N/A
1/25/2021 7:00,N/A,N/A
1/25/2021 8:00,N/A,N/A
1/25/2021 9:00,N/A,N/A
1/25/2021 10:00,N/A,N/A
1/25/2021 11:00,N/A,N/A
1/25/2021 12:00,N/A,N/A
1/25/2021 13:00,N/A,N/A
1/25/2021 14:00,N/A,N/A
1/25/2021 15:00,N/A,N/A
1/25/2021 16:00,N/A,N/A
1/25/2021 17:00,N/A,N/A
1/25/2021 18:00,N/A,N/A
1/25/2021 19:00,N/A,N/A
1/25/2021 20:00,N/A,N/A
1/25/2021 21:00,N/A,N/A
1/25/2021 22:00,N/A,N/A
1/25/2021 23:00,N/A,N/A
1/26/2021 0:00,N/A,N/A
1/26/2021 1:00,N/A,N/A
1/26/2021 2:00,N/A,N/A
1/26/2021 3:00,N/A,N/A
1/26/2021 4:00,N/A,N/A
1/26/2021 5:00,N/A,N/A
1/26/2021 6:00,N/A,N/A
1/26/2021 7:00,N/A,N/A
1/26/2021 8:00,N/A,N/A
1/26/2021 9:00,N/A,N/A
1/26/2021 10:00,N/A,N/A
1/26/2021 11:00,N/A,N/A
1/26/2021 12:00,N/A,N/A
1/26/2021 13:00,N/A,N/A
1/26/2021 14:00,N/A,N/A
1/26/2021 15:00,N/A,N/A
1/26/2021 16:00,N/A,N/A
1/26/2021 17:00,N/A,N/A
1/26/2021 18:00,N/A,N/A
1/26/2021 19:00,N/A,N/A
1/26/2021 20:00,N/A,N/A
1/26/2021 21:00,N/A,N/A
1/26/2021 22:00,N/A,N/A
1/26/2021 23:00,N/A,N/A
1/27/2021 0:00,N/A,N/A
1/27/2021 1:00,N/A,N/A
1/27/2021 2:00,N/A,N/A
1/27/2021 3:00,N/A,N/A
1/27/2021 4:00,N/A,N/A
1/27/2021 5:00,N/A,N/A
1/27/2021 6:00,N/A,N/A
1/27/2021 7:00,N/A,N/A
1/27/2021 8:00,N/A,N/A
1/27/2021 9:00,N/A,N/A
1/27/2021 10:00,N/A,N/A
1/27/2021 11:00,N/A,N/A
1/27/2021 12:00,N/A,N/A
1/27/2021 13:00,N/A,N/A
1/27/2021 14:00,N/A,N/A
1/27/2021 15:00,N/A,N/A
1/27/2021 16:00,N/A,N/A
1/27/2021 17:00,N/A,N/A
1/27/2021 18:00,N/A,N/A
1/27/2021 19:00,N/A,N/A
1/27/2021 20:00,N/A,N/A
1/27/2021 21:00,N/A,N/A
1/27/2021 22:00,N/A,N/A
1/27/2021 23:00,N/A,N/A
1/28/2021 0:00,N/A,N/A
1/28/2021 1:00,N/A,N/A
1/28/2021 2:00,N/A,N/A
1/28/2021 3:00,N/A,N/A
1/28/2021 4:00,N/A,N/A
1/28/2021 5:00,N/A,N/A
1/28/2021 6:00,N/A,N/A
1/28/2021 7:00,N/A,N/A
1/28/2021 8:00,N/A,N/A
1/28/2021 9:00,N/A,N/A
1/28/2021 10:00,N/A,N/A
1/28/2021 11:00,N/A,N/A
1/28/2021 12:00,N/A,N/A
1/28/2021 13:00,N/A,N/A
1/28/2021 14:00,N/A,N/A
1/28/2021 15:00,N/A,N/A
1/28/2021 16:00,N/A,N/A
1/28/2021 17:00,N/A,N/A
1/28/2021 18:00,N/A,N/A
1/28/2021 19:00,N/A,N/A
1/28/2021 20:00,N/A,N/A
1/28/2021 21:00,N/A,N/A
1/28/2021 22:00,N/A,N/A
1/28/2021 23:00,N/A,N/A
1/29/2021 0:00,N/A,N/A
1/29/2021 1:00,N/A,N/A
1/29/2021 2:00,N/A,N/A
1/29/2021 3:00,N/A,N/A
1/29/2021 4:00,N/A,N/A
1/29/2021 5:00,N/A,N/A
1/29/2021 6:00,N/A,N/A
1/29/2021 7:00,N/A,N/A
1/29/2021 8:00,N/A,N/A
1/29/2021 9:00,N/A,N/A
1/29/2021 10:00,N/A,N/A
1/29/2021 11:00,N/A,N/A
1/29/2021 12:00,N/A,N/A
1/29/2021 13:00,N/A,N/A
1/29/2021 14:00,N/A,N/A
1/29/2021 15:00,N/A,N/A
1/29/2021 16:00,N/A,N/A
1/29/2021 17:00,N/A,N/A
1/29/2021 18:00,N/A,N/A
1/29/2021 19:00,N/A,N/A
1/29/2021 20:00,N/A,N/A
1/29/2021 21:00,N/A,N/A
1/29/2021 22:00,N/A,N/A
1/29/2021 23:00,N/A,N/A
1/30/2021 0:00,N/A,N/A
1/30/2021 1:00,N/A,N/A
1/30/2021 2:00,N/A,N/A
1/30/2021 3:00,N/A,N/A
1/30/2021 4:00,N/A,N/A
1/30/2021 5:00,N/A,N/A
1/30/2021 6:00,N/A,N/A
1/30/2021 7:00,N/A,N/A
1/30/2021 8:00,N/A,N/A
1/30/2021 9:00,N/A,N/A
1/30/2021 10:00,N/A,N/A
1/30/2021 11:00,N/A,N/A
1/30/2021 12:00,N/A,N/A
1/30/2021 13:00,N/A,N/A
1/30/2021 14:00,N/A,N/A
1/30/2021 15:00,N/A,N/A
1/30/2021 16:00,N/A,N/A
1/30/2021 17:00,N/A,N/A
1/30/2021 18:00,N/A,N/A
1/30/2021 19:00,N/A,N/A
1/30/2021 20:00,N/A,N/A
1/30/2021 21:00,N/A,N/A
1/30/2021 22:00,N/A,N/A
1/30/2021 23:00,N/A,N/A
1/31/2021 0:00,N/A,N/A
1/31/2021 1:00,N/A,N/A
1/31/2021 2:00,N/A,N/A
1/31/2021 3:00,N/A,N/A
1/31/2021 4:00,N/A,N/A
1/31/2021 5:00,N/A,N/A
1/31/2021 6:00,N/A,N/A
1/31/2021 7:00,N/A,N/A
1/31/2021 8:00,N/A,N/A
1/31/2021 9:00,N/A,N/A
1/31/2021 10:00,N/A,N/A
1/31/2021 11:00,N/A,N/A
1/31/2021 12:00,N/A,N/A
1/31/2021 13:00,N/A,N/A
1/31/2021 14:00,N/A,N/A
1/31/2021 15:00,N/A,N/A
1/31/2021 16:00,N/A,N/A
1/31/2021 17:00,N/A,N/A
1/31/2021 18:00,N/A,N/A
1/31/2021 19:00,N/A,N/A
1/31/2021 20:00,N/A,N/A
1/31/2021 21:00,N/A,N/A
1/31/2021 22:00,N/A,N/A
1/31/2021 23:00,N/A,N/A
2/1/2021 0:00,N/A,N/A
2/1/2021 1:00,N/A,N/A
2/1/2021 2:00,N/A,N/A
2/1/2021 3:00,N/A,N/A
2/1/2021 4:00,N/A,N/A
2/1/2021 5:00,N/A,N/A
2/1/2021 6:00,N/A,N/A
2/1/2021 7:00,N/A,N/A
2/1/2021 8:00,N/A,N/A
2/1/2021 9:00,N/A,N/A
2/1/2021 10:00,N/A,N/A
2/1/2021 11:00,N/A,N/A
2/1/2021 12:00,N/A,N/A
2/1/2021 13:00,N/A,N/A
2/1/2021 14:00,N/A,N/A
2/1/2021 15:00,N/A,N/A
2/1/2021 16:00,N/A,N/A
2/1/2021 17:00,N/A,N/A
2/1/2021 18:00,N/A,N/A
2/1/2021 19:00,N/A,N/A
2/1/2021 20:00,N/A,N/A
2/1/2021 21:00,N/A,N/A
2/1/2021 22:00,N/A,N/A
2/1/2021 23:00,N/A,N/A
2/2/2021 0:00,N/A,N/A
2/2/2021 1:00,N/A,N/A
2/2/2021 2:00,N/A,N/A
2/2/2021 3:00,N/A,N/A
2/2/2021 4:00,N/A,N/A
2/2/2021 5:00,N/A,N/A
2/2/2021 6:00,N/A,N/A
2/2/2021 7:00,N/A,N/A
2/2/2021 8:00,N/A,N/A
2/2/2021 9:00,N/A,N/A
2/2/2021 10:00,N/A,N/A
2/2/2021 11:00,N/A,N/A
2/2/2021 12:00,N/A,N/A
2/2/2021 13:00,N/A,N/A
2/2/2021 14:00,N/A,N/A
2/2/2021 15:00,N/A,N/A
2/2/2021 16:00,N/A,N/A
2/2/2021 17:00,N/A,N/A
2/2/2021 18:00,N/A,N/A
2/2/2021 19:00,N/A,N/A
2/2/2021 20:00,N/A,N/A
2/2/2021 21:00,N/A,N/A
2/2/2021 22:00,N/A,N/A
2/2/2021 23:00,N/A,N/A
2/3/2021 0:00,N/A,N/A
2/3/2021 1:00,N/A,N/A
2/3/2021 2:00,N/A,N/A
2/3/2021 3:00,N/A,N/A
2/3/2021 4:00,N/A,N/A
2/3/2021 5:00,N/A,N/A
2/3/2021 6:00,N/A,N/A
2/3/2021 7:00,N/A,N/A
2/3/2021 8:00,N/A,N/A
2/3/2021 9:00,N/A,N/A
2/3/2021 10:00,N/A,N/A
2/3/2021 11:00,N/A,N/A
2/3/2021 12:00,N/A,N/A
2/3/2021 13:00,N/A,N/A
2/3/2021 14:00,N/A,N/A
2/3/2021 15:00,N/A,N/A
2/3/2021 16:00,N/A,N/A
2/3/2021 17:00,N/A,N/A
2/3/2021 18:00,N/A,N/A
2/3/2021 19:00,N/A,N/A
2/3/2021 20:00,N/A,N/A
2/3/2021 21:00,N/A,N/A
2/3/2021 22:00,N/A,N/A
2/3/2021 23:00,N/A,N/A
2/4/2021 0:00,N/A,N/A
2/4/2021 1:00,N/A,N/A
2/4/2021 2:00,N/A,N/A
2/4/2021 3:00,N/A,N/A
2/4/2021 4:00,N/A,N/A
2/4/2021 5:00,N/A,N/A
2/4/2021 6:00,N/A,N/A
2/4/2021 7:00,N/A,N/A
2/4/2021 8:00,N/A,N/A
2/4/2021 9:00,N/A,N/A
2/4/2021 10:00,N/A,N/A
2/4/2021 11:00,N/A,N/A
2/4/2021 12:00,N/A,N/A
2/4/2021 13:00,N/A,N/A
2/4/2021 14:00,N/A,N/A
2/4/2021 15:00,N/A,N/A
2/4/2021 16:00,N/A,N/A
2/4/2021 17:00,N/A,N/A
2/4/2021 18:00,N/A,N/A
2/4/2021 19:00,N/A,N/A
2/4/2021 20:00,N/A,N/A
2/4/2021 21:00,N/A,N/A
2/4/2021 22:00,N/A,N/A
2/4/2021 23:00,N/A,N/A
2/5/2021 0:00,N/A,N/A
2/5/2021 1:00,N/A,N/A
2/5/2021 2:00,N/A,N/A
2/5/2021 3:00,N/A,N/A
2/5/2021 4:00,N/A,N/A
2/5/2021 5:00,N/A,N/A
2/5/2021 6:00,N/A,N/A
2/5/2021 7:00,N/A,N/A
2/5/2021 8:00,N/A,N/A
2/5/2021 9:00,N/A,N/A
2/5/2021 10:00,N/A,N/A
2/5/2021 11:00,N/A,N/A
2/5/2021 12:00,N/A,N/A
2/5/2021 13:00,N/A,N/A
2/5/2021 14:00,N/A,N/A
2/5/2021 15:00,N/A,N/A
2/5/2021 16:00,N/A,N/A
2/5/2021 17:00,N/A,N/A
2/5/2021 18:00,N/A,N/A
2/5/2021 19:00,N/A,N/A
2/5/2021 20:00,N/A,N/A
2/5/2021 21:00,N/A,N/A
2/5/2021 22:00,N/A,N/A
2/5/2021 23:00,N/A,N/A
2/6/2021 0:00,N/A,N/A
2/6/2021 1:00,N/A,N/A
2/6/2021 2:00,N/A,N/A
2/6/2021 3:00,N/A,N/A
2/6/2021 4:00,N/A,N/A
2/6/2021 5:00,N/A,N/A
2/6/2021 6:00,N/A,N/A
2/6/2021 7:00,N/A,N/A
2/6/2021 8:00,N/A,N/A
2/6/2021 9:00,N/A,N/A
2/6/2021 10:00,N/A,N/A
2/6/2021 11:00,N/A,N/A
2/6/2021 12:00,N/A,N/A
2/6/2021 13:00,N/A,N/A
2/6/2021 14:00,N/A,N/A
2/6/2021 15:00,N/A,N/A
2/6/2021 16:00,N/A,N/A
2/6/2021 17:00,N/A,N/A
2/6/2021 18:00,N/A,N/A
2/6/2021 19:00,N/A,N/A
2/6/2021 20:00,N/A,N/A
2/6/2021 21:00,N/A,N/A
2/6/2021 22:00,N/A,N/A
2/6/2021 23:00,N/A,N/A
2/7/2021 0:00,N/A,N/A
2/7/2021 1:00,N/A,N/A
2/7/2021 2:00,N/A,N/A
2/7/2021 3:00,N/A,N/A
2/7/2021 4:00,N/A,N/A
2/7/2021 5:00,N/A,N/A
2/7/2021 6:00,N/A,N/A
2/7/2021 7:00,N/A,N/A
2/7/2021 8:00,N/A,N/A
2/7/2021 9:00,N/A,N/A
2/7/2021 10:00,N/A,N/A
2/7/2021 11:00,N/A,N/A
2/7/2021 12:00,N/A,N/A
2/7/2021 13:00,N/A,N/A
2/7/2021 14:00,N/A,N/A
2/7/2021 15:00,N/A,N/A
2/7/2021 16:00,N/A,N/A
2/7/2021 17:00,N/A,N/A
2/7/2021 18:00,N/A,N/A
2/7/2021 19:00,N/A,N/A
2/7/2021 20:00,N/A,N/A
2/7/2021 21:00,N/A,N/A
2/7/2021 22:00,N/A,N/A
2/7/2021 23:00,N/A,N/A
2/8/2021 0:00,N/A,N/A
2/8/2021 1:00,N/A,N/A
2/8/2021 2:00,N/A,N/A
2/8/2021 3:00,N/A,N/A
2/8/2021 4:00,N/A,N/A
2/8/2021 5:00,N/A,N/A
2/8/2021 6:00,N/A,N/A
2/8/2021 7:00,N/A,N/A
2/8/2021 8:00,N/A,N/A
2/8/2021 9:00,N/A,N/A
2/8/2021 10:00,N/A,N/A
2/8/2021 11:00,N/A,N/A
2/8/2021 12:00,N/A,N/A
2/8/2021 13:00,N/A,N/A
2/8/2021 14:00,N/A,N/A
2/8/2021 15:00,N/A,N/A
2/8/2021 16:00,N/A,N/A
2/8/2021 17:00,N/A,N/A
2/8/2021 18:00,N/A,N/A
2/8/2021 19:00,N/A,N/A
2/8/2021 20:00,N/A,N/A
2/8/2021 21:00,N/A,N/A
2/8/2021 22:00,N/A,N/A
2/8/2021 23:00,N/A,N/A
2/9/2021 0:00,N/A,N/A
2/9/2021 1:00,N/A,N/A
2/9/2021 2:00,N/A,N/A
2/9/2021 3:00,N/A,N/A
2/9/2021 4:00,N/A,N/A
2/9/2021 5:00,N/A,N/A
2/9/2021 6:00,N/A,N/A
2/9/2021 7:00,N/A,N/A
2/9/2021 8:00,N/A,N/A
2/9/2021 9:00,N/A,N/A
2/9/2021 10:00,N/A,N/A
2/9/2021 11:00,N/A,N/A
2/9/2021 12:00,N/A,N/A
2/9/2021 13:00,N/A,N/A
2/9/2021 14:00,N/A,N/A
2/9/2021 15:00,N/A,N/A
2/9/2021 16:00,N/A,N/A
2/9/2021 17:00,N/A,N/A
2/9/2021 18:00,N/A,N/A
2/9/2021 19:00,N/A,N/A
2/9/2021 20:00,N/A,N/A
2/9/2021 21:00,N/A,N/A
2/9/2021 22:00,N/A,N/A
2/9/2021 23:00,N/A,N/A
2/10/2021 0:00,N/A,N/A
2/10/2021 1:00,N/A,N/A
2/10/2021 2:00,N/A,N/A
2/10/2021 3:00,N/A,N/A
2/10/2021 4:00,N/A,N/A
2/10/2021 5:00,N/A,N/A
2/10/2021 6:00,N/A,N/A
2/10/2021 7:00,N/A,N/A
2/10/2021 8:00,N/A,N/A
2/10/2021 9:00,N/A,N/A
2/10/2021 10:00,N/A,N/A
2/10/2021 11:00,N/A,N/A
2/10/2021 12:00,N/A,N/A
2/10/2021 13:00,N/A,N/A
2/10/2021 14:00,N/A,N/A
2/10/2021 15:00,N/A,N/A
2/10/2021 16:00,N/A,N/A
2/10/2021 17:00,N/A,N/A
2/10/2021 18:00,N/A,N/A
2/10/2021 19:00,N/A,N/A
2/10/2021 20:00,N/A,N/A
2/10/2021 21:00,N/A,N/A
2/10/2021 22:00,N/A,N/A
2/10/2021 23:00,N/A,N/A
2/11/2021 0:00,N/A,N/A
2/11/2021 1:00,N/A,N/A
2/11/2021 2:00,N/A,N/A
2/11/2021 3:00,N/A,N/A
2/11/2021 4:00,N/A,N/A
2/11/2021 5:00,N/A,N/A
2/11/2021 6:00,N/A,N/A
2/11/2021 7:00,N/A,N/A
2/11/2021 8:00,N/A,N/A
2/11/2021 9:00,N/A,N/A
2/11/2021 10:00,N/A,N/A
2/11/2021 11:00,N/A,N/A
2/11/2021 12:00,N/A,N/A
2/11/2021 13:00,N/A,N/A
2/11/2021 14:00,N/A,N/A
2/11/2021 15:00,N/A,N/A
2/11/2021 16:00,N/A,N/A
2/11/2021 17:00,N/A,N/A
2/11/2021 18:00,N/A,N/A
2/11/2021 19:00,N/A,N/A
2/11/2021 20:00,N/A,N/A
2/11/2021 21:00,N/A,N/A
2/11/2021 22:00,N/A,N/A
2/11/2021 23:00,N/A,N/A
2/12/2021 0:00,N/A,N/A
2/12/2021 1:00,N/A,N/A
2/12/2021 2:00,N/A,N/A
2/12/2021 3:00,N/A,N/A
2/12/2021 4:00,N/A,N/A
2/12/2021 5:00,N/A,N/A
2/12/2021 6:00,N/A,N/A
2/12/2021 7:00,N/A,N/A
2/12/2021 8:00,N/A,N/A
2/12/2021 9:00,N/A,N/A
2/12/2021 10:00,N/A,N/A
2/12/2021 11:00,N/A,N/A
2/12/2021 12:00,N/A,N/A
2/12/2021 13:00,N/A,N/A
2/12/2021 14:00,N/A,N/A
2/12/2021 15:00,N/A,N/A
2/12/2021 16:00,N/A,N/A
2/12/2021 17:00,N/A,N/A
2/12/2021 18:00,N/A,N/A
2/12/2021 19:00,N/A,N/A
2/12/2021 20:00,N/A,N/A
2/12/2021 21:00,N/A,N/A
2/12/2021 22:00,N/A,N/A
2/12/2021 23:00,N/A,N/A
2/13/2021 0:00,N/A,N/A
2/13/2021 1:00,N/A,N/A
2/13/2021 2:00,N/A,N/A
2/13/2021 3:00,N/A,N/A
2/13/2021 4:00,N/A,N/A
2/13/2021 5:00,N/A,N/A
2/13/2021 6:00,N/A,N/A
2/13/2021 7:00,N/A,N/A
2/13/2021 8:00,N/A,N/A
2/13/2021 9:00,N/A,N/A
2/13/2021 10:00,N/A,N/A
2/13/2021 11:00,N/A,N/A
2/13/2021 12:00,N/A,N/A
2/13/2021 13:00,N/A,N/A
2/13/2021 14:00,N/A,N/A
2/13/2021 15:00,N/A,N/A
2/13/2021 16:00,N/A,N/A
2/13/2021 17:00,N/A,N/A
2/13/2021 18:00,N/A,N/A
2/13/2021 19:00,N/A,N/A
2/13/2021 20:00,N/A,N/A
2/13/2021 21:00,N/A,N/A
2/13/2021 22:00,N/A,N/A
2/13/2021 23:00,N/A,N/A
2/14/2021 0:00,N/A,N/A
2/14/2021 1:00,N/A,N/A
2/14/2021 2:00,N/A,N/A
2/14/2021 3:00,N/A,N/A
2/14/2021 4:00,N/A,N/A
2/14/2021 5:00,N/A,N/A
2/14/2021 6:00,N/A,N/A
2/14/2021 7:00,N/A,N/A
2/14/2021 8:00,N/A,N/A
2/14/2021 9:00,N/A,N/A
2/14/2021 10:00,N/A,N/A
2/14/2021 11:00,N/A,N/A
2/14/2021 12:00,N/A,N/A
2/14/2021 13:00,N/A,N/A
2/14/2021 14:00,N/A,N/A
2/14/2021 15:00,N/A,N/A
2/14/2021 16:00,N/A,N/A
2/14/2021 17:00,N/A,N/A
2/14/2021 18:00,N/A,N/A
2/14/2021 19:00,N/A,N/A
2/14/2021 20:00,N/A,N/A
2/14/2021 21:00,N/A,N/A
2/14/2021 22:00,N/A,N/A
2/14/2021 23:00,N/A,N/A
2/15/2021 0:00,N/A,N/A
2/15/2021 1:00,N/A,N/A
2/15/2021 2:00,N/A,N/A
2/15/2021 3:00,N/A,N/A
2/15/2021 4:00,N/A,N/A
2/15/2021 5:00,N/A,N/A
2/15/2021 6:00,N/A,N/A
2/15/2021 7:00,N/A,N/A
2/15/2021 8:00,N/A,N/A
2/15/2021 9:00,N/A,N/A
2/15/2021 10:00,N/A,N/A
2/15/2021 11:00,N/A,N/A
2/15/2021 12:00,N/A,N/A
2/15/2021 13:00,N/A,N/A
2/15/2021 14:00,N/A,N/A
2/15/2021 15:00,N/A,N/A
2/15/2021 16:00,N/A,N/A
2/15/2021 17:00,N/A,N/A
2/15/2021 18:00,N/A,N/A
2/15/2021 19:00,N/A,N/A
2/15/2021 20:00,N/A,N/A
2/15/2021 21:00,N/A,N/A
2/15/2021 22:00,N/A,N/A
2/15/2021 23:00,N/A,N/A
2/16/2021 0:00,N/A,N/A
2/16/2021 1:00,N/A,N/A
2/16/2021 2:00,N/A,N/A
2/16/2021 3:00,N/A,N/A
2/16/2021 4:00,N/A,N/A
2/16/2021 5:00,N/A,N/A
2/16/2021 6:00,N/A,N/A
2/16/2021 7:00,N/A,N/A
2/16/2021 8:00,N/A,N/A
2/16/2021 9:00,N/A,N/A
2/16/2021 10:00,N/A,N/A
2/16/2021 11:00,N/A,N/A
2/16/2021 12:00,N/A,N/A
2/16/2021 13:00,N/A,N/A
2/16/2021 14:00,N/A,N/A
2/16/2021 15:00,N/A,N/A
2/16/2021 16:00,N/A,N/A
2/16/2021 17:00,N/A,N/A
2/16/2021 18:00,N/A,N/A
2/16/2021 19:00,N/A,N/A
2/16/2021 20:00,N/A,N/A
2/16/2021 21:00,N/A,N/A
2/16/2021 22:00,N/A,N/A
2/16/2021 23:00,N/A,N/A
2/17/2021 0:00,N/A,N/A
2/17/2021 1:00,N/A,N/A
2/17/2021 2:00,N/A,N/A
2/17/2021 3:00,N/A,N/A
2/17/2021 4:00,N/A,N/A
2/17/2021 5:00,N/A,N/A
2/17/2021 6:00,N/A,N/A
2/17/2021 7:00,N/A,N/A
2/17/2021 8:00,N/A,N/A
2/17/2021 9:00,N/A,N/A
2/17/2021 10:00,N/A,N/A
2/17/2021 11:00,N/A,N/A
2/17/2021 12:00,N/A,N/A
2/17/2021 13:00,N/A,N/A
2/17/2021 14:00,N/A,N/A
2/17/2021 15:00,N/A,N/A
2/17/2021 16:00,N/A,N/A
2/17/2021 17:00,N/A,N/A
2/17/2021 18:00,N/A,N/A
2/17/2021 19:00,N/A,N/A
2/17/2021 20:00,N/A,N/A
2/17/2021 21:00,N/A,N/A
2/17/2021 22:00,N/A,N/A
2/17/2021 23:00,N/A,N/A
2/18/2021 0:00,N/A,N/A
2/18/2021 1:00,N/A,N/A
2/18/2021 2:00,N/A,N/A
2/18/2021 3:00,N/A,N/A
2/18/2021 4:00,N/A,N/A
2/18/2021 5:00,N/A,N/A
2/18/2021 6:00,N/A,N/A
2/18/2021 7:00,N/A,N/A
2/18/2021 8:00,N/A,N/A
2/18/2021 9:00,N/A,N/A
2/18/2021 10:00,N/A,N/A
2/18/2021 11:00,N/A,N/A
2/18/2021 12:00,N/A,N/A
2/18/2021 13:00,N/A,N/A
2/18/2021 14:00,N/A,N/A
2/18/2021 15:00,N/A,N/A
2/18/2021 16:00,N/A,N/A
2/18/2021 17:00,N/A,N/A
2/18/2021 18:00,N/A,N/A
2/18/2021 19:00,N/A,N/A
2/18/2021 20:00,N/A,N/A
2/18/2021 21:00,N/A,N/A
2/18/2021 22:00,N/A,N/A
2/18/2021 23:00,N/A,N/A
2/19/2021 0:00,N/A,N/A
2/19/2021 1:00,N/A,N/A
2/19/2021 2:00,N/A,N/A
2/19/2021 3:00,N/A,N/A
2/19/2021 4:00,N/A,N/A
2/19/2021 5:00,N/A,N/A
2/19/2021 6:00,N/A,N/A
2/19/2021 7:00,N/A,N/A
2/19/2021 8:00,N/A,N/A
2/19/2021 9:00,N/A,N/A
2/19/2021 10:00,N/A,N/A
2/19/2021 11:00,N/A,N/A
2/19/2021 12:00,N/A,N/A
2/19/2021 13:00,N/A,N/A
2/19/2021 14:00,N/A,N/A
2/19/2021 15:00,N/A,N/A
2/19/2021 16:00,N/A,N/A
2/19/2021 17:00,N/A,N/A
2/19/2021 18:00,N/A,N/A
2/19/2021 19:00,N/A,N/A
2/19/2021 20:00,N/A,N/A
2/19/2021 21:00,N/A,N/A
2/19/2021 22:00,N/A,N/A
2/19/2021 23:00,N/A,N/A
2/20/2021 0:00,N/A,N/A
2/20/2021 1:00,N/A,N/A
2/20/2021 2:00,N/A,N/A
2/20/2021 3:00,N/A,N/A
2/20/2021 4:00,N/A,N/A
2/20/2021 5:00,N/A,N/A
2/20/2021 6:00,N/A,N/A
2/20/2021 7:00,N/A,N/A
2/20/2021 8:00,N/A,N/A
2/20/2021 9:00,N/A,N/A
2/20/2021 10:00,N/A,N/A
2/20/2021 11:00,N/A,N/A
2/20/2021 12:00,N/A,N/A
2/20/2021 13:00,N/A,N/A
2/20/2021 14:00,N/A,N/A
2/20/2021 15:00,N/A,N/A
2/20/2021 16:00,N/A,N/A
2/20/2021 17:00,N/A,N/A
2/20/2021 18:00,N/A,N/A
2/20/2021 19:00,N/A,N/A
2/20/2021 20:00,N/A,N/A
2/20/2021 21:00,N/A,N/A
2/20/2021 22:00,N/A,N/A
2/20/2021 23:00,N/A,N/A
2/21/2021 0:00,N/A,N/A
2/21/2021 1:00,N/A,N/A
2/21/2021 2:00,N/A,N/A
2/21/2021 3:00,N/A,N/A
2/21/2021 4:00,N/A,N/A
2/21/2021 5:00,N/A,N/A
2/21/2021 6:00,N/A,N/A
2/21/2021 7:00,N/A,N/A
2/21/2021 8:00,N/A,N/A
2/21/2021 9:00,N/A,N/A
2/21/2021 10:00,N/A,N/A
2/21/2021 11:00,N/A,N/A
2/21/2021 12:00,N/A,N/A
2/21/2021 13:00,N/A,N/A
2/21/2021 14:00,N/A,N/A
2/21/2021 15:00,N/A,N/A
2/21/2021 16:00,N/A,N/A
2/21/2021 17:00,N/A,N/A
2/21/2021 18:00,N/A,N/A
2/21/2021 19:00,N/A,N/A
2/21/2021 20:00,N/A,N/A
2/21/2021 21:00,N/A,N/A
2/21/2021 22:00,N/A,N/A
2/21/2021 23:00,N/A,N/A
2/22/2021 0:00,N/A,N/A
2/22/2021 1:00,N/A,N/A
2/22/2021 2:00,N/A,N/A
2/22/2021 3:00,N/A,N/A
2/22/2021 4:00,N/A,N/A
2/22/2021 5:00,N/A,N/A
2/22/2021 6:00,N/A,N/A
2/22/2021 7:00,N/A,N/A
2/22/2021 8:00,N/A,N/A
2/22/2021 9:00,N/A,N/A
2/22/2021 10:00,N/A,N/A
2/22/2021 11:00,N/A,N/A
2/22/2021 12:00,N/A,N/A
2/22/2021 13:00,N/A,N/A
2/22/2021 14:00,N/A,N/A
2/22/2021 15:00,N/A,N/A
2/22/2021 16:00,N/A,N/A
2/22/2021 17:00,N/A,N/A
2/22/2021 18:00,N/A,N/A
2/22/2021 19:00,N/A,N/A
2/22/2021 20:00,N/A,N/A
2/22/2021 21:00,N/A,N/A
2/22/2021 22:00,N/A,N/A
2/22/2021 23:00,N/A,N/A
2/23/2021 0:00,N/A,N/A
2/23/2021 1:00,N/A,N/A
2/23/2021 2:00,N/A,N/A
2/23/2021 3:00,N/A,N/A
2/23/2021 4:00,N/A,N/A
2/23/2021 5:00,N/A,N/A
2/23/2021 6:00,N/A,N/A
2/23/2021 7:00,N/A,N/A
2/23/2021 8:00,N/A,N/A
2/23/2021 9:00,N/A,N/A
2/23/2021 10:00,N/A,N/A
2/23/2021 11:00,N/A,N/A
2/23/2021 12:00,N/A,N/A
2/23/2021 13:00,N/A,N/A
2/23/2021 14:00,N/A,N/A
2/23/2021 15:00,N/A,N/A
2/23/2021 16:00,N/A,N/A
2/23/2021 17:00,N/A,N/A
2/23/2021 18:00,N/A,N/A
2/23/2021 19:00,N/A,N/A
2/23/2021 20:00,N/A,N/A
2/23/2021 21:00,N/A,N/A
2/23/2021 22:00,N/A,N/A
2/23/2021 23:00,N/A,N/A
2/24/2021 0:00,N/A,N/A
2/24/2021 1:00,N/A,N/A
2/24/2021 2:00,N/A,N/A
2/24/2021 3:00,N/A,N/A
2/24/2021 4:00,N/A,N/A
2/24/2021 5:00,N/A,N/A
2/24/2021 6:00,N/A,N/A
2/24/2021 7:00,N/A,N/A
2/24/2021 8:00,N/A,N/A
2/24/2021 9:00,N/A,N/A
2/24/2021 10:00,N/A,N/A
2/24/2021 11:00,N/A,N/A
2/24/2021 12:00,N/A,N/A
2/24/2021 13:00,N/A,N/A
2/24/2021 14:00,N/A,N/A
2/24/2021 15:00,N/A,N/A
2/24/2021 16:00,N/A,N/A
2/24/2021 17:00,N/A,N/A
2/24/2021 18:00,N/A,N/A
2/24/2021 19:00,N/A,N/A
2/24/2021 20:00,N/A,N/A
2/24/2021 21:00,N/A,N/A
2/24/2021 22:00,N/A,N/A
2/24/2021 23:00,N/A,N/A
2/25/2021 0:00,N/A,N/A
2/25/2021 1:00,N/A,N/A
2/25/2021 2:00,N/A,N/A
2/25/2021 3:00,N/A,N/A
2/25/2021 4:00,N/A,N/A
2/25/2021 5:00,N/A,N/A
2/25/2021 6:00,N/A,N/A
2/25/2021 7:00,N/A,N/A
2/25/2021 8:00,N/A,N/A
2/25/2021 9:00,N/A,N/A
2/25/2021 10:00,N/A,N/A
2/25/2021 11:00,N/A,N/A
2/25/2021 12:00,N/A,N/A
2/25/2021 13:00,N/A,N/A
2/25/2021 14:00,N/A,N/A
2/25/2021 15:00,N/A,N/A
2/25/2021 16:00,N/A,N/A
2/25/2021 17:00,N/A,N/A
2/25/2021 18:00,N/A,N/A
2/25/2021 19:00,N/A,N/A
2/25/2021 20:00,N/A,N/A
2/25/2021 21:00,N/A,N/A
2/25/2021 22:00,N/A,N/A
2/25/2021 23:00,N/A,N/A
2/26/2021 0:00,N/A,N/A
2/26/2021 1:00,N/A,N/A
2/26/2021 2:00,N/A,N/A
2/26/2021 3:00,N/A,N/A
2/26/2021 4:00,N/A,N/A
2/26/2021 5:00,N/A,N/A
2/26/2021 6:00,N/A,N/A
2/26/2021 7:00,N/A,N/A
2/26/2021 8:00,N/A,N/A
2/26/2021 9:00,N/A,N/A
2/26/2021 10:00,N/A,N/A
2/26/2021 11:00,N/A,N/A
2/26/2021 12:00,N/A,N/A
2/26/2021 13:00,N/A,N/A
2/26/2021 14:00,N/A,N/A
2/26/2021 15:00,N/A,N/A
2/26/2021 16:00,N/A,N/A
2/26/2021 17:00,N/A,N/A
2/26/2021 18:00,N/A,N/A
2/26/2021 19:00,N/A,N/A
2/26/2021 20:00,N/A,N/A
2/26/2021 21:00,N/A,N/A
2/26/2021 22:00,N/A,N/A
2/26/2021 23:00,N/A,N/A
2/27/2021 0:00,N/A,N/A
2/27/2021 1:00,N/A,N/A
2/27/2021 2:00,N/A,N/A
2/27/2021 3:00,N/A,N/A
2/27/2021 4:00,N/A,N/A
2/27/2021 5:00,N/A,N/A
2/27/2021 6:00,N/A,N/A
2/27/2021 7:00,N/A,N/A
2/27/2021 8:00,N/A,N/A
2/27/2021 9:00,N/A,N/A
2/27/2021 10:00,N/A,N/A
2/27/2021 11:00,N/A,N/A
2/27/2021 12:00,N/A,N/A
2/27/2021 13:00,N/A,N/A
2/27/2021 14:00,N/A,N/A
2/27/2021 15:00,N/A,N/A
2/27/2021 16:00,N/A,N/A
2/27/2021 17:00,N/A,N/A
2/27/2021 18:00,N/A,N/A
2/27/2021 19:00,N/A,N/A
2/27/2021 20:00,N/A,N/A
2/27/2021 21:00,N/A,N/A
2/27/2021 22:00,N/A,N/A
2/27/2021 23:00,N/A,N/A
2/28/2021 0:00,N/A,N/A
2/28/2021 1:00,N/A,N/A
2/28/2021 2:00,N/A,N/A
2/28/2021 3:00,N/A,N/A
2/28/2021 4:00,N/A,N/A
2/28/2021 5:00,N/A,N/A
2/28/2021 6:00,N/A,N/A
2/28/2021 7:00,N/A,N/A
2/28/2021 8:00,N/A,N/A
2/28/2021 9:00,N/A,N/A
2/28/2021 10:00,N/A,N/A
2/28/2021 11:00,N/A,N/A
2/28/2021 12:00,N/A,N/A
2/28/2021 13:00,N/A,N/A
2/28/2021 14:00,N/A,N/A
2/28/2021 15:00,N/A,N/A
2/28/2021 16:00,N/A,N/A
2/28/2021 17:00,N/A,N/A
2/28/2021 18:00,N/A,N/A
2/28/2021 19:00,N/A,N/A
2/28/2021 20:00,N/A,N/A
2/28/2021 21:00,N/A,N/A
2/28/2021 22:00,N/A,N/A
2/28/2021 23:00,N/A,N/A
3/1/2021 0:00,N/A,N/A
3/1/2021 1:00,N/A,N/A
3/1/2021 2:00,N/A,N/A
3/1/2021 3:00,N/A,N/A
3/1/2021 4:00,N/A,N/A
3/1/2021 5:00,N/A,N/A
3/1/2021 6:00,N/A,N/A
3/1/2021 7:00,N/A,N/A
3/1/2021 8:00,N/A,N/A
3/1/2021 9:00,N/A,N/A
3/1/2021 10:00,N/A,N/A
3/1/2021 11:00,N/A,N/A
3/1/2021 12:00,N/A,N/A
3/1/2021 13:00,N/A,N/A
3/1/2021 14:00,N/A,N/A
3/1/2021 15:00,N/A,N/A
3/1/2021 16:00,N/A,N/A
3/1/2021 17:00,N/A,N/A
3/1/2021 18:00,N/A,N/A
3/1/2021 19:00,N/A,N/A
3/1/2021 20:00,N/A,N/A
3/1/2021 21:00,N/A,N/A
3/1/2021 22:00,N/A,N/A
3/1/2021 23:00,N/A,N/A
3/2/2021 0:00,N/A,N/A
3/2/2021 1:00,N/A,N/A
3/2/2021 2:00,N/A,N/A
3/2/2021 3:00,N/A,N/A
3/2/2021 4:00,N/A,N/A
3/2/2021 5:00,N/A,N/A
3/2/2021 6:00,N/A,N/A
3/2/2021 7:00,N/A,N/A
3/2/2021 8:00,N/A,N/A
3/2/2021 9:00,N/A,N/A
3/2/2021 10:00,N/A,N/A
3/2/2021 11:00,N/A,N/A
3/2/2021 12:00,N/A,N/A
3/2/2021 13:00,N/A,N/A
3/2/2021 14:00,N/A,N/A
3/2/2021 15:00,N/A,N/A
3/2/2021 16:00,N/A,N/A
3/2/2021 17:00,N/A,N/A
3/2/2021 18:00,N/A,N/A
3/2/2021 19:00,N/A,N/A
3/2/2021 20:00,N/A,N/A
3/2/2021 21:00,N/A,N/A
3/2/2021 22:00,N/A,N/A
3/2/2021 23:00,N/A,N/A
3/3/2021 0:00,N/A,N/A
3/3/2021 1:00,N/A,N/A
3/3/2021 2:00,N/A,N/A
3/3/2021 3:00,N/A,N/A
3/3/2021 4:00,N/A,N/A
3/3/2021 5:00,N/A,N/A
3/3/2021 6:00,N/A,N/A
3/3/2021 7:00,N/A,N/A
3/3/2021 8:00,N/A,N/A
3/3/2021 9:00,N/A,N/A
3/3/2021 10:00,N/A,N/A
3/3/2021 11:00,N/A,N/A
3/3/2021 12:00,N/A,N/A
3/3/2021 13:00,N/A,N/A
3/3/2021 14:00,N/A,N/A
3/3/2021 15:00,N/A,N/A
3/3/2021 16:00,N/A,N/A
3/3/2021 17:00,N/A,N/A
3/3/2021 18:00,N/A,N/A
3/3/2021 19:00,N/A,N/A
3/3/2021 20:00,N/A,N/A
3/3/2021 21:00,N/A,N/A
3/3/2021 22:00,N/A,N/A
3/3/2021 23:00,N/A,N/A
3/4/2021 0:00,N/A,N/A
3/4/2021 1:00,N/A,N/A
3/4/2021 2:00,N/A,N/A
3/4/2021 3:00,N/A,N/A
3/4/2021 4:00,N/A,N/A
3/4/2021 5:00,N/A,N/A
3/4/2021 6:00,N/A,N/A
3/4/2021 7:00,N/A,N/A
3/4/2021 8:00,N/A,N/A
3/4/2021 9:00,N/A,N/A
3/4/2021 10:00,N/A,N/A
3/4/2021 11:00,N/A,N/A
3/4/2021 12:00,N/A,N/A
3/4/2021 13:00,N/A,N/A
3/4/2021 14:00,N/A,N/A
3/4/2021 15:00,N/A,N/A
3/4/2021 16:00,N/A,N/A
3/4/2021 17:00,N/A,N/A
3/4/2021 18:00,N/A,N/A
3/4/2021 19:00,N/A,N/A
3/4/2021 20:00,N/A,N/A
3/4/2021 21:00,N/A,N/A
3/4/2021 22:00,N/A,N/A
3/4/2021 23:00,N/A,N/A
3/5/2021 0:00,N/A,N/A
3/5/2021 1:00,N/A,N/A
3/5/2021 2:00,N/A,N/A
3/5/2021 3:00,N/A,N/A
3/5/2021 4:00,N/A,N/A
3/5/2021 5:00,N/A,N/A
3/5/2021 6:00,N/A,N/A
3/5/2021 7:00,N/A,N/A
3/5/2021 8:00,N/A,N/A
3/5/2021 9:00,N/A,N/A
3/5/2021 10:00,N/A,N/A
3/5/2021 11:00,N/A,N/A
3/5/2021 12:00,N/A,N/A
3/5/2021 13:00,N/A,N/A
3/5/2021 14:00,N/A,N/A
3/5/2021 15:00,N/A,N/A
3/5/2021 16:00,N/A,N/A
3/5/2021 17:00,N/A,N/A
3/5/2021 18:00,N/A,N/A
3/5/2021 19:00,N/A,N/A
3/5/2021 20:00,N/A,N/A
3/5/2021 21:00,N/A,N/A
3/5/2021 22:00,N/A,N/A
3/5/2021 23:00,N/A,N/A
3/6/2021 0:00,N/A,N/A
3/6/2021 1:00,N/A,N/A
3/6/2021 2:00,N/A,N/A
3/6/2021 3:00,N/A,N/A
3/6/2021 4:00,N/A,N/A
3/6/2021 5:00,N/A,N/A
3/6/2021 6:00,N/A,N/A
3/6/2021 7:00,N/A,N/A
3/6/2021 8:00,N/A,N/A
3/6/2021 9:00,N/A,N/A
3/6/2021 10:00,N/A,N/A
3/6/2021 11:00,N/A,N/A
3/6/2021 12:00,N/A,N/A
3/6/2021 13:00,N/A,N/A
3/6/2021 14:00,N/A,N/A
3/6/2021 15:00,N/A,N/A
3/6/2021 16:00,N/A,N/A
3/6/2021 17:00,N/A,N/A
3/6/2021 18:00,N/A,N/A
3/6/2021 19:00,N/A,N/A
3/6/2021 20:00,N/A,N/A
3/6/2021 21:00,N/A,N/A
3/6/2021 22:00,N/A,N/A
3/6/2021 23:00,N/A,N/A
3/7/2021 0:00,N/A,N/A
3/7/2021 1:00,N/A,N/A
3/7/2021 2:00,N/A,N/A
3/7/2021 3:00,N/A,N/A
3/7/2021 4:00,N/A,N/A
3/7/2021 5:00,N/A,N/A
3/7/2021 6:00,N/A,N/A
3/7/2021 7:00,N/A,N/A
3/7/2021 8:00,N/A,N/A
3/7/2021 9:00,N/A,N/A
3/7/2021 10:00,N/A,N/A
3/7/2021 11:00,N/A,N/A
3/7/2021 12:00,N/A,N/A
3/7/2021 13:00,N/A,N/A
3/7/2021 14:00,N/A,N/A
3/7/2021 15:00,N/A,N/A
3/7/2021 16:00,N/A,N/A
3/7/2021 17:00,N/A,N/A
3/7/2021 18:00,N/A,N/A
3/7/2021 19:00,N/A,N/A
3/7/2021 20:00,N/A,N/A
3/7/2021 21:00,N/A,N/A
3/7/2021 22:00,N/A,N/A
3/7/2021 23:00,N/A,N/A
3/8/2021 0:00,N/A,N/A
3/8/2021 1:00,N/A,N/A
3/8/2021 2:00,N/A,N/A
3/8/2021 3:00,N/A,N/A
3/8/2021 4:00,N/A,N/A
3/8/2021 5:00,N/A,N/A
3/8/2021 6:00,N/A,N/A
3/8/2021 7:00,N/A,N/A
3/8/2021 8:00,N/A,N/A
3/8/2021 9:00,N/A,N/A
3/8/2021 10:00,N/A,N/A
3/8/2021 11:00,N/A,N/A
3/8/2021 12:00,N/A,N/A
3/8/2021 13:00,N/A,N/A
3/8/2021 14:00,N/A,N/A
3/8/2021 15:00,N/A,N/A
3/8/2021 16:00,N/A,N/A
3/8/2021 17:00,N/A,N/A
3/8/2021 18:00,N/A,N/A
3/8/2021 19:00,N/A,N/A
3/8/2021 20:00,N/A,N/A
3/8/2021 21:00,N/A,N/A
3/8/2021 22:00,N/A,N/A
3/8/2021 23:00,N/A,N/A
3/9/2021 0:00,N/A,N/A
3/9/2021 1:00,N/A,N/A
3/9/2021 2:00,N/A,N/A
3/9/2021 3:00,N/A,N/A
3/9/2021 4:00,N/A,N/A
3/9/2021 5:00,N/A,N/A
3/9/2021 6:00,N/A,N/A
3/9/2021 7:00,N/A,N/A
3/9/2021 8:00,N/A,N/A
3/9/2021 9:00,N/A,N/A
3/9/2021 10:00,N/A,N/A
3/9/2021 11:00,N/A,N/A
3/9/2021 12:00,N/A,N/A
3/9/2021 13:00,N/A,N/A
3/9/2021 14:00,N/A,N/A
3/9/2021 15:00,N/A,N/A
3/9/2021 16:00,N/A,N/A
3/9/2021 17:00,N/A,N/A
3/9/2021 18:00,N/A,N/A
3/9/2021 19:00,N/A,N/A
3/9/2021 20:00,N/A,N/A
3/9/2021 21:00,N/A,N/A
3/9/2021 22:00,N/A,N/A
3/9/2021 23:00,N/A,N/A
3/10/2021 0:00,N/A,N/A
3/10/2021 1:00,N/A,N/A
3/10/2021 2:00,N/A,N/A
3/10/2021 3:00,N/A,N/A
3/10/2021 4:00,N/A,N/A
3/10/2021 5:00,N/A,N/A
3/10/2021 6:00,N/A,N/A
3/10/2021 7:00,N/A,N/A
3/10/2021 8:00,N/A,N/A
3/10/2021 9:00,N/A,N/A
3/10/2021 10:00,N/A,N/A
3/10/2021 11:00,N/A,N/A
3/10/2021 12:00,N/A,N/A
3/10/2021 13:00,N/A,N/A
3/10/2021 14:00,N/A,N/A
3/10/2021 15:00,N/A,N/A
3/10/2021 16:00,N/A,N/A
3/10/2021 17:00,N/A,N/A
3/10/2021 18:00,N/A,N/A
3/10/2021 19:00,N/A,N/A
3/10/2021 20:00,N/A,N/A
3/10/2021 21:00,N/A,N/A
3/10/2021 22:00,N/A,N/A
3/10/2021 23:00,N/A,N/A
3/11/2021 0:00,N/A,N/A
3/11/2021 1:00,N/A,N/A
3/11/2021 2:00,N/A,N/A
3/11/2021 3:00,N/A,N/A
3/11/2021 4:00,N/A,N/A
3/11/2021 5:00,N/A,N/A
3/11/2021 6:00,N/A,N/A
3/11/2021 7:00,N/A,N/A
3/11/2021 8:00,N/A,N/A
3/11/2021 9:00,N/A,N/A
3/11/2021 10:00,N/A,N/A
3/11/2021 11:00,N/A,N/A
3/11/2021 12:00,N/A,N/A
3/11/2021 13:00,N/A,N/A
3/11/2021 14:00,N/A,N/A
3/11/2021 15:00,N/A,N/A
3/11/2021 16:00,N/A,N/A
3/11/2021 17:00,N/A,N/A
3/11/2021 18:00,N/A,N/A
3/11/2021 19:00,N/A,N/A
3/11/2021 20:00,N/A,N/A
3/11/2021 21:00,N/A,N/A
3/11/2021 22:00,N/A,N/A
3/11/2021 23:00,N/A,N/A
3/12/2021 0:00,N/A,N/A
3/12/2021 1:00,N/A,N/A
3/12/2021 2:00,N/A,N/A
3/12/2021 3:00,N/A,N/A
3/12/2021 4:00,N/A,N/A
3/12/2021 5:00,N/A,N/A
3/12/2021 6:00,N/A,N/A
3/12/2021 7:00,N/A,N/A
3/12/2021 8:00,N/A,N/A
3/12/2021 9:00,N/A,N/A
3/12/2021 10:00,N/A,N/A
3/12/2021 11:00,N/A,N/A
3/12/2021 12:00,N/A,N/A
3/12/2021 13:00,N/A,N/A
3/12/2021 14:00,N/A,N/A
3/12/2021 15:00,N/A,N/A
3/12/2021 16:00,N/A,N/A
3/12/2021 17:00,N/A,N/A
3/12/2021 18:00,N/A,N/A
3/12/2021 19:00,N/A,N/A
3/12/2021 20:00,N/A,N/A
3/12/2021 21:00,N/A,N/A
3/12/2021 22:00,N/A,N/A
3/12/2021 23:00,N/A,N/A
3/13/2021 0:00,N/A,N/A
3/13/2021 1:00,N/A,N/A
3/13/2021 2:00,N/A,N/A
3/13/2021 3:00,N/A,N/A
3/13/2021 4:00,N/A,N/A
3/13/2021 5:00,N/A,N/A
3/13/2021 6:00,N/A,N/A
3/13/2021 7:00,N/A,N/A
3/13/2021 8:00,N/A,N/A
3/13/2021 9:00,N/A,N/A
3/13/2021 10:00,N/A,N/A
3/13/2021 11:00,N/A,N/A
3/13/2021 12:00,N/A,N/A
3/13/2021 13:00,N/A,N/A
3/13/2021 14:00,N/A,N/A
3/13/2021 15:00,N/A,N/A
3/13/2021 16:00,N/A,N/A
3/13/2021 17:00,N/A,N/A
3/13/2021 18:00,N/A,N/A
3/13/2021 19:00,N/A,N/A
3/13/2021 20:00,N/A,N/A
3/13/2021 21:00,N/A,N/A
3/13/2021 22:00,N/A,N/A
3/13/2021 23:00,N/A,N/A
3/14/2021 0:00,N/A,N/A
3/14/2021 1:00,N/A,N/A
3/14/2021 2:00,N/A,N/A
3/14/2021 3:00,N/A,N/A
3/14/2021 4:00,N/A,N/A
3/14/2021 5:00,N/A,N/A
3/14/2021 6:00,N/A,N/A
3/14/2021 7:00,N/A,N/A
3/14/2021 8:00,N/A,N/A
3/14/2021 9:00,N/A,N/A
3/14/2021 10:00,N/A,N/A
3/14/2021 11:00,N/A,N/A
3/14/2021 12:00,N/A,N/A
3/14/2021 13:00,N/A,N/A
3/14/2021 14:00,N/A,N/A
3/14/2021 15:00,N/A,N/A
3/14/2021 16:00,N/A,N/A
3/14/2021 17:00,N/A,N/A
3/14/2021 18:00,N/A,N/A
3/14/2021 19:00,N/A,N/A
3/14/2021 20:00,N/A,N/A
3/14/2021 21:00,N/A,N/A
3/14/2021 22:00,N/A,N/A
3/14/2021 23:00,N/A,N/A
3/15/2021 0:00,N/A,N/A
3/15/2021 1:00,N/A,N/A
3/15/2021 2:00,N/A,N/A
3/15/2021 3:00,N/A,N/A
3/15/2021 4:00,N/A,N/A
3/15/2021 5:00,N/A,N/A
3/15/2021 6:00,N/A,N/A
3/15/2021 7:00,N/A,N/A
3/15/2021 8:00,N/A,N/A
3/15/2021 9:00,N/A,N/A
3/15/2021 10:00,N/A,N/A
3/15/2021 11:00,N/A,N/A
3/15/2021 12:00,N/A,N/A
3/15/2021 13:00,N/A,N/A
3/15/2021 14:00,N/A,N/A
3/15/2021 15:00,N/A,N/A
3/15/2021 16:00,N/A,N/A
3/15/2021 17:00,N/A,N/A
3/15/2021 18:00,N/A,N/A
3/15/2021 19:00,N/A,N/A
3/15/2021 20:00,N/A,N/A
3/15/2021 21:00,N/A,N/A
3/15/2021 22:00,N/A,N/A
3/15/2021 23:00,N/A,N/A
3/16/2021 0:00,N/A,N/A
3/16/2021 1:00,N/A,N/A
3/16/2021 2:00,N/A,N/A
3/16/2021 3:00,N/A,N/A
3/16/2021 4:00,N/A,N/A
3/16/2021 5:00,N/A,N/A
3/16/2021 6:00,N/A,N/A
3/16/2021 7:00,N/A,N/A
3/16/2021 8:00,N/A,N/A
3/16/2021 9:00,N/A,N/A
3/16/2021 10:00,N/A,N/A
3/16/2021 11:00,N/A,N/A
3/16/2021 12:00,N/A,N/A
3/16/2021 13:00,N/A,N/A
3/16/2021 14:00,N/A,N/A
3/16/2021 15:00,N/A,N/A
3/16/2021 16:00,N/A,N/A
3/16/2021 17:00,N/A,N/A
3/16/2021 18:00,N/A,N/A
3/16/2021 19:00,N/A,N/A
3/16/2021 20:00,N/A,N/A
3/16/2021 21:00,N/A,N/A
3/16/2021 22:00,N/A,N/A
3/16/2021 23:00,N/A,N/A
3/17/2021 0:00,N/A,N/A
3/17/2021 1:00,N/A,N/A
3/17/2021 2:00,N/A,N/A
3/17/2021 3:00,N/A,N/A
3/17/2021 4:00,N/A,N/A
3/17/2021 5:00,N/A,N/A
3/17/2021 6:00,N/A,N/A
3/17/2021 7:00,N/A,N/A
3/17/2021 8:00,N/A,N/A
3/17/2021 9:00,N/A,N/A
3/17/2021 10:00,N/A,N/A
3/17/2021 11:00,N/A,N/A
3/17/2021 12:00,N/A,N/A
3/17/2021 13:00,N/A,N/A
3/17/2021 14:00,N/A,N/A
3/17/2021 15:00,N/A,N/A
3/17/2021 16:00,N/A,N/A
3/17/2021 17:00,N/A,N/A
3/17/2021 18:00,N/A,N/A
3/17/2021 19:00,N/A,N/A
3/17/2021 20:00,N/A,N/A
3/17/2021 21:00,N/A,N/A
3/17/2021 22:00,N/A,N/A
3/17/2021 23:00,N/A,N/A
3/18/2021 0:00,N/A,N/A
3/18/2021 1:00,N/A,N/A
3/18/2021 2:00,N/A,N/A
3/18/2021 3:00,N/A,N/A
3/18/2021 4:00,N/A,N/A
3/18/2021 5:00,N/A,N/A
3/18/2021 6:00,N/A,N/A
3/18/2021 7:00,N/A,N/A
3/18/2021 8:00,N/A,N/A
3/18/2021 9:00,N/A,N/A
3/18/2021 10:00,N/A,N/A
3/18/2021 11:00,N/A,N/A
3/18/2021 12:00,N/A,N/A
3/18/2021 13:00,N/A,N/A
3/18/2021 14:00,N/A,N/A
3/18/2021 15:00,N/A,N/A
3/18/2021 16:00,N/A,N/A
3/18/2021 17:00,N/A,N/A
3/18/2021 18:00,N/A,N/A
3/18/2021 19:00,N/A,N/A
3/18/2021 20:00,N/A,N/A
3/18/2021 21:00,N/A,N/A
3/18/2021 22:00,N/A,N/A
3/18/2021 23:00,N/A,N/A
3/19/2021 0:00,N/A,N/A
3/19/2021 1:00,N/A,N/A
3/19/2021 2:00,N/A,N/A
3/19/2021 3:00,N/A,N/A
3/19/2021 4:00,N/A,N/A
3/19/2021 5:00,N/A,N/A
3/19/2021 6:00,N/A,N/A
3/19/2021 7:00,N/A,N/A
3/19/2021 8:00,N/A,N/A
3/19/2021 9:00,N/A,N/A
3/19/2021 10:00,N/A,N/A
3/19/2021 11:00,N/A,N/A
3/19/2021 12:00,N/A,N/A
3/19/2021 13:00,N/A,N/A
3/19/2021 14:00,N/A,N/A
3/19/2021 15:00,N/A,N/A
3/19/2021 16:00,N/A,N/A
3/19/2021 17:00,N/A,N/A
3/19/2021 18:00,N/A,N/A
3/19/2021 19:00,N/A,N/A
3/19/2021 20:00,N/A,N/A
3/19/2021 21:00,N/A,N/A
3/19/2021 22:00,N/A,N/A
3/19/2021 23:00,N/A,N/A
3/20/2021 0:00,N/A,N/A
3/20/2021 1:00,N/A,N/A
3/20/2021 2:00,N/A,N/A
3/20/2021 3:00,N/A,N/A
3/20/2021 4:00,N/A,N/A
3/20/2021 5:00,N/A,N/A
3/20/2021 6:00,N/A,N/A
3/20/2021 7:00,N/A,N/A
3/20/2021 8:00,N/A,N/A
3/20/2021 9:00,N/A,N/A
3/20/2021 10:00,N/A,N/A
3/20/2021 11:00,N/A,N/A
3/20/2021 12:00,N/A,N/A
3/20/2021 13:00,N/A,N/A
3/20/2021 14:00,N/A,N/A
3/20/2021 15:00,N/A,N/A
3/20/2021 16:00,N/A,N/A
3/20/2021 17:00,N/A,N/A
3/20/2021 18:00,N/A,N/A
3/20/2021 19:00,N/A,N/A
3/20/2021 20:00,N/A,N/A
3/20/2021 21:00,N/A,N/A
3/20/2021 22:00,N/A,N/A
3/20/2021 23:00,N/A,N/A
3/21/2021 0:00,N/A,N/A
3/21/2021 1:00,N/A,N/A
3/21/2021 2:00,N/A,N/A
3/21/2021 3:00,N/A,N/A
3/21/2021 4:00,N/A,N/A
3/21/2021 5:00,N/A,N/A
3/21/2021 6:00,N/A,N/A
3/21/2021 7:00,N/A,N/A
3/21/2021 8:00,N/A,N/A
3/21/2021 9:00,N/A,N/A
3/21/2021 10:00,N/A,N/A
3/21/2021 11:00,N/A,N/A
3/21/2021 12:00,N/A,N/A
3/21/2021 13:00,N/A,N/A
3/21/2021 14:00,N/A,N/A
3/21/2021 15:00,N/A,N/A
3/21/2021 16:00,N/A,N/A
3/21/2021 17:00,N/A,N/A
3/21/2021 18:00,N/A,N/A
3/21/2021 19:00,N/A,N/A
3/21/2021 20:00,N/A,N/A
3/21/2021 21:00,N/A,N/A
3/21/2021 22:00,N/A,N/A
3/21/2021 23:00,N/A,N/A
3/22/2021 0:00,N/A,N/A
3/22/2021 1:00,N/A,N/A
3/22/2021 2:00,N/A,N/A
3/22/2021 3:00,N/A,N/A
3/22/2021 4:00,N/A,N/A
3/22/2021 5:00,N/A,N/A
3/22/2021 6:00,N/A,N/A
3/22/2021 7:00,N/A,N/A
3/22/2021 8:00,N/A,N/A
3/22/2021 9:00,N/A,N/A
3/22/2021 10:00,N/A,N/A
3/22/2021 11:00,N/A,N/A
3/22/2021 12:00,N/A,N/A
3/22/2021 13:00,N/A,N/A
3/22/2021 14:00,N/A,N/A
3/22/2021 15:00,N/A,N/A
3/22/2021 16:00,N/A,N/A
3/22/2021 17:00,N/A,N/A
3/22/2021 18:00,N/A,N/A
3/22/2021 19:00,N/A,N/A
3/22/2021 20:00,N/A,N/A
3/22/2021 21:00,N/A,N/A
3/22/2021 22:00,N/A,N/A
3/22/2021 23:00,N/A,N/A
3/23/2021 0:00,N/A,N/A
3/23/2021 1:00,N/A,N/A
3/23/2021 2:00,N/A,N/A
3/23/2021 3:00,N/A,N/A
3/23/2021 4:00,N/A,N/A
3/23/2021 5:00,N/A,N/A
3/23/2021 6:00,N/A,N/A
3/23/2021 7:00,N/A,N/A
3/23/2021 8:00,N/A,N/A
3/23/2021 9:00,N/A,N/A
3/23/2021 10:00,N/A,N/A
3/23/2021 11:00,N/A,N/A
3/23/2021 12:00,N/A,N/A
3/23/2021 13:00,N/A,N/A
3/23/2021 14:00,N/A,N/A
3/23/2021 15:00,N/A,N/A
3/23/2021 16:00,N/A,N/A
3/23/2021 17:00,N/A,N/A
3/23/2021 18:00,N/A,N/A
3/23/2021 19:00,N/A,N/A
3/23/2021 20:00,N/A,N/A
3/23/2021 21:00,N/A,N/A
3/23/2021 22:00,N/A,N/A
3/23/2021 23:00,N/A,N/A
3/24/2021 0:00,N/A,N/A
3/24/2021 1:00,N/A,N/A
3/24/2021 2:00,N/A,N/A
3/24/2021 3:00,N/A,N/A
3/24/2021 4:00,N/A,N/A
3/24/2021 5:00,N/A,N/A
3/24/2021 6:00,N/A,N/A
3/24/2021 7:00,N/A,N/A
3/24/2021 8:00,N/A,N/A
3/24/2021 9:00,N/A,N/A
3/24/2021 10:00,N/A,N/A
3/24/2021 11:00,N/A,N/A
3/24/2021 12:00,N/A,N/A
3/24/2021 13:00,N/A,N/A
3/24/2021 14:00,N/A,N/A
3/24/2021 15:00,N/A,N/A
3/24/2021 16:00,N/A,N/A
3/24/2021 17:00,N/A,N/A
3/24/2021 18:00,N/A,N/A
3/24/2021 19:00,N/A,N/A
3/24/2021 20:00,N/A,N/A
3/24/2021 21:00,N/A,N/A
3/24/2021 22:00,N/A,N/A
3/24/2021 23:00,N/A,N/A
3/25/2021 0:00,N/A,N/A
3/25/2021 1:00,N/A,N/A
3/25/2021 2:00,N/A,N/A
3/25/2021 3:00,N/A,N/A
3/25/2021 4:00,N/A,N/A
3/25/2021 5:00,N/A,N/A
3/25/2021 6:00,N/A,N/A
3/25/2021 7:00,N/A,N/A
3/25/2021 8:00,N/A,N/A
3/25/2021 9:00,N/A,N/A
3/25/2021 10:00,N/A,N/A
3/25/2021 11:00,N/A,N/A
3/25/2021 12:00,N/A,N/A
3/25/2021 13:00,N/A,N/A
3/25/2021 14:00,N/A,N/A
3/25/2021 15:00,N/A,N/A
3/25/2021 16:00,N/A,N/A
3/25/2021 17:00,N/A,N/A
3/25/2021 18:00,N/A,N/A
3/25/2021 19:00,N/A,N/A
3/25/2021 20:00,N/A,N/A
3/25/2021 21:00,N/A,N/A
3/25/2021 22:00,N/A,N/A
3/25/2021 23:00,N/A,N/A
3/26/2021 0:00,N/A,N/A
3/26/2021 1:00,N/A,N/A
3/26/2021 2:00,N/A,N/A
3/26/2021 3:00,N/A,N/A
3/26/2021 4:00,N/A,N/A
3/26/2021 5:00,N/A,N/A
3/26/2021 6:00,N/A,N/A
3/26/2021 7:00,N/A,N/A
3/26/2021 8:00,N/A,N/A
3/26/2021 9:00,N/A,N/A
3/26/2021 10:00,N/A,N/A
3/26/2021 11:00,N/A,N/A
3/26/2021 12:00,N/A,N/A
3/26/2021 13:00,N/A,N/A
3/26/2021 14:00,N/A,N/A
3/26/2021 15:00,N/A,N/A
3/26/2021 16:00,N/A,N/A
3/26/2021 17:00,N/A,N/A
3/26/2021 18:00,N/A,N/A
3/26/2021 19:00,N/A,N/A
3/26/2021 20:00,N/A,N/A
3/26/2021 21:00,N/A,N/A
3/26/2021 22:00,N/A,N/A
3/26/2021 23:00,N/A,N/A
3/27/2021 0:00,N/A,N/A
3/27/2021 1:00,N/A,N/A
3/27/2021 2:00,N/A,N/A
3/27/2021 3:00,N/A,N/A
3/27/2021 4:00,N/A,N/A
3/27/2021 5:00,N/A,N/A
3/27/2021 6:00,N/A,N/A
3/27/2021 7:00,N/A,N/A
3/27/2021 8:00,N/A,N/A
3/27/2021 9:00,N/A,N/A
3/27/2021 10:00,N/A,N/A
3/27/2021 11:00,N/A,N/A
3/27/2021 12:00,N/A,N/A
3/27/2021 13:00,N/A,N/A
3/27/2021 14:00,N/A,N/A
3/27/2021 15:00,N/A,N/A
3/27/2021 16:00,N/A,N/A
3/27/2021 17:00,N/A,N/A
3/27/2021 18:00,N/A,N/A
3/27/2021 19:00,N/A,N/A
3/27/2021 20:00,N/A,N/A
3/27/2021 21:00,N/A,N/A
3/27/2021 22:00,N/A,N/A
3/27/2021 23:00,N/A,N/A
3/28/2021 0:00,N/A,N/A
3/28/2021 1:00,N/A,N/A
3/28/2021 2:00,N/A,N/A
3/28/2021 3:00,N/A,N/A
3/28/2021 4:00,N/A,N/A
3/28/2021 5:00,N/A,N/A
3/28/2021 6:00,N/A,N/A
3/28/2021 7:00,N/A,N/A
3/28/2021 8:00,N/A,N/A
3/28/2021 9:00,N/A,N/A
3/28/2021 10:00,N/A,N/A
3/28/2021 11:00,N/A,N/A
3/28/2021 12:00,N/A,N/A
3/28/2021 13:00,N/A,N/A
3/28/2021 14:00,N/A,N/A
3/28/2021 15:00,N/A,N/A
3/28/2021 16:00,N/A,N/A
3/28/2021 17:00,N/A,N/A
3/28/2021 18:00,N/A,N/A
3/28/2021 19:00,N/A,N/A
3/28/2021 20:00,N/A,N/A
3/28/2021 21:00,N/A,N/A
3/28/2021 22:00,N/A,N/A
3/28/2021 23:00,N/A,N/A
3/29/2021 0:00,N/A,N/A
3/29/2021 1:00,N/A,N/A
3/29/2021 2:00,N/A,N/A
3/29/2021 3:00,N/A,N/A
3/29/2021 4:00,N/A,N/A
3/29/2021 5:00,N/A,N/A
3/29/2021 6:00,N/A,N/A
3/29/2021 7:00,N/A,N/A
3/29/2021 8:00,N/A,N/A
3/29/2021 9:00,N/A,N/A
3/29/2021 10:00,N/A,N/A
3/29/2021 11:00,N/A,N/A
3/29/2021 12:00,N/A,N/A
3/29/2021 13:00,N/A,N/A
3/29/2021 14:00,N/A,N/A
3/29/2021 15:00,N/A,N/A
3/29/2021 16:00,N/A,N/A
3/29/2021 17:00,N/A,N/A
3/29/2021 18:00,N/A,N/A
3/29/2021 19:00,N/A,N/A
3/29/2021 20:00,N/A,N/A
3/29/2021 21:00,N/A,N/A
3/29/2021 22:00,N/A,N/A
3/29/2021 23:00,N/A,N/A
3/30/2021 0:00,N/A,N/A
3/30/2021 1:00,N/A,N/A
3/30/2021 2:00,N/A,N/A
3/30/2021 3:00,N/A,N/A
3/30/2021 4:00,N/A,N/A
3/30/2021 5:00,N/A,N/A
3/30/2021 6:00,N/A,N/A
3/30/2021 7:00,N/A,N/A
3/30/2021 8:00,N/A,N/A
3/30/2021 9:00,N/A,N/A
3/30/2021 10:00,N/A,N/A
3/30/2021 11:00,N/A,N/A
3/30/2021 12:00,N/A,N/A
3/30/2021 13:00,N/A,N/A
3/30/2021 14:00,N/A,N/A
3/30/2021 15:00,N/A,N/A
3/30/2021 16:00,N/A,N/A
3/30/2021 17:00,N/A,N/A
3/30/2021 18:00,N/A,N/A
3/30/2021 19:00,N/A,N/A
3/30/2021 20:00,N/A,N/A
3/30/2021 21:00,N/A,N/A
3/30/2021 22:00,N/A,N/A
3/30/2021 23:00,N/A,N/A
3/31/2021 0:00,N/A,N/A
3/31/2021 1:00,N/A,N/A
3/31/2021 2:00,N/A,N/A
3/31/2021 3:00,N/A,N/A
3/31/2021 4:00,N/A,N/A
3/31/2021 5:00,N/A,N/A
3/31/2021 6:00,N/A,N/A
3/31/2021 7:00,N/A,N/A
3/31/2021 8:00,N/A,N/A
3/31/2021 9:00,N/A,N/A
3/31/2021 10:00,N/A,N/A
3/31/2021 11:00,N/A,N/A
3/31/2021 12:00,N/A,N/A
3/31/2021 13:00,N/A,N/A
3/31/2021 14:00,N/A,N/A
3/31/2021 15:00,N/A,N/A
3/31/2021 16:00,N/A,N/A
3/31/2021 17:00,N/A,N/A
3/31/2021 18:00,N/A,N/A
3/31/2021 19:00,N/A,N/A
3/31/2021 20:00,N/A,N/A
3/31/2021 21:00,N/A,N/A
3/31/2021 22:00,N/A,N/A
3/31/2021 23:00,N/A,N/A
4/1/2021 0:00,N/A,N/A
4/1/2021 1:00,N/A,N/A
4/1/2021 2:00,N/A,N/A
4/1/2021 3:00,N/A,N/A
4/1/2021 4:00,N/A,N/A
4/1/2021 5:00,N/A,N/A
4/1/2021 6:00,N/A,N/A
4/1/2021 7:00,N/A,N/A
4/1/2021 8:00,N/A,N/A
4/1/2021 9:00,N/A,N/A
4/1/2021 10:00,N/A,N/A
4/1/2021 11:00,N/A,N/A
4/1/2021 12:00,N/A,N/A
4/1/2021 13:00,N/A,N/A
4/1/2021 14:00,N/A,N/A
4/1/2021 15:00,N/A,N/A
4/1/2021 16:00,N/A,N/A
4/1/2021 17:00,N/A,N/A
4/1/2021 18:00,N/A,N/A
4/1/2021 19:00,N/A,N/A
4/1/2021 20:00,N/A,N/A
4/1/2021 21:00,N/A,N/A
4/1/2021 22:00,N/A,N/A
4/1/2021 23:00,N/A,N/A
4/2/2021 0:00,N/A,N/A
4/2/2021 1:00,N/A,N/A
4/2/2021 2:00,N/A,N/A
4/2/2021 3:00,N/A,N/A
4/2/2021 4:00,N/A,N/A
4/2/2021 5:00,N/A,N/A
4/2/2021 6:00,N/A,N/A
4/2/2021 7:00,N/A,N/A
4/2/2021 8:00,N/A,N/A
4/2/2021 9:00,N/A,N/A
4/2/2021 10:00,N/A,N/A
4/2/2021 11:00,N/A,N/A
4/2/2021 12:00,N/A,N/A
4/2/2021 13:00,N/A,N/A
4/2/2021 14:00,N/A,N/A
4/2/2021 15:00,N/A,N/A
4/2/2021 16:00,N/A,N/A
4/2/2021 17:00,N/A,N/A
4/2/2021 18:00,N/A,N/A
4/2/2021 19:00,N/A,N/A
4/2/2021 20:00,N/A,N/A
4/2/2021 21:00,N/A,N/A
4/2/2021 22:00,N/A,N/A
4/2/2021 23:00,N/A,N/A
4/3/2021 0:00,N/A,N/A
4/3/2021 1:00,N/A,N/A
4/3/2021 2:00,N/A,N/A
4/3/2021 3:00,N/A,N/A
4/3/2021 4:00,N/A,N/A
4/3/2021 5:00,N/A,N/A
4/3/2021 6:00,N/A,N/A
4/3/2021 7:00,N/A,N/A
4/3/2021 8:00,N/A,N/A
4/3/2021 9:00,N/A,N/A
4/3/2021 10:00,N/A,N/A
4/3/2021 11:00,N/A,N/A
4/3/2021 12:00,N/A,N/A
4/3/2021 13:00,N/A,N/A
4/3/2021 14:00,N/A,N/A
4/3/2021 15:00,N/A,N/A
4/3/2021 16:00,N/A,N/A
4/3/2021 17:00,N/A,N/A
4/3/2021 18:00,N/A,N/A
4/3/2021 19:00,N/A,N/A
4/3/2021 20:00,N/A,N/A
4/3/2021 21:00,N/A,N/A
4/3/2021 22:00,N/A,N/A
4/3/2021 23:00,N/A,N/A
4/4/2021 0:00,N/A,N/A
4/4/2021 1:00,N/A,N/A
4/4/2021 2:00,N/A,N/A
4/4/2021 3:00,N/A,N/A
4/4/2021 4:00,N/A,N/A
4/4/2021 5:00,N/A,N/A
4/4/2021 6:00,N/A,N/A
4/4/2021 7:00,N/A,N/A
4/4/2021 8:00,N/A,N/A
4/4/2021 9:00,N/A,N/A
4/4/2021 10:00,N/A,N/A
4/4/2021 11:00,N/A,N/A
4/4/2021 12:00,N/A,N/A
4/4/2021 13:00,N/A,N/A
4/4/2021 14:00,N/A,N/A
4/4/2021 15:00,N/A,N/A
4/4/2021 16:00,N/A,N/A
4/4/2021 17:00,N/A,N/A
4/4/2021 18:00,N/A,N/A
4/4/2021 19:00,N/A,N/A
4/4/2021 20:00,N/A,N/A
4/4/2021 21:00,N/A,N/A
4/4/2021 22:00,N/A,N/A
4/4/2021 23:00,N/A,N/A
4/5/2021 0:00,N/A,N/A
4/5/2021 1:00,N/A,N/A
4/5/2021 2:00,N/A,N/A
4/5/2021 3:00,N/A,N/A
4/5/2021 4:00,N/A,N/A
4/5/2021 5:00,N/A,N/A
4/5/2021 6:00,N/A,N/A
4/5/2021 7:00,N/A,N/A
4/5/2021 8:00,N/A,N/A
4/5/2021 9:00,N/A,N/A
4/5/2021 10:00,N/A,N/A
4/5/2021 11:00,N/A,N/A
4/5/2021 12:00,N/A,N/A
4/5/2021 13:00,N/A,N/A
4/5/2021 14:00,N/A,N/A
4/5/2021 15:00,N/A,N/A
4/5/2021 16:00,N/A,N/A
4/5/2021 17:00,N/A,N/A
4/5/2021 18:00,N/A,N/A
4/5/2021 19:00,N/A,N/A
4/5/2021 20:00,N/A,N/A
4/5/2021 21:00,N/A,N/A
4/5/2021 22:00,N/A,N/A
4/5/2021 23:00,N/A,N/A
4/6/2021 0:00,N/A,N/A
4/6/2021 1:00,N/A,N/A
4/6/2021 2:00,N/A,N/A
4/6/2021 3:00,N/A,N/A
4/6/2021 4:00,N/A,N/A
4/6/2021 5:00,N/A,N/A
4/6/2021 6:00,N/A,N/A
4/6/2021 7:00,N/A,N/A
4/6/2021 8:00,N/A,N/A
4/6/2021 9:00,N/A,N/A
4/6/2021 10:00,N/A,N/A
4/6/2021 11:00,N/A,N/A
4/6/2021 12:00,N/A,N/A
4/6/2021 13:00,N/A,N/A
4/6/2021 14:00,N/A,N/A
4/6/2021 15:00,N/A,N/A
4/6/2021 16:00,N/A,N/A
4/6/2021 17:00,N/A,N/A
4/6/2021 18:00,N/A,N/A
4/6/2021 19:00,N/A,N/A
4/6/2021 20:00,N/A,N/A
4/6/2021 21:00,N/A,N/A
4/6/2021 22:00,N/A,N/A
4/6/2021 23:00,N/A,N/A
4/7/2021 0:00,N/A,N/A
4/7/2021 1:00,N/A,N/A
4/7/2021 2:00,N/A,N/A
4/7/2021 3:00,N/A,N/A
4/7/2021 4:00,N/A,N/A
4/7/2021 5:00,N/A,N/A
4/7/2021 6:00,N/A,N/A
4/7/2021 7:00,N/A,N/A
4/7/2021 8:00,N/A,N/A
4/7/2021 9:00,N/A,N/A
4/7/2021 10:00,N/A,N/A
4/7/2021 11:00,N/A,N/A
4/7/2021 12:00,N/A,N/A
4/7/2021 13:00,N/A,N/A
4/7/2021 14:00,N/A,N/A
4/7/2021 15:00,N/A,N/A
4/7/2021 16:00,N/A,N/A
4/7/2021 17:00,N/A,N/A
4/7/2021 18:00,N/A,N/A
4/7/2021 19:00,N/A,N/A
4/7/2021 20:00,N/A,N/A
4/7/2021 21:00,N/A,N/A
4/7/2021 22:00,N/A,N/A
4/7/2021 23:00,N/A,N/A
4/8/2021 0:00,N/A,N/A
4/8/2021 1:00,N/A,N/A
4/8/2021 2:00,N/A,N/A
4/8/2021 3:00,N/A,N/A
4/8/2021 4:00,N/A,N/A
4/8/2021 5:00,N/A,N/A
4/8/2021 6:00,N/A,N/A
4/8/2021 7:00,N/A,N/A
4/8/2021 8:00,N/A,N/A
4/8/2021 9:00,N/A,N/A
4/8/2021 10:00,N/A,N/A
4/8/2021 11:00,N/A,N/A
4/8/2021 12:00,N/A,N/A
4/8/2021 13:00,N/A,N/A
4/8/2021 14:00,N/A,N/A
4/8/2021 15:00,N/A,N/A
4/8/2021 16:00,N/A,N/A
4/8/2021 17:00,N/A,N/A
4/8/2021 18:00,N/A,N/A
4/8/2021 19:00,N/A,N/A
4/8/2021 20:00,N/A,N/A
4/8/2021 21:00,N/A,N/A
4/8/2021 22:00,N/A,N/A
4/8/2021 23:00,N/A,N/A
4/9/2021 0:00,N/A,N/A
4/9/2021 1:00,N/A,N/A
4/9/2021 2:00,N/A,N/A
4/9/2021 3:00,N/A,N/A
4/9/2021 4:00,N/A,N/A
4/9/2021 5:00,N/A,N/A
4/9/2021 6:00,N/A,N/A
4/9/2021 7:00,N/A,N/A
4/9/2021 8:00,N/A,N/A
4/9/2021 9:00,N/A,N/A
4/9/2021 10:00,N/A,N/A
4/9/2021 11:00,N/A,N/A
4/9/2021 12:00,N/A,N/A
4/9/2021 13:00,N/A,N/A
4/9/2021 14:00,N/A,N/A
4/9/2021 15:00,N/A,N/A
4/9/2021 16:00,N/A,N/A
4/9/2021 17:00,N/A,N/A
4/9/2021 18:00,N/A,N/A
4/9/2021 19:00,N/A,N/A
4/9/2021 20:00,N/A,N/A
4/9/2021 21:00,N/A,N/A
4/9/2021 22:00,N/A,N/A
4/9/2021 23:00,N/A,N/A
4/10/2021 0:00,N/A,N/A
4/10/2021 1:00,N/A,N/A
4/10/2021 2:00,N/A,N/A
4/10/2021 3:00,N/A,N/A
4/10/2021 4:00,N/A,N/A
4/10/2021 5:00,N/A,N/A
4/10/2021 6:00,N/A,N/A
4/10/2021 7:00,N/A,N/A
4/10/2021 8:00,N/A,N/A
4/10/2021 9:00,N/A,N/A
4/10/2021 10:00,N/A,N/A
4/10/2021 11:00,N/A,N/A
4/10/2021 12:00,N/A,N/A
4/10/2021 13:00,N/A,N/A
4/10/2021 14:00,N/A,N/A
4/10/2021 15:00,N/A,N/A
4/10/2021 16:00,N/A,N/A
4/10/2021 17:00,N/A,N/A
4/10/2021 18:00,N/A,N/A
4/10/2021 19:00,N/A,N/A
4/10/2021 20:00,N/A,N/A
4/10/2021 21:00,N/A,N/A
4/10/2021 22:00,N/A,N/A
4/10/2021 23:00,N/A,N/A
4/11/2021 0:00,N/A,N/A
4/11/2021 1:00,N/A,N/A
4/11/2021 2:00,N/A,N/A
4/11/2021 3:00,N/A,N/A
4/11/2021 4:00,N/A,N/A
4/11/2021 5:00,N/A,N/A
4/11/2021 6:00,N/A,N/A
4/11/2021 7:00,N/A,N/A
4/11/2021 8:00,N/A,N/A
4/11/2021 9:00,N/A,N/A
4/11/2021 10:00,N/A,N/A
4/11/2021 11:00,N/A,N/A
4/11/2021 12:00,N/A,N/A
4/11/2021 13:00,N/A,N/A
4/11/2021 14:00,N/A,N/A
4/11/2021 15:00,N/A,N/A
4/11/2021 16:00,N/A,N/A
4/11/2021 17:00,N/A,N/A
4/11/2021 18:00,N/A,N/A
4/11/2021 19:00,N/A,N/A
4/11/2021 20:00,N/A,N/A
4/11/2021 21:00,N/A,N/A
4/11/2021 22:00,N/A,N/A
4/11/2021 23:00,N/A,N/A
4/12/2021 0:00,N/A,N/A
4/12/2021 1:00,N/A,N/A
4/12/2021 2:00,N/A,N/A
4/12/2021 3:00,N/A,N/A
4/12/2021 4:00,N/A,N/A
4/12/2021 5:00,N/A,N/A
4/12/2021 6:00,N/A,N/A
4/12/2021 7:00,N/A,N/A
4/12/2021 8:00,N/A,N/A
4/12/2021 9:00,N/A,N/A
4/12/2021 10:00,N/A,N/A
4/12/2021 11:00,N/A,N/A
4/12/2021 12:00,N/A,N/A
4/12/2021 13:00,N/A,N/A
4/12/2021 14:00,N/A,N/A
4/12/2021 15:00,N/A,N/A
4/12/2021 16:00,N/A,N/A
4/12/2021 17:00,N/A,N/A
4/12/2021 18:00,N/A,N/A
4/12/2021 19:00,N/A,N/A
4/12/2021 20:00,N/A,N/A
4/12/2021 21:00,N/A,N/A
4/12/2021 22:00,N/A,N/A
4/12/2021 23:00,N/A,N/A
4/13/2021 0:00,N/A,N/A
4/13/2021 1:00,N/A,N/A
4/13/2021 2:00,N/A,N/A
4/13/2021 3:00,N/A,N/A
4/13/2021 4:00,N/A,N/A
4/13/2021 5:00,N/A,N/A
4/13/2021 6:00,N/A,N/A
4/13/2021 7:00,N/A,N/A
4/13/2021 8:00,N/A,N/A
4/13/2021 9:00,N/A,N/A
4/13/2021 10:00,N/A,N/A
4/13/2021 11:00,N/A,N/A
4/13/2021 12:00,N/A,N/A
4/13/2021 13:00,N/A,N/A
4/13/2021 14:00,N/A,N/A
4/13/2021 15:00,N/A,N/A
4/13/2021 16:00,N/A,N/A
4/13/2021 17:00,N/A,N/A
4/13/2021 18:00,N/A,N/A
4/13/2021 19:00,N/A,N/A
4/13/2021 20:00,N/A,N/A
4/13/2021 21:00,N/A,N/A
4/13/2021 22:00,N/A,N/A
4/13/2021 23:00,N/A,N/A
4/14/2021 0:00,N/A,N/A
4/14/2021 1:00,N/A,N/A
4/14/2021 2:00,N/A,N/A
4/14/2021 3:00,N/A,N/A
4/14/2021 4:00,N/A,N/A
4/14/2021 5:00,N/A,N/A
4/14/2021 6:00,N/A,N/A
4/14/2021 7:00,N/A,N/A
4/14/2021 8:00,N/A,N/A
4/14/2021 9:00,N/A,N/A
4/14/2021 10:00,N/A,N/A
4/14/2021 11:00,N/A,N/A
4/14/2021 12:00,N/A,N/A
4/14/2021 13:00,N/A,N/A
4/14/2021 14:00,N/A,N/A
4/14/2021 15:00,N/A,N/A
4/14/2021 16:00,N/A,N/A
4/14/2021 17:00,N/A,N/A
4/14/2021 18:00,N/A,N/A
4/14/2021 19:00,N/A,N/A
4/14/2021 20:00,N/A,N/A
4/14/2021 21:00,N/A,N/A
4/14/2021 22:00,N/A,N/A
4/14/2021 23:00,N/A,N/A
4/15/2021 0:00,N/A,N/A
4/15/2021 1:00,N/A,N/A
4/15/2021 2:00,N/A,N/A
4/15/2021 3:00,N/A,N/A
4/15/2021 4:00,N/A,N/A
4/15/2021 5:00,N/A,N/A
4/15/2021 6:00,N/A,N/A
4/15/2021 7:00,N/A,N/A
4/15/2021 8:00,N/A,N/A
4/15/2021 9:00,N/A,N/A
4/15/2021 10:00,N/A,N/A
4/15/2021 11:00,N/A,N/A
4/15/2021 12:00,N/A,N/A
4/15/2021 13:00,N/A,N/A
4/15/2021 14:00,N/A,N/A
4/15/2021 15:00,N/A,N/A
4/15/2021 16:00,N/A,N/A
4/15/2021 17:00,N/A,N/A
4/15/2021 18:00,N/A,N/A
4/15/2021 19:00,N/A,N/A
4/15/2021 20:00,N/A,N/A
4/15/2021 21:00,N/A,N/A
4/15/2021 22:00,N/A,N/A
4/15/2021 23:00,N/A,N/A
4/16/2021 0:00,N/A,N/A
4/16/2021 1:00,N/A,N/A
4/16/2021 2:00,N/A,N/A
4/16/2021 3:00,N/A,N/A
4/16/2021 4:00,N/A,N/A
4/16/2021 5:00,N/A,N/A
4/16/2021 6:00,N/A,N/A
4/16/2021 7:00,N/A,N/A
4/16/2021 8:00,N/A,N/A
4/16/2021 9:00,N/A,N/A
4/16/2021 10:00,N/A,N/A
4/16/2021 11:00,N/A,N/A
4/16/2021 12:00,N/A,N/A
4/16/2021 13:00,N/A,N/A
4/16/2021 14:00,N/A,N/A
4/16/2021 15:00,N/A,N/A
4/16/2021 16:00,N/A,N/A
4/16/2021 17:00,N/A,N/A
4/16/2021 18:00,N/A,N/A
4/16/2021 19:00,N/A,N/A
4/16/2021 20:00,N/A,N/A
4/16/2021 21:00,N/A,N/A
4/16/2021 22:00,N/A,N/A
4/16/2021 23:00,N/A,N/A
4/17/2021 0:00,N/A,N/A
4/17/2021 1:00,N/A,N/A
4/17/2021 2:00,N/A,N/A
4/17/2021 3:00,N/A,N/A
4/17/2021 4:00,N/A,N/A
4/17/2021 5:00,N/A,N/A
4/17/2021 6:00,N/A,N/A
4/17/2021 7:00,N/A,N/A
4/17/2021 8:00,N/A,N/A
4/17/2021 9:00,N/A,N/A
4/17/2021 10:00,N/A,N/A
4/17/2021 11:00,N/A,N/A
4/17/2021 12:00,N/A,N/A
4/17/2021 13:00,N/A,N/A
4/17/2021 14:00,N/A,N/A
4/17/2021 15:00,N/A,N/A
4/17/2021 16:00,N/A,N/A
4/17/2021 17:00,N/A,N/A
4/17/2021 18:00,N/A,N/A
4/17/2021 19:00,N/A,N/A
4/17/2021 20:00,N/A,N/A
4/17/2021 21:00,N/A,N/A
4/17/2021 22:00,N/A,N/A
4/17/2021 23:00,N/A,N/A
4/18/2021 0:00,N/A,N/A
4/18/2021 1:00,N/A,N/A
4/18/2021 2:00,N/A,N/A
4/18/2021 3:00,N/A,N/A
4/18/2021 4:00,N/A,N/A
4/18/2021 5:00,N/A,N/A
4/18/2021 6:00,N/A,N/A
4/18/2021 7:00,N/A,N/A
4/18/2021 8:00,N/A,N/A
4/18/2021 9:00,N/A,N/A
4/18/2021 10:00,N/A,N/A
4/18/2021 11:00,N/A,N/A
4/18/2021 12:00,N/A,N/A
4/18/2021 13:00,N/A,N/A
4/18/2021 14:00,N/A,N/A
4/18/2021 15:00,N/A,N/A
4/18/2021 16:00,N/A,N/A
4/18/2021 17:00,N/A,N/A
4/18/2021 18:00,N/A,N/A
4/18/2021 19:00,N/A,N/A
4/18/2021 20:00,N/A,N/A
4/18/2021 21:00,N/A,N/A
4/18/2021 22:00,N/A,N/A
4/18/2021 23:00,N/A,N/A
4/19/2021 0:00,N/A,N/A
4/19/2021 1:00,N/A,N/A
4/19/2021 2:00,N/A,N/A
4/19/2021 3:00,N/A,N/A
4/19/2021 4:00,N/A,N/A
4/19/2021 5:00,N/A,N/A
4/19/2021 6:00,N/A,N/A
4/19/2021 7:00,N/A,N/A
4/19/2021 8:00,N/A,N/A
4/19/2021 9:00,N/A,N/A
4/19/2021 10:00,N/A,N/A
4/19/2021 11:00,N/A,N/A
4/19/2021 12:00,N/A,N/A
4/19/2021 13:00,N/A,N/A
4/19/2021 14:00,N/A,N/A
4/19/2021 15:00,N/A,N/A
4/19/2021 16:00,N/A,N/A
4/19/2021 17:00,N/A,N/A
4/19/2021 18:00,N/A,N/A
4/19/2021 19:00,N/A,N/A
4/19/2021 20:00,N/A,N/A
4/19/2021 21:00,N/A,N/A
4/19/2021 22:00,N/A,N/A
4/19/2021 23:00,N/A,N/A
4/20/2021 0:00,N/A,N/A
4/20/2021 1:00,N/A,N/A
4/20/2021 2:00,N/A,N/A
4/20/2021 3:00,N/A,N/A
4/20/2021 4:00,N/A,N/A
4/20/2021 5:00,N/A,N/A
4/20/2021 6:00,N/A,N/A
4/20/2021 7:00,N/A,N/A
4/20/2021 8:00,N/A,N/A
4/20/2021 9:00,N/A,N/A
4/20/2021 10:00,N/A,N/A
4/20/2021 11:00,N/A,N/A
4/20/2021 12:00,N/A,N/A
4/20/2021 13:00,N/A,N/A
4/20/2021 14:00,N/A,N/A
4/20/2021 15:00,N/A,N/A
4/20/2021 16:00,N/A,N/A
4/20/2021 17:00,N/A,N/A
4/20/2021 18:00,N/A,N/A
4/20/2021 19:00,N/A,N/A
4/20/2021 20:00,N/A,N/A
4/20/2021 21:00,N/A,N/A
4/20/2021 22:00,N/A,N/A
4/20/2021 23:00,N/A,N/A
4/21/2021 0:00,N/A,N/A
4/21/2021 1:00,N/A,N/A
4/21/2021 2:00,N/A,N/A
4/21/2021 3:00,N/A,N/A
4/21/2021 4:00,N/A,N/A
4/21/2021 5:00,N/A,N/A
4/21/2021 6:00,N/A,N/A
4/21/2021 7:00,N/A,N/A
4/21/2021 8:00,N/A,N/A
4/21/2021 9:00,N/A,N/A
4/21/2021 10:00,N/A,N/A
4/21/2021 11:00,N/A,N/A
4/21/2021 12:00,N/A,N/A
4/21/2021 13:00,N/A,N/A
4/21/2021 14:00,N/A,N/A
4/21/2021 15:00,N/A,N/A
4/21/2021 16:00,N/A,N/A
4/21/2021 17:00,N/A,N/A
4/21/2021 18:00,N/A,N/A
4/21/2021 19:00,N/A,N/A
4/21/2021 20:00,N/A,N/A
4/21/2021 21:00,N/A,N/A
4/21/2021 22:00,N/A,N/A
4/21/2021 23:00,N/A,N/A
4/22/2021 0:00,N/A,N/A
4/22/2021 1:00,N/A,N/A
4/22/2021 2:00,N/A,N/A
4/22/2021 3:00,N/A,N/A
4/22/2021 4:00,N/A,N/A
4/22/2021 5:00,N/A,N/A
4/22/2021 6:00,N/A,N/A
4/22/2021 7:00,N/A,N/A
4/22/2021 8:00,N/A,N/A
4/22/2021 9:00,N/A,N/A
4/22/2021 10:00,N/A,N/A
4/22/2021 11:00,N/A,N/A
4/22/2021 12:00,N/A,N/A
4/22/2021 13:00,N/A,N/A
4/22/2021 14:00,N/A,N/A
4/22/2021 15:00,N/A,N/A
4/22/2021 16:00,N/A,N/A
4/22/2021 17:00,N/A,N/A
4/22/2021 18:00,N/A,N/A
4/22/2021 19:00,N/A,N/A
4/22/2021 20:00,N/A,N/A
4/22/2021 21:00,N/A,N/A
4/22/2021 22:00,N/A,N/A
4/22/2021 23:00,N/A,N/A
4/23/2021 0:00,N/A,N/A
4/23/2021 1:00,N/A,N/A
4/23/2021 2:00,N/A,N/A
4/23/2021 3:00,N/A,N/A
4/23/2021 4:00,N/A,N/A
4/23/2021 5:00,N/A,N/A
4/23/2021 6:00,N/A,N/A
4/23/2021 7:00,N/A,N/A
4/23/2021 8:00,N/A,N/A
4/23/2021 9:00,N/A,N/A
4/23/2021 10:00,N/A,N/A
4/23/2021 11:00,N/A,N/A
4/23/2021 12:00,N/A,N/A
4/23/2021 13:00,N/A,N/A
4/23/2021 14:00,N/A,N/A
4/23/2021 15:00,N/A,N/A
4/23/2021 16:00,N/A,N/A
4/23/2021 17:00,N/A,N/A
4/23/2021 18:00,N/A,N/A
4/23/2021 19:00,N/A,N/A
4/23/2021 20:00,N/A,N/A
4/23/2021 21:00,N/A,N/A
4/23/2021 22:00,N/A,N/A
4/23/2021 23:00,N/A,N/A
4/24/2021 0:00,N/A,N/A
4/24/2021 1:00,N/A,N/A
4/24/2021 2:00,N/A,N/A
4/24/2021 3:00,N/A,N/A
4/24/2021 4:00,N/A,N/A
4/24/2021 5:00,N/A,N/A
4/24/2021 6:00,N/A,N/A
4/24/2021 7:00,N/A,N/A
4/24/2021 8:00,N/A,N/A
4/24/2021 9:00,N/A,N/A
4/24/2021 10:00,N/A,N/A
4/24/2021 11:00,N/A,N/A
4/24/2021 12:00,N/A,N/A
4/24/2021 13:00,N/A,N/A
4/24/2021 14:00,N/A,N/A
4/24/2021 15:00,N/A,N/A
4/24/2021 16:00,N/A,N/A
4/24/2021 17:00,N/A,N/A
4/24/2021 18:00,N/A,N/A
4/24/2021 19:00,N/A,N/A
4/24/2021 20:00,N/A,N/A
4/24/2021 21:00,N/A,N/A
4/24/2021 22:00,N/A,N/A
4/24/2021 23:00,N/A,N/A
4/25/2021 0:00,N/A,N/A
4/25/2021 1:00,N/A,N/A
4/25/2021 2:00,N/A,N/A
4/25/2021 3:00,N/A,N/A
4/25/2021 4:00,N/A,N/A
4/25/2021 5:00,N/A,N/A
4/25/2021 6:00,N/A,N/A
4/25/2021 7:00,N/A,N/A
4/25/2021 8:00,N/A,N/A
4/25/2021 9:00,N/A,N/A
4/25/2021 10:00,N/A,N/A
4/25/2021 11:00,N/A,N/A
4/25/2021 12:00,N/A,N/A
4/25/2021 13:00,N/A,N/A
4/25/2021 14:00,N/A,N/A
4/25/2021 15:00,N/A,N/A
4/25/2021 16:00,N/A,N/A
4/25/2021 17:00,N/A,N/A
4/25/2021 18:00,N/A,N/A
4/25/2021 19:00,N/A,N/A
4/25/2021 20:00,N/A,N/A
4/25/2021 21:00,N/A,N/A
4/25/2021 22:00,N/A,N/A
4/25/2021 23:00,N/A,N/A
4/26/2021 0:00,N/A,N/A
4/26/2021 1:00,N/A,N/A
4/26/2021 2:00,N/A,N/A
4/26/2021 3:00,N/A,N/A
4/26/2021 4:00,N/A,N/A
4/26/2021 5:00,N/A,N/A
4/26/2021 6:00,N/A,N/A
4/26/2021 7:00,N/A,N/A
4/26/2021 8:00,N/A,N/A
4/26/2021 9:00,N/A,N/A
4/26/2021 10:00,N/A,N/A
4/26/2021 11:00,N/A,N/A
4/26/2021 12:00,N/A,N/A
4/26/2021 13:00,N/A,N/A
4/26/2021 14:00,N/A,N/A
4/26/2021 15:00,N/A,N/A
4/26/2021 16:00,N/A,N/A
4/26/2021 17:00,N/A,N/A
4/26/2021 18:00,N/A,N/A
4/26/2021 19:00,N/A,N/A
4/26/2021 20:00,N/A,N/A
4/26/2021 21:00,N/A,N/A
4/26/2021 22:00,N/A,N/A
4/26/2021 23:00,N/A,N/A
4/27/2021 0:00,N/A,N/A
4/27/2021 1:00,N/A,N/A
4/27/2021 2:00,N/A,N/A
4/27/2021 3:00,N/A,N/A
4/27/2021 4:00,N/A,N/A
4/27/2021 5:00,N/A,N/A
4/27/2021 6:00,N/A,N/A
4/27/2021 7:00,N/A,N/A
4/27/2021 8:00,N/A,N/A
4/27/2021 9:00,N/A,N/A
4/27/2021 10:00,N/A,N/A
4/27/2021 11:00,N/A,N/A
4/27/2021 12:00,N/A,N/A
4/27/2021 13:00,N/A,N/A
4/27/2021 14:00,N/A,N/A
4/27/2021 15:00,N/A,N/A
4/27/2021 16:00,N/A,N/A
4/27/2021 17:00,N/A,N/A
4/27/2021 18:00,N/A,N/A
4/27/2021 19:00,N/A,N/A
4/27/2021 20:00,N/A,N/A
4/27/2021 21:00,N/A,N/A
4/27/2021 22:00,N/A,N/A
4/27/2021 23:00,N/A,N/A
4/28/2021 0:00,N/A,N/A
4/28/2021 1:00,N/A,N/A
4/28/2021 2:00,N/A,N/A
4/28/2021 3:00,N/A,N/A
4/28/2021 4:00,N/A,N/A
4/28/2021 5:00,N/A,N/A
4/28/2021 6:00,N/A,N/A
4/28/2021 7:00,N/A,N/A
4/28/2021 8:00,N/A,N/A
4/28/2021 9:00,N/A,N/A
4/28/2021 10:00,N/A,N/A
4/28/2021 11:00,N/A,N/A
4/28/2021 12:00,N/A,N/A
4/28/2021 13:00,N/A,N/A
4/28/2021 14:00,N/A,N/A
4/28/2021 15:00,N/A,N/A
4/28/2021 16:00,N/A,N/A
4/28/2021 17:00,N/A,N/A
4/28/2021 18:00,N/A,N/A
4/28/2021 19:00,N/A,N/A
4/28/2021 20:00,N/A,N/A
4/28/2021 21:00,N/A,N/A
4/28/2021 22:00,N/A,N/A
4/28/2021 23:00,N/A,N/A
4/29/2021 0:00,N/A,N/A
4/29/2021 1:00,N/A,N/A
4/29/2021 2:00,N/A,N/A
4/29/2021 3:00,N/A,N/A
4/29/2021 4:00,N/A,N/A
4/29/2021 5:00,N/A,N/A
4/29/2021 6:00,N/A,N/A
4/29/2021 7:00,N/A,N/A
4/29/2021 8:00,N/A,N/A
4/29/2021 9:00,N/A,N/A
4/29/2021 10:00,N/A,N/A
4/29/2021 11:00,N/A,N/A
4/29/2021 12:00,N/A,N/A
4/29/2021 13:00,N/A,N/A
4/29/2021 14:00,N/A,N/A
4/29/2021 15:00,N/A,N/A
4/29/2021 16:00,N/A,N/A
4/29/2021 17:00,N/A,N/A
4/29/2021 18:00,N/A,N/A
4/29/2021 19:00,N/A,N/A
4/29/2021 20:00,N/A,N/A
4/29/2021 21:00,N/A,N/A
4/29/2021 22:00,N/A,N/A
4/29/2021 23:00,N/A,N/A
4/30/2021 0:00,N/A,N/A
4/30/2021 1:00,N/A,N/A
4/30/2021 2:00,N/A,N/A
4/30/2021 3:00,N/A,N/A
4/30/2021 4:00,N/A,N/A
4/30/2021 5:00,N/A,N/A
4/30/2021 6:00,N/A,N/A
4/30/2021 7:00,N/A,N/A
4/30/2021 8:00,N/A,N/A
4/30/2021 9:00,N/A,N/A
4/30/2021 10:00,N/A,N/A
4/30/2021 11:00,N/A,N/A
4/30/2021 12:00,N/A,N/A
4/30/2021 13:00,N/A,N/A
4/30/2021 14:00,N/A,N/A
4/30/2021 15:00,N/A,N/A
4/30/2021 16:00,N/A,N/A
4/30/2021 17:00,N/A,N/A
4/30/2021 18:00,N/A,N/A
4/30/2021 19:00,N/A,N/A
4/30/2021 20:00,N/A,N/A
4/30/2021 21:00,N/A,N/A
4/30/2021 22:00,N/A,N/A
4/30/2021 23:00,N/A,N/A
5/1/2021 0:00,N/A,N/A
5/1/2021 1:00,N/A,N/A
5/1/2021 2:00,N/A,N/A
5/1/2021 3:00,N/A,N/A
5/1/2021 4:00,N/A,N/A
5/1/2021 5:00,N/A,N/A
5/1/2021 6:00,N/A,N/A
5/1/2021 7:00,N/A,N/A
5/1/2021 8:00,N/A,N/A
5/1/2021 9:00,N/A,N/A
5/1/2021 10:00,N/A,N/A
5/1/2021 11:00,N/A,N/A
5/1/2021 12:00,N/A,N/A
5/1/2021 13:00,N/A,N/A
5/1/2021 14:00,N/A,N/A
5/1/2021 15:00,N/A,N/A
5/1/2021 16:00,N/A,N/A
5/1/2021 17:00,N/A,N/A
5/1/2021 18:00,N/A,N/A
5/1/2021 19:00,N/A,N/A
5/1/2021 20:00,N/A,N/A
5/1/2021 21:00,N/A,N/A
5/1/2021 22:00,N/A,N/A
5/1/2021 23:00,N/A,N/A
5/2/2021 0:00,N/A,N/A
5/2/2021 1:00,N/A,N/A
5/2/2021 2:00,N/A,N/A
5/2/2021 3:00,N/A,N/A
5/2/2021 4:00,N/A,N/A
5/2/2021 5:00,N/A,N/A
5/2/2021 6:00,N/A,N/A
5/2/2021 7:00,N/A,N/A
5/2/2021 8:00,N/A,N/A
5/2/2021 9:00,N/A,N/A
5/2/2021 10:00,N/A,N/A
5/2/2021 11:00,N/A,N/A
5/2/2021 12:00,N/A,N/A
5/2/2021 13:00,N/A,N/A
5/2/2021 14:00,N/A,N/A
5/2/2021 15:00,N/A,N/A
5/2/2021 16:00,N/A,N/A
5/2/2021 17:00,N/A,N/A
5/2/2021 18:00,N/A,N/A
5/2/2021 19:00,N/A,N/A
5/2/2021 20:00,N/A,N/A
5/2/2021 21:00,N/A,N/A
5/2/2021 22:00,N/A,N/A
5/2/2021 23:00,N/A,N/A
5/3/2021 0:00,N/A,N/A
5/3/2021 1:00,N/A,N/A
5/3/2021 2:00,N/A,N/A
5/3/2021 3:00,N/A,N/A
5/3/2021 4:00,N/A,N/A
5/3/2021 5:00,N/A,N/A
5/3/2021 6:00,N/A,N/A
5/3/2021 7:00,N/A,N/A
5/3/2021 8:00,N/A,N/A
5/3/2021 9:00,N/A,N/A
5/3/2021 10:00,N/A,N/A
5/3/2021 11:00,N/A,N/A
5/3/2021 12:00,N/A,N/A
5/3/2021 13:00,N/A,N/A
5/3/2021 14:00,N/A,N/A
5/3/2021 15:00,N/A,N/A
5/3/2021 16:00,N/A,N/A
5/3/2021 17:00,N/A,N/A
5/3/2021 18:00,N/A,N/A
5/3/2021 19:00,N/A,N/A
5/3/2021 20:00,N/A,N/A
5/3/2021 21:00,N/A,N/A
5/3/2021 22:00,N/A,N/A
5/3/2021 23:00,N/A,N/A
5/4/2021 0:00,N/A,N/A
5/4/2021 1:00,N/A,N/A
5/4/2021 2:00,N/A,N/A
5/4/2021 3:00,N/A,N/A
5/4/2021 4:00,N/A,N/A
5/4/2021 5:00,N/A,N/A
5/4/2021 6:00,N/A,N/A
5/4/2021 7:00,N/A,N/A
5/4/2021 8:00,N/A,N/A
5/4/2021 9:00,N/A,N/A
5/4/2021 10:00,N/A,N/A
5/4/2021 11:00,N/A,N/A
5/4/2021 12:00,N/A,N/A
5/4/2021 13:00,N/A,N/A
5/4/2021 14:00,N/A,N/A
5/4/2021 15:00,N/A,N/A
5/4/2021 16:00,N/A,N/A
5/4/2021 17:00,N/A,N/A
5/4/2021 18:00,N/A,N/A
5/4/2021 19:00,N/A,N/A
5/4/2021 20:00,N/A,N/A
5/4/2021 21:00,N/A,N/A
5/4/2021 22:00,N/A,N/A
5/4/2021 23:00,N/A,N/A
5/5/2021 0:00,N/A,N/A
5/5/2021 1:00,N/A,N/A
5/5/2021 2:00,N/A,N/A
5/5/2021 3:00,N/A,N/A
5/5/2021 4:00,N/A,N/A
5/5/2021 5:00,N/A,N/A
5/5/2021 6:00,N/A,N/A
5/5/2021 7:00,N/A,N/A
5/5/2021 8:00,N/A,N/A
5/5/2021 9:00,N/A,N/A
5/5/2021 10:00,N/A,N/A
5/5/2021 11:00,N/A,N/A
5/5/2021 12:00,N/A,N/A
5/5/2021 13:00,N/A,N/A
5/5/2021 14:00,N/A,N/A
5/5/2021 15:00,N/A,N/A
5/5/2021 16:00,N/A,N/A
5/5/2021 17:00,N/A,N/A
5/5/2021 18:00,N/A,N/A
5/5/2021 19:00,N/A,N/A
5/5/2021 20:00,N/A,N/A
5/5/2021 21:00,N/A,N/A
5/5/2021 22:00,N/A,N/A
5/5/2021 23:00,N/A,N/A
5/6/2021 0:00,N/A,N/A
5/6/2021 1:00,N/A,N/A
5/6/2021 2:00,N/A,N/A
5/6/2021 3:00,N/A,N/A
5/6/2021 4:00,N/A,N/A
5/6/2021 5:00,N/A,N/A
5/6/2021 6:00,N/A,N/A
5/6/2021 7:00,N/A,N/A
5/6/2021 8:00,N/A,N/A
5/6/2021 9:00,N/A,N/A
5/6/2021 10:00,N/A,N/A
5/6/2021 11:00,N/A,N/A
5/6/2021 12:00,N/A,N/A
5/6/2021 13:00,N/A,N/A
5/6/2021 14:00,N/A,N/A
5/6/2021 15:00,N/A,N/A
5/6/2021 16:00,N/A,N/A
5/6/2021 17:00,N/A,N/A
5/6/2021 18:00,N/A,N/A
5/6/2021 19:00,N/A,N/A
5/6/2021 20:00,N/A,N/A
5/6/2021 21:00,N/A,N/A
5/6/2021 22:00,N/A,N/A
5/6/2021 23:00,N/A,N/A
5/7/2021 0:00,N/A,N/A
5/7/2021 1:00,N/A,N/A
5/7/2021 2:00,N/A,N/A
5/7/2021 3:00,N/A,N/A
5/7/2021 4:00,N/A,N/A
5/7/2021 5:00,N/A,N/A
5/7/2021 6:00,N/A,N/A
5/7/2021 7:00,N/A,N/A
5/7/2021 8:00,N/A,N/A
5/7/2021 9:00,N/A,N/A
5/7/2021 10:00,N/A,N/A
5/7/2021 11:00,N/A,N/A
5/7/2021 12:00,N/A,N/A
5/7/2021 13:00,N/A,N/A
5/7/2021 14:00,N/A,N/A
5/7/2021 15:00,N/A,N/A
5/7/2021 16:00,N/A,N/A
5/7/2021 17:00,N/A,N/A
5/7/2021 18:00,N/A,N/A
5/7/2021 19:00,N/A,N/A
5/7/2021 20:00,N/A,N/A
5/7/2021 21:00,N/A,N/A
5/7/2021 22:00,N/A,N/A
5/7/2021 23:00,N/A,N/A
5/8/2021 0:00,N/A,N/A
5/8/2021 1:00,N/A,N/A
5/8/2021 2:00,N/A,N/A
5/8/2021 3:00,N/A,N/A
5/8/2021 4:00,N/A,N/A
5/8/2021 5:00,N/A,N/A
5/8/2021 6:00,N/A,N/A
5/8/2021 7:00,N/A,N/A
5/8/2021 8:00,N/A,N/A
5/8/2021 9:00,N/A,N/A
5/8/2021 10:00,N/A,N/A
5/8/2021 11:00,N/A,N/A
5/8/2021 12:00,N/A,N/A
5/8/2021 13:00,N/A,N/A
5/8/2021 14:00,N/A,N/A
5/8/2021 15:00,N/A,N/A
5/8/2021 16:00,N/A,N/A
5/8/2021 17:00,N/A,N/A
5/8/2021 18:00,N/A,N/A
5/8/2021 19:00,N/A,N/A
5/8/2021 20:00,N/A,N/A
5/8/2021 21:00,N/A,N/A
5/8/2021 22:00,N/A,N/A
5/8/2021 23:00,N/A,N/A
5/9/2021 0:00,N/A,N/A
5/9/2021 1:00,N/A,N/A
5/9/2021 2:00,N/A,N/A
5/9/2021 3:00,N/A,N/A
5/9/2021 4:00,N/A,N/A
5/9/2021 5:00,N/A,N/A
5/9/2021 6:00,N/A,N/A
5/9/2021 7:00,N/A,N/A
5/9/2021 8:00,N/A,N/A
5/9/2021 9:00,N/A,N/A
5/9/2021 10:00,N/A,N/A
5/9/2021 11:00,N/A,N/A
5/9/2021 12:00,N/A,N/A
5/9/2021 13:00,N/A,N/A
5/9/2021 14:00,N/A,N/A
5/9/2021 15:00,N/A,N/A
5/9/2021 16:00,N/A,N/A
5/9/2021 17:00,N/A,N/A
5/9/2021 18:00,N/A,N/A
5/9/2021 19:00,N/A,N/A
5/9/2021 20:00,N/A,N/A
5/9/2021 21:00,N/A,N/A
5/9/2021 22:00,N/A,N/A
5/9/2021 23:00,N/A,N/A
5/10/2021 0:00,N/A,N/A
5/10/2021 1:00,N/A,N/A
5/10/2021 2:00,N/A,N/A
5/10/2021 3:00,N/A,N/A
5/10/2021 4:00,N/A,N/A
5/10/2021 5:00,N/A,N/A
5/10/2021 6:00,N/A,N/A
5/10/2021 7:00,N/A,N/A
5/10/2021 8:00,N/A,N/A
5/10/2021 9:00,N/A,N/A
5/10/2021 10:00,N/A,N/A
5/10/2021 11:00,N/A,N/A
5/10/2021 12:00,N/A,N/A
5/10/2021 13:00,N/A,N/A
5/10/2021 14:00,N/A,N/A
5/10/2021 15:00,N/A,N/A
5/10/2021 16:00,N/A,N/A
5/10/2021 17:00,N/A,N/A
5/10/2021 18:00,N/A,N/A
5/10/2021 19:00,N/A,N/A
5/10/2021 20:00,N/A,N/A
5/10/2021 21:00,N/A,N/A
5/10/2021 22:00,N/A,N/A
5/10/2021 23:00,N/A,N/A
5/11/2021 0:00,N/A,N/A
5/11/2021 1:00,N/A,N/A
5/11/2021 2:00,N/A,N/A
5/11/2021 3:00,N/A,N/A
5/11/2021 4:00,N/A,N/A
5/11/2021 5:00,N/A,N/A
5/11/2021 6:00,N/A,N/A
5/11/2021 7:00,N/A,N/A
5/11/2021 8:00,N/A,N/A
5/11/2021 9:00,N/A,N/A
5/11/2021 10:00,N/A,N/A
5/11/2021 11:00,N/A,N/A
5/11/2021 12:00,N/A,N/A
5/11/2021 13:00,N/A,N/A
5/11/2021 14:00,N/A,N/A
5/11/2021 15:00,N/A,N/A
5/11/2021 16:00,N/A,N/A
5/11/2021 17:00,N/A,N/A
5/11/2021 18:00,N/A,N/A
5/11/2021 19:00,N/A,N/A
5/11/2021 20:00,N/A,N/A
5/11/2021 21:00,N/A,N/A
5/11/2021 22:00,N/A,N/A
5/11/2021 23:00,N/A,N/A
5/12/2021 0:00,N/A,N/A
5/12/2021 1:00,N/A,N/A
5/12/2021 2:00,N/A,N/A
5/12/2021 3:00,N/A,N/A
5/12/2021 4:00,N/A,N/A
5/12/2021 5:00,N/A,N/A
5/12/2021 6:00,N/A,N/A
5/12/2021 7:00,N/A,N/A
5/12/2021 8:00,N/A,N/A
5/12/2021 9:00,N/A,N/A
5/12/2021 10:00,N/A,N/A
5/12/2021 11:00,N/A,N/A
5/12/2021 12:00,N/A,N/A
5/12/2021 13:00,N/A,N/A
5/12/2021 14:00,N/A,N/A
5/12/2021 15:00,N/A,N/A
5/12/2021 16:00,N/A,N/A
5/12/2021 17:00,N/A,N/A
5/12/2021 18:00,N/A,N/A
5/12/2021 19:00,N/A,N/A
5/12/2021 20:00,N/A,N/A
5/12/2021 21:00,N/A,N/A
5/12/2021 22:00,N/A,N/A
5/12/2021 23:00,N/A,N/A
5/13/2021 0:00,N/A,N/A
5/13/2021 1:00,N/A,N/A
5/13/2021 2:00,N/A,N/A
5/13/2021 3:00,N/A,N/A
5/13/2021 4:00,N/A,N/A
5/13/2021 5:00,N/A,N/A
5/13/2021 6:00,N/A,N/A
5/13/2021 7:00,N/A,N/A
5/13/2021 8:00,N/A,N/A
5/13/2021 9:00,N/A,N/A
5/13/2021 10:00,N/A,N/A
5/13/2021 11:00,N/A,N/A
5/13/2021 12:00,N/A,N/A
5/13/2021 13:00,N/A,N/A
5/13/2021 14:00,N/A,N/A
5/13/2021 15:00,N/A,N/A
5/13/2021 16:00,N/A,N/A
5/13/2021 17:00,N/A,N/A
5/13/2021 18:00,N/A,N/A
5/13/2021 19:00,N/A,N/A
5/13/2021 20:00,N/A,N/A
5/13/2021 21:00,N/A,N/A
5/13/2021 22:00,N/A,N/A
5/13/2021 23:00,N/A,N/A
5/14/2021 0:00,N/A,N/A
5/14/2021 1:00,N/A,N/A
5/14/2021 2:00,N/A,N/A
5/14/2021 3:00,N/A,N/A
5/14/2021 4:00,N/A,N/A
5/14/2021 5:00,N/A,N/A
5/14/2021 6:00,N/A,N/A
5/14/2021 7:00,N/A,N/A
5/14/2021 8:00,N/A,N/A
5/14/2021 9:00,N/A,N/A
5/14/2021 10:00,N/A,N/A
5/14/2021 11:00,N/A,N/A
5/14/2021 12:00,N/A,N/A
5/14/2021 13:00,N/A,N/A
5/14/2021 14:00,N/A,N/A
5/14/2021 15:00,N/A,N/A
5/14/2021 16:00,N/A,N/A
5/14/2021 17:00,N/A,N/A
5/14/2021 18:00,N/A,N/A
5/14/2021 19:00,N/A,N/A
5/14/2021 20:00,N/A,N/A
5/14/2021 21:00,N/A,N/A
5/14/2021 22:00,N/A,N/A
5/14/2021 23:00,N/A,N/A
5/15/2021 0:00,N/A,N/A
5/15/2021 1:00,N/A,N/A
5/15/2021 2:00,N/A,N/A
5/15/2021 3:00,N/A,N/A
5/15/2021 4:00,N/A,N/A
5/15/2021 5:00,N/A,N/A
5/15/2021 6:00,N/A,N/A
5/15/2021 7:00,N/A,N/A
5/15/2021 8:00,N/A,N/A
5/15/2021 9:00,N/A,N/A
5/15/2021 10:00,N/A,N/A
5/15/2021 11:00,N/A,N/A
5/15/2021 12:00,N/A,N/A
5/15/2021 13:00,N/A,N/A
5/15/2021 14:00,N/A,N/A
5/15/2021 15:00,N/A,N/A
5/15/2021 16:00,N/A,N/A
5/15/2021 17:00,N/A,N/A
5/15/2021 18:00,N/A,N/A
5/15/2021 19:00,N/A,N/A
5/15/2021 20:00,N/A,N/A
5/15/2021 21:00,N/A,N/A
5/15/2021 22:00,N/A,N/A
5/15/2021 23:00,N/A,N/A
5/16/2021 0:00,N/A,N/A
5/16/2021 1:00,N/A,N/A
5/16/2021 2:00,N/A,N/A
5/16/2021 3:00,N/A,N/A
5/16/2021 4:00,N/A,N/A
5/16/2021 5:00,N/A,N/A
5/16/2021 6:00,N/A,N/A
5/16/2021 7:00,N/A,N/A
5/16/2021 8:00,N/A,N/A
5/16/2021 9:00,N/A,N/A
5/16/2021 10:00,N/A,N/A
5/16/2021 11:00,N/A,N/A
5/16/2021 12:00,N/A,N/A
5/16/2021 13:00,N/A,N/A
5/16/2021 14:00,N/A,N/A
5/16/2021 15:00,N/A,N/A
5/16/2021 16:00,N/A,N/A
5/16/2021 17:00,N/A,N/A
5/16/2021 18:00,N/A,N/A
5/16/2021 19:00,N/A,N/A
5/16/2021 20:00,N/A,N/A
5/16/2021 21:00,N/A,N/A
5/16/2021 22:00,N/A,N/A
5/16/2021 23:00,N/A,N/A
5/17/2021 0:00,N/A,N/A
5/17/2021 1:00,N/A,N/A
5/17/2021 2:00,N/A,N/A
5/17/2021 3:00,N/A,N/A
5/17/2021 4:00,N/A,N/A
5/17/2021 5:00,N/A,N/A
5/17/2021 6:00,N/A,N/A
5/17/2021 7:00,N/A,N/A
5/17/2021 8:00,N/A,N/A
5/17/2021 9:00,N/A,N/A
5/17/2021 10:00,N/A,N/A
5/17/2021 11:00,N/A,N/A
5/17/2021 12:00,N/A,N/A
5/17/2021 13:00,N/A,N/A
5/17/2021 14:00,N/A,N/A
5/17/2021 15:00,N/A,N/A
5/17/2021 16:00,N/A,N/A
5/17/2021 17:00,N/A,N/A
5/17/2021 18:00,N/A,N/A
5/17/2021 19:00,N/A,N/A
5/17/2021 20:00,N/A,N/A
5/17/2021 21:00,N/A,N/A
5/17/2021 22:00,N/A,N/A
5/17/2021 23:00,N/A,N/A
5/18/2021 0:00,N/A,N/A
5/18/2021 1:00,N/A,N/A
5/18/2021 2:00,N/A,N/A
5/18/2021 3:00,N/A,N/A
5/18/2021 4:00,N/A,N/A
5/18/2021 5:00,N/A,N/A
5/18/2021 6:00,N/A,N/A
5/18/2021 7:00,N/A,N/A
5/18/2021 8:00,N/A,N/A
5/18/2021 9:00,N/A,N/A
5/18/2021 10:00,N/A,N/A
5/18/2021 11:00,N/A,N/A
5/18/2021 12:00,N/A,N/A
5/18/2021 13:00,N/A,N/A
5/18/2021 14:00,N/A,N/A
5/18/2021 15:00,N/A,N/A
5/18/2021 16:00,N/A,N/A
5/18/2021 17:00,N/A,N/A
5/18/2021 18:00,N/A,N/A
5/18/2021 19:00,N/A,N/A
5/18/2021 20:00,N/A,N/A
5/18/2021 21:00,N/A,N/A
5/18/2021 22:00,N/A,N/A
5/18/2021 23:00,N/A,N/A
5/19/2021 0:00,N/A,N/A
5/19/2021 1:00,N/A,N/A
5/19/2021 2:00,N/A,N/A
5/19/2021 3:00,N/A,N/A
5/19/2021 4:00,N/A,N/A
5/19/2021 5:00,N/A,N/A
5/19/2021 6:00,N/A,N/A
5/19/2021 7:00,N/A,N/A
5/19/2021 8:00,N/A,N/A
5/19/2021 9:00,N/A,N/A
5/19/2021 10:00,N/A,N/A
5/19/2021 11:00,N/A,N/A
5/19/2021 12:00,N/A,N/A
5/19/2021 13:00,N/A,N/A
5/19/2021 14:00,N/A,N/A
5/19/2021 15:00,N/A,N/A
5/19/2021 16:00,N/A,N/A
5/19/2021 17:00,N/A,N/A
5/19/2021 18:00,N/A,N/A
5/19/2021 19:00,N/A,N/A
5/19/2021 20:00,N/A,N/A
5/19/2021 21:00,N/A,N/A
5/19/2021 22:00,N/A,N/A
5/19/2021 23:00,N/A,N/A
5/20/2021 0:00,N/A,N/A
5/20/2021 1:00,N/A,N/A
5/20/2021 2:00,N/A,N/A
5/20/2021 3:00,N/A,N/A
5/20/2021 4:00,N/A,N/A
5/20/2021 5:00,N/A,N/A
5/20/2021 6:00,N/A,N/A
5/20/2021 7:00,N/A,N/A
5/20/2021 8:00,N/A,N/A
5/20/2021 9:00,N/A,N/A
5/20/2021 10:00,N/A,N/A
5/20/2021 11:00,N/A,N/A
5/20/2021 12:00,N/A,N/A
5/20/2021 13:00,N/A,N/A
5/20/2021 14:00,N/A,N/A
5/20/2021 15:00,N/A,N/A
5/20/2021 16:00,N/A,N/A
5/20/2021 17:00,N/A,N/A
5/20/2021 18:00,N/A,N/A
5/20/2021 19:00,N/A,N/A
5/20/2021 20:00,N/A,N/A
5/20/2021 21:00,N/A,N/A
5/20/2021 22:00,N/A,N/A
5/20/2021 23:00,N/A,N/A
5/21/2021 0:00,N/A,N/A
5/21/2021 1:00,N/A,N/A
5/21/2021 2:00,N/A,N/A
5/21/2021 3:00,N/A,N/A
5/21/2021 4:00,N/A,N/A
5/21/2021 5:00,N/A,N/A
5/21/2021 6:00,N/A,N/A
5/21/2021 7:00,N/A,N/A
5/21/2021 8:00,N/A,N/A
5/21/2021 9:00,N/A,N/A
5/21/2021 10:00,N/A,N/A
5/21/2021 11:00,N/A,N/A
5/21/2021 12:00,N/A,N/A
5/21/2021 13:00,N/A,N/A
5/21/2021 14:00,N/A,N/A
5/21/2021 15:00,N/A,N/A
5/21/2021 16:00,N/A,N/A
5/21/2021 17:00,N/A,N/A
5/21/2021 18:00,N/A,N/A
5/21/2021 19:00,N/A,N/A
5/21/2021 20:00,N/A,N/A
5/21/2021 21:00,N/A,N/A
5/21/2021 22:00,N/A,N/A
5/21/2021 23:00,N/A,N/A
5/22/2021 0:00,N/A,N/A
5/22/2021 1:00,N/A,N/A
5/22/2021 2:00,N/A,N/A
5/22/2021 3:00,N/A,N/A
5/22/2021 4:00,N/A,N/A
5/22/2021 5:00,N/A,N/A
5/22/2021 6:00,N/A,N/A
5/22/2021 7:00,N/A,N/A
5/22/2021 8:00,N/A,N/A
5/22/2021 9:00,N/A,N/A
5/22/2021 10:00,N/A,N/A
5/22/2021 11:00,N/A,N/A
5/22/2021 12:00,N/A,N/A
5/22/2021 13:00,N/A,N/A
5/22/2021 14:00,N/A,N/A
5/22/2021 15:00,N/A,N/A
5/22/2021 16:00,N/A,N/A
5/22/2021 17:00,N/A,N/A
5/22/2021 18:00,N/A,N/A
5/22/2021 19:00,N/A,N/A
5/22/2021 20:00,N/A,N/A
5/22/2021 21:00,N/A,N/A
5/22/2021 22:00,N/A,N/A
5/22/2021 23:00,N/A,N/A
5/23/2021 0:00,N/A,N/A
5/23/2021 1:00,N/A,N/A
5/23/2021 2:00,N/A,N/A
5/23/2021 3:00,N/A,N/A
5/23/2021 4:00,N/A,N/A
5/23/2021 5:00,N/A,N/A
5/23/2021 6:00,N/A,N/A
5/23/2021 7:00,N/A,N/A
5/23/2021 8:00,N/A,N/A
5/23/2021 9:00,N/A,N/A
5/23/2021 10:00,N/A,N/A
5/23/2021 11:00,N/A,N/A
5/23/2021 12:00,N/A,N/A
5/23/2021 13:00,N/A,N/A
5/23/2021 14:00,N/A,N/A
5/23/2021 15:00,N/A,N/A
5/23/2021 16:00,N/A,N/A
5/23/2021 17:00,N/A,N/A
5/23/2021 18:00,N/A,N/A
5/23/2021 19:00,N/A,N/A
5/23/2021 20:00,N/A,N/A
5/23/2021 21:00,N/A,N/A
5/23/2021 22:00,N/A,N/A
5/23/2021 23:00,N/A,N/A
5/24/2021 0:00,N/A,N/A
5/24/2021 1:00,N/A,N/A
5/24/2021 2:00,N/A,N/A
5/24/2021 3:00,N/A,N/A
5/24/2021 4:00,N/A,N/A
5/24/2021 5:00,N/A,N/A
5/24/2021 6:00,N/A,N/A
5/24/2021 7:00,N/A,N/A
5/24/2021 8:00,N/A,N/A
5/24/2021 9:00,N/A,N/A
5/24/2021 10:00,N/A,N/A
5/24/2021 11:00,N/A,N/A
5/24/2021 12:00,N/A,N/A
5/24/2021 13:00,N/A,N/A
5/24/2021 14:00,N/A,N/A
5/24/2021 15:00,N/A,N/A
5/24/2021 16:00,N/A,N/A
5/24/2021 17:00,N/A,N/A
5/24/2021 18:00,N/A,N/A
5/24/2021 19:00,N/A,N/A
5/24/2021 20:00,N/A,N/A
5/24/2021 21:00,N/A,N/A
5/24/2021 22:00,N/A,N/A
5/24/2021 23:00,N/A,N/A
5/25/2021 0:00,N/A,N/A
5/25/2021 1:00,N/A,N/A
5/25/2021 2:00,N/A,N/A
5/25/2021 3:00,N/A,N/A
5/25/2021 4:00,N/A,N/A
5/25/2021 5:00,N/A,N/A
5/25/2021 6:00,N/A,N/A
5/25/2021 7:00,N/A,N/A
5/25/2021 8:00,N/A,N/A
5/25/2021 9:00,N/A,N/A
5/25/2021 10:00,N/A,N/A
5/25/2021 11:00,N/A,N/A
5/25/2021 12:00,N/A,N/A
5/25/2021 13:00,N/A,N/A
5/25/2021 14:00,N/A,N/A
5/25/2021 15:00,N/A,N/A
5/25/2021 16:00,N/A,N/A
5/25/2021 17:00,N/A,N/A
5/25/2021 18:00,N/A,N/A
5/25/2021 19:00,N/A,N/A
5/25/2021 20:00,N/A,N/A
5/25/2021 21:00,N/A,N/A
5/25/2021 22:00,N/A,N/A
5/25/2021 23:00,N/A,N/A
5/26/2021 0:00,N/A,N/A
5/26/2021 1:00,N/A,N/A
5/26/2021 2:00,N/A,N/A
5/26/2021 3:00,N/A,N/A
5/26/2021 4:00,N/A,N/A
5/26/2021 5:00,N/A,N/A
5/26/2021 6:00,N/A,N/A
5/26/2021 7:00,N/A,N/A
5/26/2021 8:00,N/A,N/A
5/26/2021 9:00,N/A,N/A
5/26/2021 10:00,N/A,N/A
5/26/2021 11:00,N/A,N/A
5/26/2021 12:00,N/A,N/A
5/26/2021 13:00,N/A,N/A
5/26/2021 14:00,N/A,N/A
5/26/2021 15:00,N/A,N/A
5/26/2021 16:00,N/A,N/A
5/26/2021 17:00,N/A,N/A
5/26/2021 18:00,N/A,N/A
5/26/2021 19:00,N/A,N/A
5/26/2021 20:00,N/A,N/A
5/26/2021 21:00,N/A,N/A
5/26/2021 22:00,N/A,N/A
5/26/2021 23:00,N/A,N/A
5/27/2021 0:00,N/A,N/A
5/27/2021 1:00,N/A,N/A
5/27/2021 2:00,N/A,N/A
5/27/2021 3:00,N/A,N/A
5/27/2021 4:00,N/A,N/A
5/27/2021 5:00,N/A,N/A
5/27/2021 6:00,N/A,N/A
5/27/2021 7:00,N/A,N/A
5/27/2021 8:00,N/A,N/A
5/27/2021 9:00,N/A,N/A
5/27/2021 10:00,N/A,N/A
5/27/2021 11:00,N/A,N/A
5/27/2021 12:00,N/A,N/A
5/27/2021 13:00,N/A,N/A
5/27/2021 14:00,N/A,N/A
5/27/2021 15:00,N/A,N/A
5/27/2021 16:00,N/A,N/A
5/27/2021 17:00,N/A,N/A
5/27/2021 18:00,N/A,N/A
5/27/2021 19:00,N/A,N/A
5/27/2021 20:00,N/A,N/A
5/27/2021 21:00,N/A,N/A
5/27/2021 22:00,N/A,N/A
5/27/2021 23:00,N/A,N/A
5/28/2021 0:00,N/A,N/A
5/28/2021 1:00,N/A,N/A
5/28/2021 2:00,N/A,N/A
5/28/2021 3:00,N/A,N/A
5/28/2021 4:00,N/A,N/A
5/28/2021 5:00,N/A,N/A
5/28/2021 6:00,N/A,N/A
5/28/2021 7:00,N/A,N/A
5/28/2021 8:00,N/A,N/A
5/28/2021 9:00,N/A,N/A
5/28/2021 10:00,N/A,N/A
5/28/2021 11:00,N/A,N/A
5/28/2021 12:00,N/A,N/A
5/28/2021 13:00,N/A,N/A
5/28/2021 14:00,N/A,N/A
5/28/2021 15:00,N/A,N/A
5/28/2021 16:00,N/A,N/A
5/28/2021 17:00,N/A,N/A
5/28/2021 18:00,N/A,N/A
5/28/2021 19:00,N/A,N/A
5/28/2021 20:00,N/A,N/A
5/28/2021 21:00,N/A,N/A
5/28/2021 22:00,N/A,N/A
5/28/2021 23:00,N/A,N/A
5/29/2021 0:00,N/A,N/A
5/29/2021 1:00,N/A,N/A
5/29/2021 2:00,N/A,N/A
5/29/2021 3:00,N/A,N/A
5/29/2021 4:00,N/A,N/A
5/29/2021 5:00,N/A,N/A
5/29/2021 6:00,N/A,N/A
5/29/2021 7:00,N/A,N/A
5/29/2021 8:00,N/A,N/A
5/29/2021 9:00,N/A,N/A
5/29/2021 10:00,N/A,N/A
5/29/2021 11:00,N/A,N/A
5/29/2021 12:00,N/A,N/A
5/29/2021 13:00,N/A,N/A
5/29/2021 14:00,N/A,N/A
5/29/2021 15:00,N/A,N/A
5/29/2021 16:00,N/A,N/A
5/29/2021 17:00,N/A,N/A
5/29/2021 18:00,N/A,N/A
5/29/2021 19:00,N/A,N/A
5/29/2021 20:00,N/A,N/A
5/29/2021 21:00,N/A,N/A
5/29/2021 22:00,N/A,N/A
5/29/2021 23:00,N/A,N/A
5/30/2021 0:00,N/A,N/A
5/30/2021 1:00,N/A,N/A
5/30/2021 2:00,N/A,N/A
5/30/2021 3:00,N/A,N/A
5/30/2021 4:00,N/A,N/A
5/30/2021 5:00,N/A,N/A
5/30/2021 6:00,N/A,N/A
5/30/2021 7:00,N/A,N/A
5/30/2021 8:00,N/A,N/A
5/30/2021 9:00,N/A,N/A
5/30/2021 10:00,N/A,N/A
5/30/2021 11:00,N/A,N/A
5/30/2021 12:00,N/A,N/A
5/30/2021 13:00,N/A,N/A
5/30/2021 14:00,N/A,N/A
5/30/2021 15:00,N/A,N/A
5/30/2021 16:00,N/A,N/A
5/30/2021 17:00,N/A,N/A
5/30/2021 18:00,N/A,N/A
5/30/2021 19:00,N/A,N/A
5/30/2021 20:00,N/A,N/A
5/30/2021 21:00,N/A,N/A
5/30/2021 22:00,N/A,N/A
5/30/2021 23:00,N/A,N/A
5/31/2021 0:00,N/A,N/A
5/31/2021 1:00,N/A,N/A
5/31/2021 2:00,N/A,N/A
5/31/2021 3:00,N/A,N/A
5/31/2021 4:00,N/A,N/A
5/31/2021 5:00,N/A,N/A
5/31/2021 6:00,N/A,N/A
5/31/2021 7:00,N/A,N/A
5/31/2021 8:00,N/A,N/A
5/31/2021 9:00,N/A,N/A
5/31/2021 10:00,N/A,N/A
5/31/2021 11:00,N/A,N/A
5/31/2021 12:00,N/A,N/A
5/31/2021 13:00,N/A,N/A
5/31/2021 14:00,N/A,N/A
5/31/2021 15:00,N/A,N/A
5/31/2021 16:00,N/A,N/A
5/31/2021 17:00,N/A,N/A
5/31/2021 18:00,N/A,N/A
5/31/2021 19:00,N/A,N/A
5/31/2021 20:00,N/A,N/A
5/31/2021 21:00,N/A,N/A
5/31/2021 22:00,N/A,N/A
5/31/2021 23:00,N/A,N/A
6/1/2021 0:00,N/A,N/A
6/1/2021 1:00,N/A,N/A
6/1/2021 2:00,N/A,N/A
6/1/2021 3:00,N/A,N/A
6/1/2021 4:00,N/A,N/A
6/1/2021 5:00,N/A,N/A
6/1/2021 6:00,N/A,N/A
6/1/2021 7:00,N/A,N/A
6/1/2021 8:00,N/A,N/A
6/1/2021 9:00,N/A,N/A
6/1/2021 10:00,N/A,N/A
6/1/2021 11:00,N/A,N/A
6/1/2021 12:00,N/A,N/A
6/1/2021 13:00,N/A,N/A
6/1/2021 14:00,N/A,N/A
6/1/2021 15:00,N/A,N/A
6/1/2021 16:00,N/A,N/A
6/1/2021 17:00,N/A,N/A
6/1/2021 18:00,N/A,N/A
6/1/2021 19:00,N/A,N/A
6/1/2021 20:00,N/A,N/A
6/1/2021 21:00,N/A,N/A
6/1/2021 22:00,N/A,N/A
6/1/2021 23:00,N/A,N/A
6/2/2021 0:00,N/A,N/A
6/2/2021 1:00,N/A,N/A
6/2/2021 2:00,N/A,N/A
6/2/2021 3:00,N/A,N/A
6/2/2021 4:00,N/A,N/A
6/2/2021 5:00,N/A,N/A
6/2/2021 6:00,N/A,N/A
6/2/2021 7:00,N/A,N/A
6/2/2021 8:00,N/A,N/A
6/2/2021 9:00,N/A,N/A
6/2/2021 10:00,N/A,N/A
6/2/2021 11:00,N/A,N/A
6/2/2021 12:00,N/A,N/A
6/2/2021 13:00,N/A,N/A
6/2/2021 14:00,N/A,N/A
6/2/2021 15:00,N/A,N/A
6/2/2021 16:00,N/A,N/A
6/2/2021 17:00,N/A,N/A
6/2/2021 18:00,N/A,N/A
6/2/2021 19:00,N/A,N/A
6/2/2021 20:00,N/A,N/A
6/2/2021 21:00,N/A,N/A
6/2/2021 22:00,N/A,N/A
6/2/2021 23:00,N/A,N/A
6/3/2021 0:00,N/A,N/A
6/3/2021 1:00,N/A,N/A
6/3/2021 2:00,N/A,N/A
6/3/2021 3:00,N/A,N/A
6/3/2021 4:00,N/A,N/A
6/3/2021 5:00,N/A,N/A
6/3/2021 6:00,N/A,N/A
6/3/2021 7:00,N/A,N/A
6/3/2021 8:00,N/A,N/A
6/3/2021 9:00,N/A,N/A
6/3/2021 10:00,N/A,N/A
6/3/2021 11:00,N/A,N/A
6/3/2021 12:00,N/A,N/A
6/3/2021 13:00,N/A,N/A
6/3/2021 14:00,N/A,N/A
6/3/2021 15:00,N/A,N/A
6/3/2021 16:00,N/A,N/A
6/3/2021 17:00,N/A,N/A
6/3/2021 18:00,N/A,N/A
6/3/2021 19:00,N/A,N/A
6/3/2021 20:00,N/A,N/A
6/3/2021 21:00,N/A,N/A
6/3/2021 22:00,N/A,N/A
6/3/2021 23:00,N/A,N/A
6/4/2021 0:00,N/A,N/A
6/4/2021 1:00,N/A,N/A
6/4/2021 2:00,N/A,N/A
6/4/2021 3:00,N/A,N/A
6/4/2021 4:00,N/A,N/A
6/4/2021 5:00,N/A,N/A
6/4/2021 6:00,N/A,N/A
6/4/2021 7:00,N/A,N/A
6/4/2021 8:00,N/A,N/A
6/4/2021 9:00,N/A,N/A
6/4/2021 10:00,N/A,N/A
6/4/2021 11:00,N/A,N/A
6/4/2021 12:00,N/A,N/A
6/4/2021 13:00,N/A,N/A
6/4/2021 14:00,N/A,N/A
6/4/2021 15:00,N/A,N/A
6/4/2021 16:00,N/A,N/A
6/4/2021 17:00,N/A,N/A
6/4/2021 18:00,N/A,N/A
6/4/2021 19:00,N/A,N/A
6/4/2021 20:00,N/A,N/A
6/4/2021 21:00,N/A,N/A
6/4/2021 22:00,N/A,N/A
6/4/2021 23:00,N/A,N/A
6/5/2021 0:00,N/A,N/A
6/5/2021 1:00,N/A,N/A
6/5/2021 2:00,N/A,N/A
6/5/2021 3:00,N/A,N/A
6/5/2021 4:00,N/A,N/A
6/5/2021 5:00,N/A,N/A
6/5/2021 6:00,N/A,N/A
6/5/2021 7:00,N/A,N/A
6/5/2021 8:00,N/A,N/A
6/5/2021 9:00,N/A,N/A
6/5/2021 10:00,N/A,N/A
6/5/2021 11:00,N/A,N/A
6/5/2021 12:00,N/A,N/A
6/5/2021 13:00,N/A,N/A
6/5/2021 14:00,N/A,N/A
6/5/2021 15:00,N/A,N/A
6/5/2021 16:00,N/A,N/A
6/5/2021 17:00,N/A,N/A
6/5/2021 18:00,N/A,N/A
6/5/2021 19:00,N/A,N/A
6/5/2021 20:00,N/A,N/A
6/5/2021 21:00,N/A,N/A
6/5/2021 22:00,N/A,N/A
6/5/2021 23:00,N/A,N/A
6/6/2021 0:00,N/A,N/A
6/6/2021 1:00,N/A,N/A
6/6/2021 2:00,N/A,N/A
6/6/2021 3:00,N/A,N/A
6/6/2021 4:00,N/A,N/A
6/6/2021 5:00,N/A,N/A
6/6/2021 6:00,N/A,N/A
6/6/2021 7:00,N/A,N/A
6/6/2021 8:00,N/A,N/A
6/6/2021 9:00,N/A,N/A
6/6/2021 10:00,N/A,N/A
6/6/2021 11:00,N/A,N/A
6/6/2021 12:00,N/A,N/A
6/6/2021 13:00,N/A,N/A
6/6/2021 14:00,N/A,N/A
6/6/2021 15:00,N/A,N/A
6/6/2021 16:00,N/A,N/A
6/6/2021 17:00,N/A,N/A
6/6/2021 18:00,N/A,N/A
6/6/2021 19:00,N/A,N/A
6/6/2021 20:00,N/A,N/A
6/6/2021 21:00,N/A,N/A
6/6/2021 22:00,N/A,N/A
6/6/2021 23:00,N/A,N/A
6/7/2021 0:00,N/A,N/A
6/7/2021 1:00,N/A,N/A
6/7/2021 2:00,N/A,N/A
6/7/2021 3:00,N/A,N/A
6/7/2021 4:00,N/A,N/A
6/7/2021 5:00,N/A,N/A
6/7/2021 6:00,N/A,N/A
6/7/2021 7:00,N/A,N/A
6/7/2021 8:00,N/A,N/A
6/7/2021 9:00,N/A,N/A
6/7/2021 10:00,N/A,N/A
6/7/2021 11:00,N/A,N/A
6/7/2021 12:00,N/A,N/A
6/7/2021 13:00,N/A,N/A
6/7/2021 14:00,N/A,N/A
6/7/2021 15:00,N/A,N/A
6/7/2021 16:00,N/A,N/A
6/7/2021 17:00,N/A,N/A
6/7/2021 18:00,N/A,N/A
6/7/2021 19:00,N/A,N/A
6/7/2021 20:00,N/A,N/A
6/7/2021 21:00,N/A,N/A
6/7/2021 22:00,N/A,N/A
6/7/2021 23:00,N/A,N/A
6/8/2021 0:00,N/A,N/A
6/8/2021 1:00,N/A,N/A
6/8/2021 2:00,N/A,N/A
6/8/2021 3:00,N/A,N/A
6/8/2021 4:00,N/A,N/A
6/8/2021 5:00,N/A,N/A
6/8/2021 6:00,N/A,N/A
6/8/2021 7:00,N/A,N/A
6/8/2021 8:00,N/A,N/A
6/8/2021 9:00,N/A,N/A
6/8/2021 10:00,N/A,N/A
6/8/2021 11:00,N/A,N/A
6/8/2021 12:00,N/A,N/A
6/8/2021 13:00,N/A,N/A
6/8/2021 14:00,N/A,N/A
6/8/2021 15:00,N/A,N/A
6/8/2021 16:00,N/A,N/A
6/8/2021 17:00,N/A,N/A
6/8/2021 18:00,N/A,N/A
6/8/2021 19:00,N/A,N/A
6/8/2021 20:00,N/A,N/A
6/8/2021 21:00,N/A,N/A
6/8/2021 22:00,N/A,N/A
6/8/2021 23:00,N/A,N/A
6/9/2021 0:00,N/A,N/A
6/9/2021 1:00,N/A,N/A
6/9/2021 2:00,N/A,N/A
6/9/2021 3:00,N/A,N/A
6/9/2021 4:00,N/A,N/A
6/9/2021 5:00,N/A,N/A
6/9/2021 6:00,N/A,N/A
6/9/2021 7:00,N/A,N/A
6/9/2021 8:00,N/A,N/A
6/9/2021 9:00,N/A,N/A
6/9/2021 10:00,N/A,N/A
6/9/2021 11:00,N/A,N/A
6/9/2021 12:00,N/A,N/A
6/9/2021 13:00,N/A,N/A
6/9/2021 14:00,N/A,N/A
6/9/2021 15:00,N/A,N/A
6/9/2021 16:00,N/A,N/A
6/9/2021 17:00,N/A,N/A
6/9/2021 18:00,N/A,N/A
6/9/2021 19:00,N/A,N/A
6/9/2021 20:00,N/A,N/A
6/9/2021 21:00,N/A,N/A
6/9/2021 22:00,N/A,N/A
6/9/2021 23:00,0,1
6/10/2021 0:00,0,1
6/10/2021 1:00,0,1
6/10/2021 2:00,0,1
6/10/2021 3:00,0,0
6/10/2021 4:00,0,1
6/10/2021 5:00,0,1
6/10/2021 6:00,0,1
6/10/2021 7:00,0,1
6/10/2021 8:00,0,1
6/10/2021 9:00,0,1
6/10/2021 10:00,0,1
6/10/2021 11:00,0,1
6/10/2021 12:00,0,1
6/10/2021 13:00,0,1
6/10/2021 14:00,0,1
6/10/2021 15:00,0,0
6/10/2021 16:00,0,0
6/10/2021 17:00,0,0
6/10/2021 18:00,0,1
6/10/2021 19:00,0,0
6/10/2021 20:00,0,1
6/10/2021 21:00,0,1
6/10/2021 22:00,0,1
6/10/2021 23:00,0,1
6/11/2021 0:00,0,1
6/11/2021 1:00,0,1
6/11/2021 2:00,0,0
6/11/2021 3:00,0,0
6/11/2021 4:00,0,0
6/11/2021 5:00,0,1
6/11/2021 6:00,0,1
6/11/2021 7:00,0,1
6/11/2021 8:00,0,0
6/11/2021 9:00,0,1
6/11/2021 10:00,0,1
6/11/2021 11:00,0,0
6/11/2021 12:00,0,1
6/11/2021 13:00,0,0
6/11/2021 14:00,0,1
6/11/2021 15:00,0,1
6/11/2021 16:00,0,1
6/11/2021 17:00,0,1
6/11/2021 18:00,0,1
6/11/2021 19:00,0,1
6/11/2021 20:00,0,1
6/11/2021 21:00,0,1
6/11/2021 22:00,0,1
6/11/2021 23:00,0,1
6/12/2021 0:00,0,1
6/12/2021 1:00,0,1
6/12/2021 2:00,0,1
6/12/2021 3:00,0,1
6/12/2021 4:00,0,1
6/12/2021 5:00,0,1
6/12/2021 6:00,0,1
6/12/2021 7:00,0,1
6/12/2021 8:00,0,1
6/12/2021 9:00,0,1
6/12/2021 10:00,0,0
6/12/2021 11:00,0,0
6/12/2021 12:00,0,0
6/12/2021 13:00,0,0
6/12/2021 14:00,0,1
6/12/2021 15:00,0,1
6/12/2021 16:00,0,0
6/12/2021 17:00,0,1
6/12/2021 18:00,0,0
6/12/2021 19:00,0,1
6/12/2021 20:00,0,1
6/12/2021 21:00,0,1
6/12/2021 22:00,0,0
6/12/2021 23:00,0,0
6/13/2021 0:00,0,1
6/13/2021 1:00,0,1
6/13/2021 2:00,0,1
6/13/2021 3:00,0,1
6/13/2021 4:00,0,1
6/13/2021 5:00,0,1
6/13/2021 6:00,0,1
6/13/2021 7:00,0,1
6/13/2021 8:00,0,1
6/13/2021 9:00,0,1
6/13/2021 10:00,0,1
6/13/2021 11:00,0,1
6/13/2021 12:00,0,0
6/13/2021 13:00,0,0
6/13/2021 14:00,0,0
6/13/2021 15:00,0,0
6/13/2021 16:00,0,1
6/13/2021 17:00,0,1
6/13/2021 18:00,0,1
6/13/2021 19:00,0,1
6/13/2021 20:00,0,1
6/13/2021 21:00,0,1
6/13/2021 22:00,0,1
6/13/2021 23:00,0,0
6/14/2021 0:00,0,0
6/14/2021 1:00,0,1
6/14/2021 2:00,0,0
6/14/2021 3:00,0,1
6/14/2021 4:00,0,0
6/14/2021 5:00,0,1
6/14/2021 6:00,0,1
6/14/2021 7:00,0,1
6/14/2021 8:00,0,1
6/14/2021 9:00,0,0
6/14/2021 10:00,0,1
6/14/2021 11:00,0,1
6/14/2021 12:00,0,1
6/14/2021 13:00,0,1
6/14/2021 14:00,0,1
6/14/2021 15:00,0,1
6/14/2021 16:00,0,0
6/14/2021 17:00,0,1
6/14/2021 18:00,0,1
6/14/2021 19:00,0,1
6/14/2021 20:00,0,1
6/14/2021 21:00,0,1
6/14/2021 22:00,0,1
6/14/2021 23:00,0,1
6/15/2021 0:00,0,1
6/15/2021 1:00,0,1
6/15/2021 2:00,0,1
6/15/2021 3:00,0,1
6/15/2021 4:00,0,1
6/15/2021 5:00,0,1
6/15/2021 6:00,0,1
6/15/2021 7:00,0,1
6/15/2021 8:00,0,1
6/15/2021 9:00,0,1
6/15/2021 10:00,0,1
6/15/2021 11:00,0,1
6/15/2021 12:00,0,1
6/15/2021 13:00,0,1
6/15/2021 14:00,0,1
6/15/2021 15:00,0,1
6/15/2021 16:00,0,1
6/15/2021 17:00,0,1
6/15/2021 18:00,0,1
6/15/2021 19:00,0,1
6/15/2021 20:00,0,1
6/15/2021 21:00,0,1
6/15/2021 22:00,0,1
6/15/2021 23:00,0,1
6/16/2021 0:00,0,1
6/16/2021 1:00,0,1
6/16/2021 2:00,0,1
6/16/2021 3:00,0,0
6/16/2021 4:00,0,0
6/16/2021 5:00,0,1
6/16/2021 6:00,0,1
6/16/2021 7:00,0,1
6/16/2021 8:00,0,1
6/16/2021 9:00,0,1
6/16/2021 10:00,0,0
6/16/2021 11:00,0,1
6/16/2021 12:00,0,0
6/16/2021 13:00,0,1
6/16/2021 14:00,0,1
6/16/2021 15:00,0,1
6/16/2021 16:00,0,1
6/16/2021 17:00,0,1
6/16/2021 18:00,0,1
6/16/2021 19:00,0,1
6/16/2021 20:00,0,1
6/16/2021 21:00,0,0
6/16/2021 22:00,0,1
6/16/2021 23:00,0,1
6/17/2021 0:00,0,1
6/17/2021 1:00,0,0
6/17/2021 2:00,0,1
6/17/2021 3:00,0,0
6/17/2021 4:00,0,0
6/17/2021 5:00,0,1
6/17/2021 6:00,0,1
6/17/2021 7:00,0,1
6/17/2021 8:00,0,0
6/17/2021 9:00,0,1
6/17/2021 10:00,0,1
6/17/2021 11:00,0,1
6/17/2021 12:00,0,1
6/17/2021 13:00,0,1
6/17/2021 14:00,0,1
6/17/2021 15:00,0,1
6/17/2021 16:00,0,1
6/17/2021 17:00,0,0
6/17/2021 18:00,0,1
6/17/2021 19:00,0,0
6/17/2021 20:00,0,1
6/17/2021 21:00,0,1
6/17/2021 22:00,0,0
6/17/2021 23:00,0,1
6/18/2021 0:00,0,1
6/18/2021 1:00,0,1
6/18/2021 2:00,0,1
6/18/2021 3:00,0,1
6/18/2021 4:00,0,1
6/18/2021 5:00,0,1
6/18/2021 6:00,0,1
6/18/2021 7:00,0,1
6/18/2021 8:00,0,1
6/18/2021 9:00,0,1
6/18/2021 10:00,0,1
6/18/2021 11:00,0,0
6/18/2021 12:00,0,1
6/18/2021 13:00,0,1
6/18/2021 14:00,0,1
6/18/2021 15:00,0,1
6/18/2021 16:00,0,1
6/18/2021 17:00,0,1
6/18/2021 18:00,0,0
6/18/2021 19:00,0,1
6/18/2021 20:00,0,1
6/18/2021 21:00,0,1
6/18/2021 22:00,0,0
6/18/2021 23:00,0,0
6/19/2021 0:00,0,1
6/19/2021 1:00,0,1
6/19/2021 2:00,0,1
6/19/2021 3:00,0,1
6/19/2021 4:00,0,1
6/19/2021 5:00,0,1
6/19/2021 6:00,0,1
6/19/2021 7:00,0,1
6/19/2021 8:00,0,1
6/19/2021 9:00,0,1
6/19/2021 10:00,0,1
6/19/2021 11:00,0,0
6/19/2021 12:00,0,1
6/19/2021 13:00,0,0
6/19/2021 14:00,0,0
6/19/2021 15:00,0,0
6/19/2021 16:00,0,0
6/19/2021 17:00,0,0
6/19/2021 18:00,0,0
6/19/2021 19:00,0,0
6/19/2021 20:00,0,0
6/19/2021 21:00,0,0
6/19/2021 22:00,0,0
6/19/2021 23:00,0,1
6/20/2021 0:00,0,1
6/20/2021 1:00,0,1
6/20/2021 2:00,0,1
6/20/2021 3:00,0,1
6/20/2021 4:00,0,1
6/20/2021 5:00,0,1
6/20/2021 6:00,0,1
6/20/2021 7:00,0,1
6/20/2021 8:00,0,1
6/20/2021 9:00,0,1
6/20/2021 10:00,0,0
6/20/2021 11:00,0,1
6/20/2021 12:00,0,1
6/20/2021 13:00,0,1
6/20/2021 14:00,0,1
6/20/2021 15:00,0,1
6/20/2021 16:00,0,0
6/20/2021 17:00,0,1
6/20/2021 18:00,0,0
6/20/2021 19:00,0,0
6/20/2021 20:00,0,0
6/20/2021 21:00,0,0
6/20/2021 22:00,0,1
6/20/2021 23:00,0,0
6/21/2021 0:00,0,0
6/21/2021 1:00,0,1
6/21/2021 2:00,0,1
6/21/2021 3:00,0,1
6/21/2021 4:00,0,1
6/21/2021 5:00,0,1
6/21/2021 6:00,0,1
6/21/2021 7:00,0,1
6/21/2021 8:00,0,0
6/21/2021 9:00,0,1
6/21/2021 10:00,0,1
6/21/2021 11:00,0,1
6/21/2021 12:00,0,0
6/21/2021 13:00,0,1
6/21/2021 14:00,0,1
6/21/2021 15:00,0,1
6/21/2021 16:00,0,0
6/21/2021 17:00,0,1
6/21/2021 18:00,0,1
6/21/2021 19:00,0,1
6/21/2021 20:00,0,0
6/21/2021 21:00,0,1
6/21/2021 22:00,0,1
6/21/2021 23:00,0,1
6/22/2021 0:00,0,1
6/22/2021 1:00,0,1
6/22/2021 2:00,0,1
6/22/2021 3:00,0,1
6/22/2021 4:00,0,1
6/22/2021 5:00,0,1
6/22/2021 6:00,0,1
6/22/2021 7:00,0,0
6/22/2021 8:00,0,1
6/22/2021 9:00,0,1
6/22/2021 10:00,0,1
6/22/2021 11:00,0,0
6/22/2021 12:00,0,1
6/22/2021 13:00,0,1
6/22/2021 14:00,0,1
6/22/2021 15:00,0,1
6/22/2021 16:00,0,1
6/22/2021 17:00,0,1
6/22/2021 18:00,0,1
6/22/2021 19:00,0,1
6/22/2021 20:00,0,1
6/22/2021 21:00,0,1
6/22/2021 22:00,0,1
6/22/2021 23:00,0,1
6/23/2021 0:00,0,1
6/23/2021 1:00,0,1
6/23/2021 2:00,0,1
6/23/2021 3:00,0,1
6/23/2021 4:00,0,1
6/23/2021 5:00,0,1
6/23/2021 6:00,0,0
6/23/2021 7:00,0,1
6/23/2021 8:00,0,1
6/23/2021 9:00,0,1
6/23/2021 10:00,0,1
6/23/2021 11:00,0,1
6/23/2021 12:00,0,1
6/23/2021 13:00,0,1
6/23/2021 14:00,0,1
6/23/2021 15:00,0,1
6/23/2021 16:00,0,1
6/23/2021 17:00,0,1
6/23/2021 18:00,0,1
6/23/2021 19:00,0,0
6/23/2021 20:00,0,1
6/23/2021 21:00,0,1
6/23/2021 22:00,0,1
6/23/2021 23:00,0,1
6/24/2021 0:00,0,0
6/24/2021 1:00,0,1
6/24/2021 2:00,0,1
6/24/2021 3:00,0,1
6/24/2021 4:00,0,1
6/24/2021 5:00,0,1
6/24/2021 6:00,0,1
6/24/2021 7:00,0,0
6/24/2021 8:00,0,0
6/24/2021 9:00,0,1
6/24/2021 10:00,0,1
6/24/2021 11:00,0,0
6/24/2021 12:00,0,0
6/24/2021 13:00,0,1
6/24/2021 14:00,0,1
6/24/2021 15:00,0,1
6/24/2021 16:00,0,1
6/24/2021 17:00,0,1
6/24/2021 18:00,0,1
6/24/2021 19:00,0,0
6/24/2021 20:00,0,1
6/24/2021 21:00,0,1
6/24/2021 22:00,0,1
6/24/2021 23:00,0,1
6/25/2021 0:00,0,1
6/25/2021 1:00,0,1
6/25/2021 2:00,0,1
6/25/2021 3:00,0,1
6/25/2021 4:00,0,1
6/25/2021 5:00,0,1
6/25/2021 6:00,0,1
6/25/2021 7:00,0,1
6/25/2021 8:00,0,1
6/25/2021 9:00,0,1
6/25/2021 10:00,0,1
6/25/2021 11:00,0,1
6/25/2021 12:00,0,0
6/25/2021 13:00,0,1
6/25/2021 14:00,0,0
6/25/2021 15:00,0,1
6/25/2021 16:00,0,1
6/25/2021 17:00,0,1
6/25/2021 18:00,0,1
6/25/2021 19:00,0,0
6/25/2021 20:00,0,0
6/25/2021 21:00,0,1
6/25/2021 22:00,0,1
6/25/2021 23:00,0,1
6/26/2021 0:00,0,1
6/26/2021 1:00,0,1
6/26/2021 2:00,0,1
6/26/2021 3:00,0,1
6/26/2021 4:00,0,1
6/26/2021 5:00,0,1
6/26/2021 6:00,0,1
6/26/2021 7:00,0,1
6/26/2021 8:00,0,1
6/26/2021 9:00,0,1
6/26/2021 10:00,0,1
6/26/2021 11:00,0,0
6/26/2021 12:00,0,1
6/26/2021 13:00,0,1
6/26/2021 14:00,0,1
6/26/2021 15:00,0,1
6/26/2021 16:00,0,1
6/26/2021 17:00,0,0
6/26/2021 18:00,0,0
6/26/2021 19:00,0,0
6/26/2021 20:00,0,0
6/26/2021 21:00,0,0
6/26/2021 22:00,0,0
6/26/2021 23:00,0,0
6/27/2021 0:00,0,1
6/27/2021 1:00,0,1
6/27/2021 2:00,0,1
6/27/2021 3:00,0,1
6/27/2021 4:00,0,1
6/27/2021 5:00,0,1
6/27/2021 6:00,0,1
6/27/2021 7:00,0,1
6/27/2021 8:00,0,0
6/27/2021 9:00,0,0
6/27/2021 10:00,0,0
6/27/2021 11:00,0,0
6/27/2021 12:00,0,1
6/27/2021 13:00,0,1
6/27/2021 14:00,0,0
6/27/2021 15:00,0,1
6/27/2021 16:00,0,1
6/27/2021 17:00,0,1
6/27/2021 18:00,0,0
6/27/2021 19:00,0,0
6/27/2021 20:00,0,0
6/27/2021 21:00,0,0
6/27/2021 22:00,0,1
6/27/2021 23:00,0,1
6/28/2021 0:00,0,1
6/28/2021 1:00,0,0
6/28/2021 2:00,0,1
6/28/2021 3:00,0,1
6/28/2021 4:00,0,1
6/28/2021 5:00,0,1
6/28/2021 6:00,0,1
6/28/2021 7:00,0,1
6/28/2021 8:00,0,0
6/28/2021 9:00,0,1
6/28/2021 10:00,0,0
6/28/2021 11:00,0,0
6/28/2021 12:00,0,1
6/28/2021 13:00,0,1
6/28/2021 14:00,0,1
6/28/2021 15:00,0,1
6/28/2021 16:00,0,0
6/28/2021 17:00,0,0
6/28/2021 18:00,0,0
6/28/2021 19:00,0,0
6/28/2021 20:00,0,0
6/28/2021 21:00,0,0
6/28/2021 22:00,0,0
6/28/2021 23:00,0,1
6/29/2021 0:00,0,1
6/29/2021 1:00,0,0
6/29/2021 2:00,0,1
6/29/2021 3:00,0,1
6/29/2021 4:00,0,0
6/29/2021 5:00,0,1
6/29/2021 6:00,0,1
6/29/2021 7:00,0,1
6/29/2021 8:00,0,1
6/29/2021 9:00,0,1
6/29/2021 10:00,0,0
6/29/2021 11:00,0,0
6/29/2021 12:00,0,0
6/29/2021 13:00,0,1
6/29/2021 14:00,0,1
6/29/2021 15:00,0,1
6/29/2021 16:00,0,1
6/29/2021 17:00,0,1
6/29/2021 18:00,0,0
6/29/2021 19:00,0,1
6/29/2021 20:00,0,1
6/29/2021 21:00,0,0
6/29/2021 22:00,0,1
6/29/2021 23:00,0,1
6/30/2021 0:00,0,0
6/30/2021 1:00,0,1
6/30/2021 2:00,0,1
6/30/2021 3:00,0,0
6/30/2021 4:00,0,1
6/30/2021 5:00,0,1
6/30/2021 6:00,0,1
6/30/2021 7:00,0,1
6/30/2021 8:00,0,1
6/30/2021 9:00,0,1
6/30/2021 10:00,0,1
6/30/2021 11:00,0,0
6/30/2021 12:00,0,0
6/30/2021 13:00,0,1
6/30/2021 14:00,0,0
6/30/2021 15:00,0,0
6/30/2021 16:00,0,1
6/30/2021 17:00,0,1
6/30/2021 18:00,0,1
6/30/2021 19:00,0,0
6/30/2021 20:00,0,0
6/30/2021 21:00,0,0
6/30/2021 22:00,0,1
6/30/2021 23:00,0,1
7/1/2021 0:00,0,0
7/1/2021 1:00,0,1
7/1/2021 2:00,0,0
7/1/2021 3:00,0,1
7/1/2021 4:00,0,1
7/1/2021 5:00,0,1
7/1/2021 6:00,0,1
7/1/2021 7:00,0,1
7/1/2021 8:00,0,1
7/1/2021 9:00,0,1
7/1/2021 10:00,0,1
7/1/2021 11:00,0,1
7/1/2021 12:00,0,1
7/1/2021 13:00,0,1
7/1/2021 14:00,0,1
7/1/2021 15:00,0,0
7/1/2021 16:00,0,0
7/1/2021 17:00,0,0
7/1/2021 18:00,0,1
7/1/2021 19:00,0,1
7/1/2021 20:00,0,0
7/1/2021 21:00,0,0
7/1/2021 22:00,0,1
7/1/2021 23:00,0,1
7/2/2021 0:00,0,1
7/2/2021 1:00,0,1
7/2/2021 2:00,0,1
7/2/2021 3:00,0,1
7/2/2021 4:00,0,1
7/2/2021 5:00,0,1
7/2/2021 6:00,0,1
7/2/2021 7:00,0,1
7/2/2021 8:00,0,1
7/2/2021 9:00,0,1
7/2/2021 10:00,0,1
7/2/2021 11:00,0,0
7/2/2021 12:00,0,0
7/2/2021 13:00,0,0
7/2/2021 14:00,0,0
7/2/2021 15:00,0,0
7/2/2021 16:00,0,0
7/2/2021 17:00,0,0
7/2/2021 18:00,0,1
7/2/2021 19:00,0,0
7/2/2021 20:00,0,0
7/2/2021 21:00,0,1
7/2/2021 22:00,0,0
7/2/2021 23:00,0,1
7/3/2021 0:00,0,0
7/3/2021 1:00,0,1
7/3/2021 2:00,0,0
7/3/2021 3:00,0,1
7/3/2021 4:00,0,1
7/3/2021 5:00,0,1
7/3/2021 6:00,0,1
7/3/2021 7:00,0,1
7/3/2021 8:00,0,1
7/3/2021 9:00,0,1
7/3/2021 10:00,0,1
7/3/2021 11:00,0,1
7/3/2021 12:00,0,0
7/3/2021 13:00,0,0
7/3/2021 14:00,0,0
7/3/2021 15:00,0,0
7/3/2021 16:00,0,1
7/3/2021 17:00,0,1
7/3/2021 18:00,0,0
7/3/2021 19:00,0,0
7/3/2021 20:00,0,1
7/3/2021 21:00,0,1
7/3/2021 22:00,0,0
7/3/2021 23:00,0,1
7/4/2021 0:00,0,0
7/4/2021 1:00,0,1
7/4/2021 2:00,0,1
7/4/2021 3:00,0,1
7/4/2021 4:00,0,1
7/4/2021 5:00,0,1
7/4/2021 6:00,0,1
7/4/2021 7:00,0,1
7/4/2021 8:00,0,1
7/4/2021 9:00,0,1
7/4/2021 10:00,0,1
7/4/2021 11:00,0,1
7/4/2021 12:00,0,0
7/4/2021 13:00,0,1
7/4/2021 14:00,0,1
7/4/2021 15:00,0,1
7/4/2021 16:00,0,0
7/4/2021 17:00,0,0
7/4/2021 18:00,0,0
7/4/2021 19:00,0,1
7/4/2021 20:00,0,0
7/4/2021 21:00,0,0
7/4/2021 22:00,0,1
7/4/2021 23:00,0,1
7/5/2021 0:00,0,1
7/5/2021 1:00,0,0
7/5/2021 2:00,0,0
7/5/2021 3:00,0,1
7/5/2021 4:00,0,0
7/5/2021 5:00,0,1
7/5/2021 6:00,0,1
7/5/2021 7:00,0,1
7/5/2021 8:00,0,1
7/5/2021 9:00,0,1
7/5/2021 10:00,0,1
7/5/2021 11:00,0,1
7/5/2021 12:00,0,0
7/5/2021 13:00,0,0
7/5/2021 14:00,0,0
7/5/2021 15:00,0,0
7/5/2021 16:00,0,0
7/5/2021 17:00,0,0
7/5/2021 18:00,0,1
7/5/2021 19:00,0,0
7/5/2021 20:00,0,1
7/5/2021 21:00,0,1
7/5/2021 22:00,0,1
7/5/2021 23:00,0,0
7/6/2021 0:00,0,0
7/6/2021 1:00,0,1
7/6/2021 2:00,0,1
7/6/2021 3:00,0,1
7/6/2021 4:00,0,0
7/6/2021 5:00,0,1
7/6/2021 6:00,0,1
7/6/2021 7:00,0,1
7/6/2021 8:00,0,1
7/6/2021 9:00,0,1
7/6/2021 10:00,0,1
7/6/2021 11:00,0,1
7/6/2021 12:00,0,1
7/6/2021 13:00,0,1
7/6/2021 14:00,0,0
7/6/2021 15:00,0,0
7/6/2021 16:00,0,1
7/6/2021 17:00,0,0
7/6/2021 18:00,0,0
7/6/2021 19:00,0,0
7/6/2021 20:00,0,0
7/6/2021 21:00,0,1
7/6/2021 22:00,0,1
7/6/2021 23:00,0,0
7/7/2021 0:00,0,0
7/7/2021 1:00,0,0
7/7/2021 2:00,0,1
7/7/2021 3:00,0,1
7/7/2021 4:00,0,1
7/7/2021 5:00,0,1
7/7/2021 6:00,0,1
7/7/2021 7:00,0,1
7/7/2021 8:00,0,1
7/7/2021 9:00,0,1
7/7/2021 10:00,0,1
7/7/2021 11:00,0,1
7/7/2021 12:00,0,1
7/7/2021 13:00,0,0
7/7/2021 14:00,0,0
7/7/2021 15:00,0,1
7/7/2021 16:00,0,0
7/7/2021 17:00,0,0
7/7/2021 18:00,0,0
7/7/2021 19:00,0,0
7/7/2021 20:00,0,0
7/7/2021 21:00,0,0
7/7/2021 22:00,0,1
7/7/2021 23:00,0,1
7/8/2021 0:00,0,1
7/8/2021 1:00,0,0
7/8/2021 2:00,0,1
7/8/2021 3:00,0,1
7/8/2021 4:00,0,1
7/8/2021 5:00,0,0
7/8/2021 6:00,0,1
7/8/2021 7:00,0,1
7/8/2021 8:00,0,1
7/8/2021 9:00,0,1
7/8/2021 10:00,0,1
7/8/2021 11:00,0,1
7/8/2021 12:00,0,0
7/8/2021 13:00,0,0
7/8/2021 14:00,0,0
7/8/2021 15:00,0,0
7/8/2021 16:00,0,1
7/8/2021 17:00,0,1
7/8/2021 18:00,0,1
7/8/2021 19:00,0,1
7/8/2021 20:00,0,0
7/8/2021 21:00,0,1
7/8/2021 22:00,0,1
7/8/2021 23:00,0,1
7/9/2021 0:00,0,1
7/9/2021 1:00,0,1
7/9/2021 2:00,0,1
7/9/2021 3:00,0,1
7/9/2021 4:00,0,1
7/9/2021 5:00,0,1
7/9/2021 6:00,0,1
7/9/2021 7:00,0,1
7/9/2021 8:00,0,1
7/9/2021 9:00,0,1
7/9/2021 10:00,0,1
7/9/2021 11:00,0,1
7/9/2021 12:00,0,0
7/9/2021 13:00,0,1
7/9/2021 14:00,0,0
7/9/2021 15:00,0,0
7/9/2021 16:00,0,0
7/9/2021 17:00,0,0
7/9/2021 18:00,0,1
7/9/2021 19:00,0,1
7/9/2021 20:00,0,1
7/9/2021 21:00,0,1
7/9/2021 22:00,0,1
7/9/2021 23:00,0,1
7/10/2021 0:00,0,1
7/10/2021 1:00,0,1
7/10/2021 2:00,0,0
7/10/2021 3:00,0,0
7/10/2021 4:00,0,0
7/10/2021 5:00,0,1
7/10/2021 6:00,0,1
7/10/2021 7:00,0,1
7/10/2021 8:00,0,1
7/10/2021 9:00,0,1
7/10/2021 10:00,0,1
7/10/2021 11:00,0,1
7/10/2021 12:00,0,1
7/10/2021 13:00,0,1
7/10/2021 14:00,0,1
7/10/2021 15:00,0,0
7/10/2021 16:00,0,1
7/10/2021 17:00,0,1
7/10/2021 18:00,0,1
7/10/2021 19:00,0,1
7/10/2021 20:00,0,1
7/10/2021 21:00,0,1
7/10/2021 22:00,0,1
7/10/2021 23:00,0,0
7/11/2021 0:00,0,1
7/11/2021 1:00,0,1
7/11/2021 2:00,0,1
7/11/2021 3:00,0,1
7/11/2021 4:00,0,1
7/11/2021 5:00,0,1
7/11/2021 6:00,0,1
7/11/2021 7:00,0,1
7/11/2021 8:00,0,1
7/11/2021 9:00,0,1
7/11/2021 10:00,0,1
7/11/2021 11:00,0,1
7/11/2021 12:00,0,0
7/11/2021 13:00,0,0
7/11/2021 14:00,0,1
7/11/2021 15:00,0,1
7/11/2021 16:00,0,1
7/11/2021 17:00,1,1
7/11/2021 18:00,0,1
7/11/2021 19:00,0,1
7/11/2021 20:00,0,0
7/11/2021 21:00,0,1
7/11/2021 22:00,0,0
7/11/2021 23:00,0,1
7/12/2021 0:00,0,1
7/12/2021 1:00,0,1
7/12/2021 2:00,0,0
7/12/2021 3:00,0,1
7/12/2021 4:00,0,1
7/12/2021 5:00,0,1
7/12/2021 6:00,0,1
7/12/2021 7:00,0,1
7/12/2021 8:00,0,1
7/12/2021 9:00,0,1
7/12/2021 10:00,0,1
7/12/2021 11:00,0,1
7/12/2021 12:00,0,1
7/12/2021 13:00,0,0
7/12/2021 14:00,0,1
7/12/2021 15:00,0,1
7/12/2021 16:00,0,1
7/12/2021 17:00,0,1
7/12/2021 18:00,0,0
7/12/2021 19:00,0,1
7/12/2021 20:00,0,0
7/12/2021 21:00,0,0
7/12/2021 22:00,0,0
7/12/2021 23:00,0,1
7/13/2021 0:00,0,1
7/13/2021 1:00,0,1
7/13/2021 2:00,0,0
7/13/2021 3:00,0,1
7/13/2021 4:00,0,1
7/13/2021 5:00,0,1
7/13/2021 6:00,0,1
7/13/2021 7:00,0,1
7/13/2021 8:00,0,1
7/13/2021 9:00,0,1
7/13/2021 10:00,0,1
7/13/2021 11:00,0,1
7/13/2021 12:00,0,1
7/13/2021 13:00,0,0
7/13/2021 14:00,0,1
7/13/2021 15:00,0,0
7/13/2021 16:00,0,1
7/13/2021 17:00,0,1
7/13/2021 18:00,0,1
7/13/2021 19:00,0,1
7/13/2021 20:00,0,1
7/13/2021 21:00,0,1
7/13/2021 22:00,0,1
7/13/2021 23:00,0,1
7/14/2021 0:00,0,1
7/14/2021 1:00,0,1
7/14/2021 2:00,0,1
7/14/2021 3:00,0,1
7/14/2021 4:00,0,1
7/14/2021 5:00,0,1
7/14/2021 6:00,0,1
7/14/2021 7:00,0,1
7/14/2021 8:00,0,1
7/14/2021 9:00,0,1
7/14/2021 10:00,0,1
7/14/2021 11:00,0,1
7/14/2021 12:00,0,0
7/14/2021 13:00,0,0
7/14/2021 14:00,0,0
7/14/2021 15:00,0,1
7/14/2021 16:00,0,0
7/14/2021 17:00,0,0
7/14/2021 18:00,0,1
7/14/2021 19:00,0,1
7/14/2021 20:00,0,1
7/14/2021 21:00,0,1
7/14/2021 22:00,0,0
7/14/2021 23:00,0,1
7/15/2021 0:00,0,1
7/15/2021 1:00,0,1
7/15/2021 2:00,0,1
7/15/2021 3:00,0,1
7/15/2021 4:00,0,1
7/15/2021 5:00,0,1
7/15/2021 6:00,0,1
7/15/2021 7:00,0,1
7/15/2021 8:00,0,1
7/15/2021 9:00,0,1
7/15/2021 10:00,0,1
7/15/2021 11:00,0,1
7/15/2021 12:00,0,1
7/15/2021 13:00,0,0
7/15/2021 14:00,0,0
7/15/2021 15:00,0,0
7/15/2021 16:00,0,0
7/15/2021 17:00,0,0
7/15/2021 18:00,0,0
7/15/2021 19:00,0,0
7/15/2021 20:00,0,1
7/15/2021 21:00,0,1
7/15/2021 22:00,0,1
7/15/2021 23:00,0,1
7/16/2021 0:00,0,1
7/16/2021 1:00,0,1
7/16/2021 2:00,0,1
7/16/2021 3:00,0,1
7/16/2021 4:00,0,1
7/16/2021 5:00,0,1
7/16/2021 6:00,0,1
7/16/2021 7:00,0,1
7/16/2021 8:00,0,1
7/16/2021 9:00,0,1
7/16/2021 10:00,0,1
7/16/2021 11:00,0,1
7/16/2021 12:00,0,1
7/16/2021 13:00,0,1
7/16/2021 14:00,0,0
7/16/2021 15:00,0,0
7/16/2021 16:00,0,0
7/16/2021 17:00,0,0
7/16/2021 18:00,0,1
7/16/2021 19:00,0,0
7/16/2021 20:00,0,0
7/16/2021 21:00,0,1
7/16/2021 22:00,0,0
7/16/2021 23:00,0,0
7/17/2021 0:00,0,1
7/17/2021 1:00,0,1
7/17/2021 2:00,0,0
7/17/2021 3:00,0,1
7/17/2021 4:00,0,1
7/17/2021 5:00,0,1
7/17/2021 6:00,0,1
7/17/2021 7:00,0,1
7/17/2021 8:00,0,1
7/17/2021 9:00,0,1
7/17/2021 10:00,0,1
7/17/2021 11:00,0,1
7/17/2021 12:00,0,0
7/17/2021 13:00,0,0
7/17/2021 14:00,0,0
7/17/2021 15:00,0,0
7/17/2021 16:00,0,0
7/17/2021 17:00,0,1
7/17/2021 18:00,0,0
7/17/2021 19:00,0,0
7/17/2021 20:00,0,1
7/17/2021 21:00,0,0
7/17/2021 22:00,0,0
7/17/2021 23:00,0,0
7/18/2021 0:00,0,0
7/18/2021 1:00,0,1
7/18/2021 2:00,0,1
7/18/2021 3:00,0,1
7/18/2021 4:00,0,1
7/18/2021 5:00,0,1
7/18/2021 6:00,0,0
7/18/2021 7:00,0,1
7/18/2021 8:00,0,1
7/18/2021 9:00,0,1
7/18/2021 10:00,0,0
7/18/2021 11:00,0,0
7/18/2021 12:00,0,1
7/18/2021 13:00,0,1
7/18/2021 14:00,0,1
7/18/2021 15:00,0,1
7/18/2021 16:00,0,1
7/18/2021 17:00,0,1
7/18/2021 18:00,0,1
7/18/2021 19:00,0,1
7/18/2021 20:00,0,1
7/18/2021 21:00,0,1
7/18/2021 22:00,0,1
7/18/2021 23:00,0,1
7/19/2021 0:00,0,1
7/19/2021 1:00,0,1
7/19/2021 2:00,0,1
7/19/2021 3:00,0,1
7/19/2021 4:00,0,1
7/19/2021 5:00,0,1
7/19/2021 6:00,0,1
7/19/2021 7:00,0,1
7/19/2021 8:00,0,1
7/19/2021 9:00,0,1
7/19/2021 10:00,0,1
7/19/2021 11:00,0,1
7/19/2021 12:00,0,0
7/19/2021 13:00,0,1
7/19/2021 14:00,0,1
7/19/2021 15:00,0,0
7/19/2021 16:00,0,1
7/19/2021 17:00,0,1
7/19/2021 18:00,0,0
7/19/2021 19:00,0,0
7/19/2021 20:00,0,1
7/19/2021 21:00,0,1
7/19/2021 22:00,0,0
7/19/2021 23:00,0,1
7/20/2021 0:00,0,1
7/20/2021 1:00,0,1
7/20/2021 2:00,0,1
7/20/2021 3:00,0,1
7/20/2021 4:00,0,1
7/20/2021 5:00,0,1
7/20/2021 6:00,0,1
7/20/2021 7:00,0,0
7/20/2021 8:00,0,1
7/20/2021 9:00,0,1
7/20/2021 10:00,0,0
7/20/2021 11:00,0,0
7/20/2021 12:00,0,0
7/20/2021 13:00,0,0
7/20/2021 14:00,0,1
7/20/2021 15:00,0,0
7/20/2021 16:00,0,0
7/20/2021 17:00,0,0
7/20/2021 18:00,0,1
7/20/2021 19:00,0,0
7/20/2021 20:00,0,1
7/20/2021 21:00,0,1
7/20/2021 22:00,0,1
7/20/2021 23:00,0,0
7/21/2021 0:00,0,0
7/21/2021 1:00,0,0
7/21/2021 2:00,0,0
7/21/2021 3:00,0,1
7/21/2021 4:00,0,1
7/21/2021 5:00,0,1
7/21/2021 6:00,0,0
7/21/2021 7:00,0,1
7/21/2021 8:00,0,1
7/21/2021 9:00,0,1
7/21/2021 10:00,0,1
7/21/2021 11:00,0,1
7/21/2021 12:00,0,0
7/21/2021 13:00,0,1
7/21/2021 14:00,0,1
7/21/2021 15:00,0,1
7/21/2021 16:00,0,1
7/21/2021 17:00,0,1
7/21/2021 18:00,0,1
7/21/2021 19:00,0,0
7/21/2021 20:00,0,1
7/21/2021 21:00,0,1
7/21/2021 22:00,0,0
7/21/2021 23:00,0,1
7/22/2021 0:00,0,1
7/22/2021 1:00,0,1
7/22/2021 2:00,0,1
7/22/2021 3:00,0,1
7/22/2021 4:00,0,1
7/22/2021 5:00,0,1
7/22/2021 6:00,0,1
7/22/2021 7:00,0,1
7/22/2021 8:00,0,1
7/22/2021 9:00,0,0
7/22/2021 10:00,0,1
7/22/2021 11:00,0,1
7/22/2021 12:00,0,0
7/22/2021 13:00,0,0
7/22/2021 14:00,0,0
7/22/2021 15:00,0,0
7/22/2021 16:00,0,1
7/22/2021 17:00,0,0
7/22/2021 18:00,0,0
7/22/2021 19:00,0,1
7/22/2021 20:00,0,0
7/22/2021 21:00,0,0
7/22/2021 22:00,0,0
7/22/2021 23:00,0,1
7/23/2021 0:00,0,1
7/23/2021 1:00,0,1
7/23/2021 2:00,0,1
7/23/2021 3:00,0,1
7/23/2021 4:00,0,1
7/23/2021 5:00,0,1
7/23/2021 6:00,0,1
7/23/2021 7:00,0,1
7/23/2021 8:00,0,1
7/23/2021 9:00,0,0
7/23/2021 10:00,0,0
7/23/2021 11:00,0,0
7/23/2021 12:00,0,0
7/23/2021 13:00,0,1
7/23/2021 14:00,0,1
7/23/2021 15:00,0,1
7/23/2021 16:00,0,1
7/23/2021 17:00,0,1
7/23/2021 18:00,0,1
7/23/2021 19:00,0,1
7/23/2021 20:00,0,0
7/23/2021 21:00,0,0
7/23/2021 22:00,0,0
7/23/2021 23:00,0,1
7/24/2021 0:00,0,1
7/24/2021 1:00,0,1
7/24/2021 2:00,0,1
7/24/2021 3:00,0,1
7/24/2021 4:00,0,1
7/24/2021 5:00,0,1
7/24/2021 6:00,0,1
7/24/2021 7:00,0,1
7/24/2021 8:00,0,1
7/24/2021 9:00,0,1
7/24/2021 10:00,0,0
7/24/2021 11:00,0,0
7/24/2021 12:00,0,1
7/24/2021 13:00,0,1
7/24/2021 14:00,0,0
7/24/2021 15:00,0,0
7/24/2021 16:00,0,0
7/24/2021 17:00,0,0
7/24/2021 18:00,0,0
7/24/2021 19:00,0,0
7/24/2021 20:00,0,0
7/24/2021 21:00,0,1
7/24/2021 22:00,0,0
7/24/2021 23:00,0,0
7/25/2021 0:00,0,0
7/25/2021 1:00,0,0
7/25/2021 2:00,0,0
7/25/2021 3:00,0,0
7/25/2021 4:00,0,1
7/25/2021 5:00,0,1
7/25/2021 6:00,0,1
7/25/2021 7:00,0,1
7/25/2021 8:00,0,1
7/25/2021 9:00,0,1
7/25/2021 10:00,0,0
7/25/2021 11:00,0,0
7/25/2021 12:00,0,0
7/25/2021 13:00,0,1
7/25/2021 14:00,0,1
7/25/2021 15:00,0,1
7/25/2021 16:00,0,1
7/25/2021 17:00,0,1
7/25/2021 18:00,0,0
7/25/2021 19:00,0,1
7/25/2021 20:00,0,1
7/25/2021 21:00,0,0
7/25/2021 22:00,0,0
7/25/2021 23:00,0,0
7/26/2021 0:00,0,1
7/26/2021 1:00,0,1
7/26/2021 2:00,0,1
7/26/2021 3:00,0,1
7/26/2021 4:00,0,1
7/26/2021 5:00,0,1
7/26/2021 6:00,0,0
7/26/2021 7:00,0,1
7/26/2021 8:00,1,1
7/26/2021 9:00,0,0
7/26/2021 10:00,0,1
7/26/2021 11:00,0,1
7/26/2021 12:00,0,1
7/26/2021 13:00,0,0
7/26/2021 14:00,0,1
7/26/2021 15:00,0,0
7/26/2021 16:00,0,0
7/26/2021 17:00,0,1
7/26/2021 18:00,0,1
7/26/2021 19:00,0,0
7/26/2021 20:00,0,0
7/26/2021 21:00,0,1
7/26/2021 22:00,0,1
7/26/2021 23:00,0,1
7/27/2021 0:00,0,1
7/27/2021 1:00,0,1
7/27/2021 2:00,0,1
7/27/2021 3:00,0,1
7/27/2021 4:00,0,1
7/27/2021 5:00,0,1
7/27/2021 6:00,0,1
7/27/2021 7:00,0,1
7/27/2021 8:00,0,1
7/27/2021 9:00,0,1
7/27/2021 10:00,0,1
7/27/2021 11:00,0,1
7/27/2021 12:00,0,0
7/27/2021 13:00,0,1
7/27/2021 14:00,0,1
7/27/2021 15:00,0,1
7/27/2021 16:00,0,1
7/27/2021 17:00,0,1
7/27/2021 18:00,0,0
7/27/2021 19:00,0,1
7/27/2021 20:00,0,1
7/27/2021 21:00,0,1
7/27/2021 22:00,0,0
7/27/2021 23:00,0,1
7/28/2021 0:00,0,1
7/28/2021 1:00,0,1
7/28/2021 2:00,0,1
7/28/2021 3:00,0,1
7/28/2021 4:00,0,1
7/28/2021 5:00,0,1
7/28/2021 6:00,0,0
7/28/2021 7:00,0,1
7/28/2021 8:00,0,1
7/28/2021 9:00,0,1
7/28/2021 10:00,0,0
7/28/2021 11:00,0,0
7/28/2021 12:00,0,1
7/28/2021 13:00,0,0
7/28/2021 14:00,0,0
7/28/2021 15:00,0,0
7/28/2021 16:00,0,1
7/28/2021 17:00,0,0
7/28/2021 18:00,0,0
7/28/2021 19:00,0,0
7/28/2021 20:00,0,1
7/28/2021 21:00,0,1
7/28/2021 22:00,0,1
7/28/2021 23:00,0,1
7/29/2021 0:00,0,1
7/29/2021 1:00,0,1
7/29/2021 2:00,0,1
7/29/2021 3:00,0,1
7/29/2021 4:00,0,1
7/29/2021 5:00,0,1
7/29/2021 6:00,0,1
7/29/2021 7:00,0,1
7/29/2021 8:00,0,1
7/29/2021 9:00,0,1
7/29/2021 10:00,0,1
7/29/2021 11:00,0,1
7/29/2021 12:00,0,1
7/29/2021 13:00,0,0
7/29/2021 14:00,0,1
7/29/2021 15:00,0,0
7/29/2021 16:00,0,1
7/29/2021 17:00,0,0
7/29/2021 18:00,0,0
7/29/2021 19:00,0,0
7/29/2021 20:00,0,1
7/29/2021 21:00,0,0
7/29/2021 22:00,0,0
7/29/2021 23:00,0,1
7/30/2021 0:00,0,1
7/30/2021 1:00,0,1
7/30/2021 2:00,0,1
7/30/2021 3:00,0,1
7/30/2021 4:00,0,1
7/30/2021 5:00,0,1
7/30/2021 6:00,0,1
7/30/2021 7:00,0,1
7/30/2021 8:00,0,1
7/30/2021 9:00,0,1
7/30/2021 10:00,0,1
7/30/2021 11:00,0,1
7/30/2021 12:00,0,0
7/30/2021 13:00,0,1
7/30/2021 14:00,0,0
7/30/2021 15:00,0,1
7/30/2021 16:00,0,1
7/30/2021 17:00,0,0
7/30/2021 18:00,0,1
7/30/2021 19:00,0,1
7/30/2021 20:00,0,1
7/30/2021 21:00,0,1
7/30/2021 22:00,0,1
7/30/2021 23:00,0,1
7/31/2021 0:00,0,1
7/31/2021 1:00,0,1
7/31/2021 2:00,0,1
7/31/2021 3:00,0,1
7/31/2021 4:00,0,1
7/31/2021 5:00,0,1
7/31/2021 6:00,0,1
7/31/2021 7:00,0,1
7/31/2021 8:00,0,1
7/31/2021 9:00,0,0
7/31/2021 10:00,0,1
7/31/2021 11:00,0,0
7/31/2021 12:00,0,1
7/31/2021 13:00,0,1
7/31/2021 14:00,0,0
7/31/2021 15:00,0,1
7/31/2021 16:00,0,0
7/31/2021 17:00,0,0
7/31/2021 18:00,0,1
7/31/2021 19:00,0,0
7/31/2021 20:00,0,1
7/31/2021 21:00,0,1
7/31/2021 22:00,0,0
7/31/2021 23:00,0,0
8/1/2021 0:00,0,0
8/1/2021 1:00,0,1
8/1/2021 2:00,0,0
8/1/2021 3:00,0,0
8/1/2021 4:00,0,1
8/1/2021 5:00,0,1
8/1/2021 6:00,0,1
8/1/2021 7:00,0,1
8/1/2021 8:00,0,1
8/1/2021 9:00,0,1
8/1/2021 10:00,0,0
8/1/2021 11:00,0,1
8/1/2021 12:00,0,1
8/1/2021 13:00,0,1
8/1/2021 14:00,0,1
8/1/2021 15:00,0,0
8/1/2021 16:00,0,0
8/1/2021 17:00,0,0
8/1/2021 18:00,0,1
8/1/2021 19:00,0,1
8/1/2021 20:00,0,1
8/1/2021 21:00,0,1
8/1/2021 22:00,0,1
8/1/2021 23:00,0,1
8/2/2021 0:00,0,1
8/2/2021 1:00,0,1
8/2/2021 2:00,0,1
8/2/2021 3:00,0,1
8/2/2021 4:00,0,1
8/2/2021 5:00,0,1
8/2/2021 6:00,0,1
8/2/2021 7:00,0,1
8/2/2021 8:00,0,1
8/2/2021 9:00,0,0
8/2/2021 10:00,0,1
8/2/2021 11:00,0,0
8/2/2021 12:00,0,0
8/2/2021 13:00,0,0
8/2/2021 14:00,0,0
8/2/2021 15:00,0,0
8/2/2021 16:00,0,1
8/2/2021 17:00,0,1
8/2/2021 18:00,0,1
8/2/2021 19:00,0,1
8/2/2021 20:00,0,1
8/2/2021 21:00,0,1
8/2/2021 22:00,0,1
8/2/2021 23:00,0,1
8/3/2021 0:00,0,1
8/3/2021 1:00,0,1
8/3/2021 2:00,0,1
8/3/2021 3:00,0,1
8/3/2021 4:00,0,1
8/3/2021 5:00,0,1
8/3/2021 6:00,0,1
8/3/2021 7:00,0,1
8/3/2021 8:00,0,1
8/3/2021 9:00,0,1
8/3/2021 10:00,0,1
8/3/2021 11:00,0,1
8/3/2021 12:00,0,1
8/3/2021 13:00,0,1
8/3/2021 14:00,0,0
8/3/2021 15:00,0,1
8/3/2021 16:00,0,1
8/3/2021 17:00,0,1
8/3/2021 18:00,0,1
8/3/2021 19:00,0,1
8/3/2021 20:00,0,1
8/3/2021 21:00,1,1
8/3/2021 22:00,1,0
8/3/2021 23:00,0,1
8/4/2021 0:00,0,1
8/4/2021 1:00,0,1
8/4/2021 2:00,0,1
8/4/2021 3:00,0,1
8/4/2021 4:00,0,1
8/4/2021 5:00,0,1
8/4/2021 6:00,0,1
8/4/2021 7:00,0,1
8/4/2021 8:00,0,0
8/4/2021 9:00,0,0
8/4/2021 10:00,0,0
8/4/2021 11:00,0,0
8/4/2021 12:00,0,0
8/4/2021 13:00,0,0
8/4/2021 14:00,0,1
8/4/2021 15:00,0,1
8/4/2021 16:00,0,1
8/4/2021 17:00,0,1
8/4/2021 18:00,0,0
8/4/2021 19:00,0,0
8/4/2021 20:00,0,1
8/4/2021 21:00,0,1
8/4/2021 22:00,0,1
8/4/2021 23:00,0,1
8/5/2021 0:00,0,1
8/5/2021 1:00,0,1
8/5/2021 2:00,0,0
8/5/2021 3:00,0,1
8/5/2021 4:00,0,1
8/5/2021 5:00,0,1
8/5/2021 6:00,0,1
8/5/2021 7:00,0,1
8/5/2021 8:00,0,1
8/5/2021 9:00,0,1
8/5/2021 10:00,0,1
8/5/2021 11:00,0,1
8/5/2021 12:00,0,0
8/5/2021 13:00,0,1
8/5/2021 14:00,0,1
8/5/2021 15:00,0,1
8/5/2021 16:00,0,1
8/5/2021 17:00,0,1
8/5/2021 18:00,0,1
8/5/2021 19:00,0,0
8/5/2021 20:00,0,1
8/5/2021 21:00,0,0
8/5/2021 22:00,0,0
8/5/2021 23:00,0,1
8/6/2021 0:00,0,1
8/6/2021 1:00,0,1
8/6/2021 2:00,0,1
8/6/2021 3:00,0,1
8/6/2021 4:00,0,1
8/6/2021 5:00,0,1
8/6/2021 6:00,0,1
8/6/2021 7:00,0,1
8/6/2021 8:00,0,1
8/6/2021 9:00,0,1
8/6/2021 10:00,0,1
8/6/2021 11:00,0,1
8/6/2021 12:00,0,0
8/6/2021 13:00,0,0
8/6/2021 14:00,0,1
8/6/2021 15:00,0,1
8/6/2021 16:00,0,1
8/6/2021 17:00,0,1
8/6/2021 18:00,0,1
8/6/2021 19:00,0,1
8/6/2021 20:00,0,1
8/6/2021 21:00,0,1
8/6/2021 22:00,0,1
8/6/2021 23:00,0,1
8/7/2021 0:00,0,1
8/7/2021 1:00,0,1
8/7/2021 2:00,0,1
8/7/2021 3:00,0,1
8/7/2021 4:00,1,1
8/7/2021 5:00,0,1
8/7/2021 6:00,0,1
8/7/2021 7:00,0,1
8/7/2021 8:00,0,1
8/7/2021 9:00,0,1
8/7/2021 10:00,0,1
8/7/2021 11:00,0,0
8/7/2021 12:00,0,0
8/7/2021 13:00,0,1
8/7/2021 14:00,0,1
8/7/2021 15:00,0,1
8/7/2021 16:00,0,0
8/7/2021 17:00,0,1
8/7/2021 18:00,0,1
8/7/2021 19:00,0,1
8/7/2021 20:00,0,0
8/7/2021 21:00,0,0
8/7/2021 22:00,0,1
8/7/2021 23:00,0,1
8/8/2021 0:00,0,1
8/8/2021 1:00,0,1
8/8/2021 2:00,0,1
8/8/2021 3:00,0,1
8/8/2021 4:00,0,1
8/8/2021 5:00,0,1
8/8/2021 6:00,0,1
8/8/2021 7:00,0,1
8/8/2021 8:00,0,1
8/8/2021 9:00,0,1
8/8/2021 10:00,0,1
8/8/2021 11:00,0,1
8/8/2021 12:00,0,1
8/8/2021 13:00,0,1
8/8/2021 14:00,0,1
8/8/2021 15:00,0,1
8/8/2021 16:00,0,1
8/8/2021 17:00,0,0
8/8/2021 18:00,0,1
8/8/2021 19:00,0,1
8/8/2021 20:00,0,0
8/8/2021 21:00,0,0
8/8/2021 22:00,0,0
8/8/2021 23:00,0,1
8/9/2021 0:00,0,1
8/9/2021 1:00,0,1
8/9/2021 2:00,0,1
8/9/2021 3:00,0,1
8/9/2021 4:00,0,1
8/9/2021 5:00,0,1
8/9/2021 6:00,0,1
8/9/2021 7:00,0,1
8/9/2021 8:00,0,1
8/9/2021 9:00,0,1
8/9/2021 10:00,0,1
8/9/2021 11:00,0,1
8/9/2021 12:00,0,1
8/9/2021 13:00,0,1
8/9/2021 14:00,0,1
8/9/2021 15:00,0,1
8/9/2021 16:00,0,1
8/9/2021 17:00,0,0
8/9/2021 18:00,0,1
8/9/2021 19:00,0,1
8/9/2021 20:00,0,0
8/9/2021 21:00,0,0
8/9/2021 22:00,0,0
8/9/2021 23:00,0,1
8/10/2021 0:00,0,1
8/10/2021 1:00,0,1
8/10/2021 2:00,0,1
8/10/2021 3:00,0,1
8/10/2021 4:00,0,1
8/10/2021 5:00,0,1
8/10/2021 6:00,0,1
8/10/2021 7:00,0,1
8/10/2021 8:00,0,1
8/10/2021 9:00,0,1
8/10/2021 10:00,0,1
8/10/2021 11:00,0,1
8/10/2021 12:00,0,1
8/10/2021 13:00,0,1
8/10/2021 14:00,0,1
8/10/2021 15:00,0,0
8/10/2021 16:00,0,0
8/10/2021 17:00,0,0
8/10/2021 18:00,0,0
8/10/2021 19:00,0,1
8/10/2021 20:00,0,0
8/10/2021 21:00,0,1
8/10/2021 22:00,0,1
8/10/2021 23:00,0,1
8/11/2021 0:00,0,1
8/11/2021 1:00,1,0
8/11/2021 2:00,1,0
8/11/2021 3:00,0,1
8/11/2021 4:00,0,1
8/11/2021 5:00,0,1
8/11/2021 6:00,0,1
8/11/2021 7:00,0,1
8/11/2021 8:00,0,1
8/11/2021 9:00,0,1
8/11/2021 10:00,0,1
8/11/2021 11:00,0,1
8/11/2021 12:00,0,1
8/11/2021 13:00,0,1
8/11/2021 14:00,0,0
8/11/2021 15:00,0,0
8/11/2021 16:00,0,1
8/11/2021 17:00,0,0
8/11/2021 18:00,0,1
8/11/2021 19:00,0,1
8/11/2021 20:00,0,0
8/11/2021 21:00,0,0
8/11/2021 22:00,0,1
8/11/2021 23:00,0,1
8/12/2021 0:00,0,1
8/12/2021 1:00,0,1
8/12/2021 2:00,1,1
8/12/2021 3:00,1,1
8/12/2021 4:00,0,1
8/12/2021 5:00,0,1
8/12/2021 6:00,0,1
8/12/2021 7:00,0,1
8/12/2021 8:00,0,1
8/12/2021 9:00,0,1
8/12/2021 10:00,0,1
8/12/2021 11:00,0,1
8/12/2021 12:00,0,1
8/12/2021 13:00,0,0
8/12/2021 14:00,0,0
8/12/2021 15:00,0,0
8/12/2021 16:00,0,1
8/12/2021 17:00,0,1
8/12/2021 18:00,0,1
8/12/2021 19:00,1,1
8/12/2021 20:00,0,1
8/12/2021 21:00,0,1
8/12/2021 22:00,0,1
8/12/2021 23:00,0,1
8/13/2021 0:00,0,1
8/13/2021 1:00,0,1
8/13/2021 2:00,0,1
8/13/2021 3:00,0,0
8/13/2021 4:00,0,1
8/13/2021 5:00,0,1
8/13/2021 6:00,0,1
8/13/2021 7:00,0,1
8/13/2021 8:00,0,1
8/13/2021 9:00,0,1
8/13/2021 10:00,0,1
8/13/2021 11:00,0,1
8/13/2021 12:00,0,1
8/13/2021 13:00,0,0
8/13/2021 14:00,0,0
8/13/2021 15:00,0,0
8/13/2021 16:00,0,0
8/13/2021 17:00,0,0
8/13/2021 18:00,0,0
8/13/2021 19:00,0,0
8/13/2021 20:00,0,0
8/13/2021 21:00,0,1
8/13/2021 22:00,0,1
8/13/2021 23:00,0,1
8/14/2021 0:00,0,1
8/14/2021 1:00,0,1
8/14/2021 2:00,0,1
8/14/2021 3:00,0,1
8/14/2021 4:00,0,1
8/14/2021 5:00,0,1
8/14/2021 6:00,0,1
8/14/2021 7:00,0,1
8/14/2021 8:00,0,1
8/14/2021 9:00,0,1
8/14/2021 10:00,0,1
8/14/2021 11:00,0,1
8/14/2021 12:00,0,1
8/14/2021 13:00,0,0
8/14/2021 14:00,0,1
8/14/2021 15:00,0,1
8/14/2021 16:00,0,0
8/14/2021 17:00,0,0
8/14/2021 18:00,0,0
8/14/2021 19:00,0,0
8/14/2021 20:00,0,0
8/14/2021 21:00,0,0
8/14/2021 22:00,0,0
8/14/2021 23:00,0,0
8/15/2021 0:00,0,1
8/15/2021 1:00,0,1
8/15/2021 2:00,0,1
8/15/2021 3:00,0,1
8/15/2021 4:00,0,1
8/15/2021 5:00,0,1
8/15/2021 6:00,0,1
8/15/2021 7:00,0,1
8/15/2021 8:00,0,1
8/15/2021 9:00,0,1
8/15/2021 10:00,0,1
8/15/2021 11:00,0,1
8/15/2021 12:00,0,1
8/15/2021 13:00,0,1
8/15/2021 14:00,0,1
8/15/2021 15:00,0,0
8/15/2021 16:00,0,1
8/15/2021 17:00,0,0
8/15/2021 18:00,0,0
8/15/2021 19:00,0,1
8/15/2021 20:00,0,0
8/15/2021 21:00,0,0
8/15/2021 22:00,0,1
8/15/2021 23:00,0,0
8/16/2021 0:00,0,1
8/16/2021 1:00,0,1
8/16/2021 2:00,0,1
8/16/2021 3:00,0,1
8/16/2021 4:00,0,1
8/16/2021 5:00,0,1
8/16/2021 6:00,0,1
8/16/2021 7:00,0,1
8/16/2021 8:00,0,1
8/16/2021 9:00,0,1
8/16/2021 10:00,0,1
8/16/2021 11:00,0,1
8/16/2021 12:00,0,1
8/16/2021 13:00,0,1
8/16/2021 14:00,0,1
8/16/2021 15:00,0,1
8/16/2021 16:00,0,1
8/16/2021 17:00,0,0
8/16/2021 18:00,0,1
8/16/2021 19:00,0,1
8/16/2021 20:00,0,1
8/16/2021 21:00,0,0
8/16/2021 22:00,0,0
8/16/2021 23:00,0,1
8/17/2021 0:00,0,1
8/17/2021 1:00,0,1
8/17/2021 2:00,0,1
8/17/2021 3:00,0,1
8/17/2021 4:00,0,1
8/17/2021 5:00,0,1
8/17/2021 6:00,0,1
8/17/2021 7:00,0,1
8/17/2021 8:00,0,1
8/17/2021 9:00,0,1
8/17/2021 10:00,0,1
8/17/2021 11:00,0,1
8/17/2021 12:00,0,1
8/17/2021 13:00,0,0
8/17/2021 14:00,0,0
8/17/2021 15:00,0,0
8/17/2021 16:00,0,0
8/17/2021 17:00,0,0
8/17/2021 18:00,0,0
8/17/2021 19:00,0,0
8/17/2021 20:00,0,0
8/17/2021 21:00,0,0
8/17/2021 22:00,0,1
8/17/2021 23:00,0,0
8/18/2021 0:00,0,0
8/18/2021 1:00,0,0
8/18/2021 2:00,0,0
8/18/2021 3:00,0,1
8/18/2021 4:00,0,1
8/18/2021 5:00,0,1
8/18/2021 6:00,0,0
8/18/2021 7:00,0,1
8/18/2021 8:00,0,1
8/18/2021 9:00,0,1
8/18/2021 10:00,0,1
8/18/2021 11:00,0,1
8/18/2021 12:00,0,0
8/18/2021 13:00,0,0
8/18/2021 14:00,0,1
8/18/2021 15:00,0,1
8/18/2021 16:00,0,0
8/18/2021 17:00,0,1
8/18/2021 18:00,0,0
8/18/2021 19:00,0,1
8/18/2021 20:00,0,1
8/18/2021 21:00,0,0
8/18/2021 22:00,0,1
8/18/2021 23:00,0,0
8/19/2021 0:00,0,1
8/19/2021 1:00,0,1
8/19/2021 2:00,0,0
8/19/2021 3:00,0,0
8/19/2021 4:00,0,1
8/19/2021 5:00,0,1
8/19/2021 6:00,0,1
8/19/2021 7:00,0,1
8/19/2021 8:00,0,0
8/19/2021 9:00,0,1
8/19/2021 10:00,0,1
8/19/2021 11:00,0,1
8/19/2021 12:00,0,1
8/19/2021 13:00,0,0
8/19/2021 14:00,0,1
8/19/2021 15:00,0,1
8/19/2021 16:00,0,1
8/19/2021 17:00,0,0
8/19/2021 18:00,0,1
8/19/2021 19:00,0,0
8/19/2021 20:00,0,0
8/19/2021 21:00,0,0
8/19/2021 22:00,1,0
8/19/2021 23:00,0,1
8/20/2021 0:00,0,1
8/20/2021 1:00,0,1
8/20/2021 2:00,0,1
8/20/2021 3:00,0,1
8/20/2021 4:00,0,1
8/20/2021 5:00,0,1
8/20/2021 6:00,0,1
8/20/2021 7:00,0,1
8/20/2021 8:00,0,1
8/20/2021 9:00,0,1
8/20/2021 10:00,0,1
8/20/2021 11:00,0,1
8/20/2021 12:00,0,1
8/20/2021 13:00,0,1
8/20/2021 14:00,0,0
8/20/2021 15:00,0,1
8/20/2021 16:00,0,1
8/20/2021 17:00,0,0
8/20/2021 18:00,0,0
8/20/2021 19:00,0,0
8/20/2021 20:00,0,1
8/20/2021 21:00,0,1
8/20/2021 22:00,0,0
8/20/2021 23:00,0,0
8/21/2021 0:00,0,1
8/21/2021 1:00,0,1
8/21/2021 2:00,0,1
8/21/2021 3:00,0,1
8/21/2021 4:00,0,1
8/21/2021 5:00,0,1
8/21/2021 6:00,0,1
8/21/2021 7:00,0,1
8/21/2021 8:00,0,0
8/21/2021 9:00,0,1
8/21/2021 10:00,0,1
8/21/2021 11:00,0,1
8/21/2021 12:00,0,1
8/21/2021 13:00,0,1
8/21/2021 14:00,0,0
8/21/2021 15:00,0,0
8/21/2021 16:00,0,0
8/21/2021 17:00,0,0
8/21/2021 18:00,0,0
8/21/2021 19:00,0,0
8/21/2021 20:00,0,1
8/21/2021 21:00,0,0
8/21/2021 22:00,0,0
8/21/2021 23:00,0,0
8/22/2021 0:00,0,0
8/22/2021 1:00,0,0
8/22/2021 2:00,0,0
8/22/2021 3:00,0,0
8/22/2021 4:00,0,1
8/22/2021 5:00,0,1
8/22/2021 6:00,0,1
8/22/2021 7:00,0,1
8/22/2021 8:00,0,1
8/22/2021 9:00,0,1
8/22/2021 10:00,0,1
8/22/2021 11:00,0,1
8/22/2021 12:00,0,1
8/22/2021 13:00,0,1
8/22/2021 14:00,0,1
8/22/2021 15:00,0,1
8/22/2021 16:00,0,1
8/22/2021 17:00,0,1
8/22/2021 18:00,0,0
8/22/2021 19:00,0,0
8/22/2021 20:00,0,0
8/22/2021 21:00,0,0
8/22/2021 22:00,0,0
8/22/2021 23:00,0,1
8/23/2021 0:00,0,0
8/23/2021 1:00,0,0
8/23/2021 2:00,0,1
8/23/2021 3:00,0,1
8/23/2021 4:00,0,1
8/23/2021 5:00,0,1
8/23/2021 6:00,0,1
8/23/2021 7:00,0,1
8/23/2021 8:00,0,1
8/23/2021 9:00,0,1
8/23/2021 10:00,0,1
8/23/2021 11:00,0,1
8/23/2021 12:00,0,1
8/23/2021 13:00,0,1
8/23/2021 14:00,0,1
8/23/2021 15:00,0,1
8/23/2021 16:00,0,0
8/23/2021 17:00,0,0
8/23/2021 18:00,0,0
8/23/2021 19:00,0,0
8/23/2021 20:00,0,0
8/23/2021 21:00,0,0
8/23/2021 22:00,0,0
8/23/2021 23:00,0,0
8/24/2021 0:00,0,0
8/24/2021 1:00,0,0
8/24/2021 2:00,0,1
8/24/2021 3:00,0,1
8/24/2021 4:00,0,1
8/24/2021 5:00,0,1
8/24/2021 6:00,0,1
8/24/2021 7:00,0,1
8/24/2021 8:00,0,1
8/24/2021 9:00,0,1
8/24/2021 10:00,0,1
8/24/2021 11:00,0,1
8/24/2021 12:00,0,1
8/24/2021 13:00,0,0
8/24/2021 14:00,0,1
8/24/2021 15:00,0,1
8/24/2021 16:00,0,0
8/24/2021 17:00,0,0
8/24/2021 18:00,0,0
8/24/2021 19:00,0,0
8/24/2021 20:00,0,0
8/24/2021 21:00,0,1
8/24/2021 22:00,0,1
8/24/2021 23:00,0,1
8/25/2021 0:00,0,1
8/25/2021 1:00,0,1
8/25/2021 2:00,0,1
8/25/2021 3:00,0,1
8/25/2021 4:00,0,1
8/25/2021 5:00,0,1
8/25/2021 6:00,0,1
8/25/2021 7:00,0,1
8/25/2021 8:00,0,1
8/25/2021 9:00,0,1
8/25/2021 10:00,0,1
8/25/2021 11:00,0,1
8/25/2021 12:00,0,1
8/25/2021 13:00,0,1
8/25/2021 14:00,0,1
8/25/2021 15:00,0,0
8/25/2021 16:00,0,1
8/25/2021 17:00,0,1
8/25/2021 18:00,0,0
8/25/2021 19:00,0,0
8/25/2021 20:00,0,1
8/25/2021 21:00,0,0
8/25/2021 22:00,0,1
8/25/2021 23:00,0,1
8/26/2021 0:00,0,1
8/26/2021 1:00,0,1
8/26/2021 2:00,0,1
8/26/2021 3:00,0,1
8/26/2021 4:00,0,1
8/26/2021 5:00,0,1
8/26/2021 6:00,0,1
8/26/2021 7:00,0,1
8/26/2021 8:00,0,1
8/26/2021 9:00,0,1
8/26/2021 10:00,0,1
8/26/2021 11:00,0,1
8/26/2021 12:00,1,0
8/26/2021 13:00,1,0
8/26/2021 14:00,1,0
8/26/2021 15:00,0,1
8/26/2021 16:00,0,0
8/26/2021 17:00,1,0
8/26/2021 18:00,0,0
8/26/2021 19:00,0,0
8/26/2021 20:00,0,1
8/26/2021 21:00,0,1
8/26/2021 22:00,0,1
8/26/2021 23:00,1,1
8/27/2021 0:00,0,1
8/27/2021 1:00,0,1
8/27/2021 2:00,0,1
8/27/2021 3:00,0,1
8/27/2021 4:00,0,1
8/27/2021 5:00,0,1
8/27/2021 6:00,0,1
8/27/2021 7:00,0,1
8/27/2021 8:00,0,1
8/27/2021 9:00,0,1
8/27/2021 10:00,0,1
8/27/2021 11:00,0,1
8/27/2021 12:00,0,1
8/27/2021 13:00,0,1
8/27/2021 14:00,0,0
8/27/2021 15:00,0,1
8/27/2021 16:00,0,0
8/27/2021 17:00,0,0
8/27/2021 18:00,0,0
8/27/2021 19:00,0,0
8/27/2021 20:00,1,1
8/27/2021 21:00,1,1
8/27/2021 22:00,1,0
8/27/2021 23:00,1,0
8/28/2021 0:00,0,0
8/28/2021 1:00,0,1
8/28/2021 2:00,0,1
8/28/2021 3:00,0,1
8/28/2021 4:00,0,1
8/28/2021 5:00,0,1
8/28/2021 6:00,0,1
8/28/2021 7:00,0,1
8/28/2021 8:00,0,1
8/28/2021 9:00,0,1
8/28/2021 10:00,0,1
8/28/2021 11:00,0,1
8/28/2021 12:00,0,1
8/28/2021 13:00,1,1
8/28/2021 14:00,1,0
8/28/2021 15:00,0,0
8/28/2021 16:00,1,0
8/28/2021 17:00,0,0
8/28/2021 18:00,0,0
8/28/2021 19:00,0,0
8/28/2021 20:00,1,0
8/28/2021 21:00,0,1
8/28/2021 22:00,0,0
8/28/2021 23:00,0,1
8/29/2021 0:00,0,1
8/29/2021 1:00,0,1
8/29/2021 2:00,0,1
8/29/2021 3:00,0,1
8/29/2021 4:00,0,1
8/29/2021 5:00,0,1
8/29/2021 6:00,0,1
8/29/2021 7:00,0,1
8/29/2021 8:00,0,1
8/29/2021 9:00,0,1
8/29/2021 10:00,0,1
8/29/2021 11:00,0,1
8/29/2021 12:00,0,1
8/29/2021 13:00,0,1
8/29/2021 14:00,0,1
8/29/2021 15:00,0,1
8/29/2021 16:00,0,1
8/29/2021 17:00,0,1
8/29/2021 18:00,0,1
8/29/2021 19:00,0,1
8/29/2021 20:00,0,1
8/29/2021 21:00,0,1
8/29/2021 22:00,0,1
8/29/2021 23:00,1,0
8/30/2021 0:00,1,0
8/30/2021 1:00,0,1
8/30/2021 2:00,0,1
8/30/2021 3:00,0,1
8/30/2021 4:00,0,1
8/30/2021 5:00,0,1
8/30/2021 6:00,1,0
8/30/2021 7:00,0,0
8/30/2021 8:00,1,0
8/30/2021 9:00,0,1
8/30/2021 10:00,0,1
8/30/2021 11:00,0,1
8/30/2021 12:00,0,1
8/30/2021 13:00,0,1
8/30/2021 14:00,0,0
8/30/2021 15:00,0,1
8/30/2021 16:00,0,0
8/30/2021 17:00,0,1
8/30/2021 18:00,0,0
8/30/2021 19:00,0,1
8/30/2021 20:00,0,1
8/30/2021 21:00,0,1
8/30/2021 22:00,0,1
8/30/2021 23:00,0,1
8/31/2021 0:00,0,0
8/31/2021 1:00,1,1
8/31/2021 2:00,1,0
8/31/2021 3:00,1,1
8/31/2021 4:00,0,1
8/31/2021 5:00,0,1
8/31/2021 6:00,0,1
8/31/2021 7:00,0,1
8/31/2021 8:00,0,1
8/31/2021 9:00,0,1
8/31/2021 10:00,0,0
8/31/2021 11:00,0,1
8/31/2021 12:00,0,1
8/31/2021 13:00,0,1
8/31/2021 14:00,1,1
8/31/2021 15:00,0,1
8/31/2021 16:00,0,0
8/31/2021 17:00,0,0
8/31/2021 18:00,0,0
8/31/2021 19:00,0,0
8/31/2021 20:00,0,1
8/31/2021 21:00,0,0
8/31/2021 22:00,0,0
8/31/2021 23:00,0,1
9/1/2021 0:00,0,1
9/1/2021 1:00,0,0
9/1/2021 2:00,0,0
9/1/2021 3:00,0,1
9/1/2021 4:00,0,0
9/1/2021 5:00,0,1
9/1/2021 6:00,0,1
9/1/2021 7:00,0,0
9/1/2021 8:00,0,1
9/1/2021 9:00,0,1
9/1/2021 10:00,0,1
9/1/2021 11:00,0,1
9/1/2021 12:00,0,1
9/1/2021 13:00,0,1
9/1/2021 14:00,0,1
9/1/2021 15:00,0,0
9/1/2021 16:00,0,0
9/1/2021 17:00,0,0
9/1/2021 18:00,0,0
9/1/2021 19:00,0,1
9/1/2021 20:00,0,1
9/1/2021 21:00,0,1
9/1/2021 22:00,0,1
9/1/2021 23:00,0,1
9/2/2021 0:00,0,1
9/2/2021 1:00,0,1
9/2/2021 2:00,1,1
9/2/2021 3:00,1,1
9/2/2021 4:00,0,1
9/2/2021 5:00,0,1
9/2/2021 6:00,0,1
9/2/2021 7:00,0,1
9/2/2021 8:00,0,1
9/2/2021 9:00,0,0
9/2/2021 10:00,0,1
9/2/2021 11:00,0,1
9/2/2021 12:00,0,1
9/2/2021 13:00,0,1
9/2/2021 14:00,0,0
9/2/2021 15:00,0,0
9/2/2021 16:00,1,0
9/2/2021 17:00,0,0
9/2/2021 18:00,0,0
9/2/2021 19:00,0,0
9/2/2021 20:00,0,1
9/2/2021 21:00,0,1
9/2/2021 22:00,1,0
9/2/2021 23:00,0,1
9/3/2021 0:00,1,1
9/3/2021 1:00,1,0
9/3/2021 2:00,1,0
9/3/2021 3:00,1,1
9/3/2021 4:00,0,1
9/3/2021 5:00,0,1
9/3/2021 6:00,0,1
9/3/2021 7:00,0,1
9/3/2021 8:00,0,0
9/3/2021 9:00,0,1
9/3/2021 10:00,0,0
9/3/2021 11:00,0,1
9/3/2021 12:00,0,1
9/3/2021 13:00,0,1
9/3/2021 14:00,0,1
9/3/2021 15:00,0,0
9/3/2021 16:00,0,1
9/3/2021 17:00,0,0
9/3/2021 18:00,0,0
9/3/2021 19:00,0,0
9/3/2021 20:00,1,1
9/3/2021 21:00,1,0
9/3/2021 22:00,1,0
9/3/2021 23:00,1,0
9/4/2021 0:00,1,1
9/4/2021 1:00,1,1
9/4/2021 2:00,1,0
9/4/2021 3:00,1,1
9/4/2021 4:00,0,1
9/4/2021 5:00,0,1
9/4/2021 6:00,0,1
9/4/2021 7:00,0,1
9/4/2021 8:00,0,1
9/4/2021 9:00,1,1
9/4/2021 10:00,0,1
9/4/2021 11:00,0,1
9/4/2021 12:00,0,1
9/4/2021 13:00,0,1
9/4/2021 14:00,0,1
9/4/2021 15:00,0,0
9/4/2021 16:00,0,0
9/4/2021 17:00,1,0
9/4/2021 18:00,0,0
9/4/2021 19:00,1,0
9/4/2021 20:00,1,0
9/4/2021 21:00,1,0
9/4/2021 22:00,1,0
9/4/2021 23:00,1,0
9/5/2021 0:00,1,0
9/5/2021 1:00,1,0
9/5/2021 2:00,0,1
9/5/2021 3:00,0,1
9/5/2021 4:00,0,1
9/5/2021 5:00,0,1
9/5/2021 6:00,0,1
9/5/2021 7:00,0,1
9/5/2021 8:00,0,1
9/5/2021 9:00,0,1
9/5/2021 10:00,0,1
9/5/2021 11:00,0,1
9/5/2021 12:00,0,1
9/5/2021 13:00,0,1
9/5/2021 14:00,0,1
9/5/2021 15:00,0,0
9/5/2021 16:00,0,1
9/5/2021 17:00,0,1
9/5/2021 18:00,0,0
9/5/2021 19:00,1,0
9/5/2021 20:00,1,0
9/5/2021 21:00,1,0
9/5/2021 22:00,1,0
9/5/2021 23:00,1,0
9/6/2021 0:00,1,0
9/6/2021 1:00,1,0
9/6/2021 2:00,0,1
9/6/2021 3:00,1,1
9/6/2021 4:00,0,1
9/6/2021 5:00,0,1
9/6/2021 6:00,1,1
9/6/2021 7:00,1,1
9/6/2021 8:00,0,1
9/6/2021 9:00,0,1
9/6/2021 10:00,0,1
9/6/2021 11:00,0,1
9/6/2021 12:00,0,1
9/6/2021 13:00,0,1
9/6/2021 14:00,0,1
9/6/2021 15:00,0,1
9/6/2021 16:00,0,1
9/6/2021 17:00,0,1
9/6/2021 18:00,0,0
9/6/2021 19:00,0,0
9/6/2021 20:00,0,0
9/6/2021 21:00,1,0
9/6/2021 22:00,1,0
9/6/2021 23:00,1,0
9/7/2021 0:00,1,1
9/7/2021 1:00,1,1
9/7/2021 2:00,0,1
9/7/2021 3:00,0,1
9/7/2021 4:00,0,1
9/7/2021 5:00,0,1
9/7/2021 6:00,0,1
9/7/2021 7:00,0,1
9/7/2021 8:00,0,1
9/7/2021 9:00,0,1
9/7/2021 10:00,0,1
9/7/2021 11:00,0,1
9/7/2021 12:00,0,1
9/7/2021 13:00,0,1
9/7/2021 14:00,0,1
9/7/2021 15:00,0,1
9/7/2021 16:00,0,1
9/7/2021 17:00,0,0
9/7/2021 18:00,0,0
9/7/2021 19:00,0,0
9/7/2021 20:00,1,0
9/7/2021 21:00,0,1
9/7/2021 22:00,1,0
9/7/2021 23:00,1,0
9/8/2021 0:00,1,0
9/8/2021 1:00,1,0
9/8/2021 2:00,1,0
9/8/2021 3:00,0,1
9/8/2021 4:00,0,1
9/8/2021 5:00,1,1
9/8/2021 6:00,0,1
9/8/2021 7:00,0,1
9/8/2021 8:00,0,1
9/8/2021 9:00,0,1
9/8/2021 10:00,0,1
9/8/2021 11:00,0,1
9/8/2021 12:00,0,1
9/8/2021 13:00,1,0
9/8/2021 14:00,0,0
9/8/2021 15:00,1,0
9/8/2021 16:00,1,0
9/8/2021 17:00,1,0
9/8/2021 18:00,1,0
9/8/2021 19:00,1,0
9/8/2021 20:00,1,0
9/8/2021 21:00,0,0
9/8/2021 22:00,1,0
9/8/2021 23:00,1,0
9/9/2021 0:00,1,0
9/9/2021 1:00,1,0
9/9/2021 2:00,1,0
9/9/2021 3:00,0,1
9/9/2021 4:00,0,1
9/9/2021 5:00,0,1
9/9/2021 6:00,0,1
9/9/2021 7:00,0,1
9/9/2021 8:00,0,1
9/9/2021 9:00,0,1
9/9/2021 10:00,0,1
9/9/2021 11:00,0,1
9/9/2021 12:00,0,1
9/9/2021 13:00,1,0
9/9/2021 14:00,1,0
9/9/2021 15:00,0,0
9/9/2021 16:00,0,0
9/9/2021 17:00,0,1
9/9/2021 18:00,0,0
9/9/2021 19:00,1,0
9/9/2021 20:00,0,0
9/9/2021 21:00,1,0
9/9/2021 22:00,1,0
9/9/2021 23:00,0,0
9/10/2021 0:00,1,0
9/10/2021 1:00,1,0
9/10/2021 2:00,0,1
9/10/2021 3:00,0,1
9/10/2021 4:00,0,1
9/10/2021 5:00,0,1
9/10/2021 6:00,0,1
9/10/2021 7:00,0,1
9/10/2021 8:00,0,1
9/10/2021 9:00,1,1
9/10/2021 10:00,0,1
9/10/2021 11:00,0,1
9/10/2021 12:00,1,1
9/10/2021 13:00,1,0
9/10/2021 14:00,0,0
9/10/2021 15:00,0,0
9/10/2021 16:00,1,0
9/10/2021 17:00,0,1
9/10/2021 18:00,0,1
9/10/2021 19:00,1,0
9/10/2021 20:00,0,0
9/10/2021 21:00,0,1
9/10/2021 22:00,0,1
9/10/2021 23:00,1,1
9/11/2021 0:00,1,0
9/11/2021 1:00,0,1
9/11/2021 2:00,0,1
9/11/2021 3:00,0,1
9/11/2021 4:00,0,1
9/11/2021 5:00,0,0
9/11/2021 6:00,1,0
9/11/2021 7:00,0,1
9/11/2021 8:00,1,1
9/11/2021 9:00,0,1
9/11/2021 10:00,0,1
9/11/2021 11:00,0,1
9/11/2021 12:00,1,1
9/11/2021 13:00,0,1
9/11/2021 14:00,0,0
9/11/2021 15:00,1,0
9/11/2021 16:00,1,0
9/11/2021 17:00,0,0
9/11/2021 18:00,0,1
9/11/2021 19:00,0,1
9/11/2021 20:00,1,1
9/11/2021 21:00,0,1
9/11/2021 22:00,0,0
9/11/2021 23:00,0,1
9/12/2021 0:00,1,0
9/12/2021 1:00,0,0
9/12/2021 2:00,0,1
9/12/2021 3:00,0,1
9/12/2021 4:00,0,1
9/12/2021 5:00,0,1
9/12/2021 6:00,0,1
9/12/2021 7:00,0,1
9/12/2021 8:00,0,1
9/12/2021 9:00,0,1
9/12/2021 10:00,0,0
9/12/2021 11:00,0,1
9/12/2021 12:00,1,1
9/12/2021 13:00,1,0
9/12/2021 14:00,0,1
9/12/2021 15:00,0,0
9/12/2021 16:00,0,0
9/12/2021 17:00,0,0
9/12/2021 18:00,0,1
9/12/2021 19:00,0,1
9/12/2021 20:00,0,1
9/12/2021 21:00,0,1
9/12/2021 22:00,0,1
9/12/2021 23:00,0,0
9/13/2021 0:00,1,0
9/13/2021 1:00,0,1
9/13/2021 2:00,1,1
9/13/2021 3:00,0,1
9/13/2021 4:00,0,1
9/13/2021 5:00,0,1
9/13/2021 6:00,0,1
9/13/2021 7:00,0,1
9/13/2021 8:00,0,1
9/13/2021 9:00,0,1
9/13/2021 10:00,0,1
9/13/2021 11:00,0,1
9/13/2021 12:00,0,1
9/13/2021 13:00,0,1
9/13/2021 14:00,0,0
9/13/2021 15:00,0,0
9/13/2021 16:00,0,1
9/13/2021 17:00,1,0
9/13/2021 18:00,1,0
9/13/2021 19:00,0,1
9/13/2021 20:00,0,1
9/13/2021 21:00,0,0
9/13/2021 22:00,0,1
9/13/2021 23:00,0,0
9/14/2021 0:00,0,1
9/14/2021 1:00,1,0
9/14/2021 2:00,0,1
9/14/2021 3:00,0,1
9/14/2021 4:00,1,1
9/14/2021 5:00,1,1
9/14/2021 6:00,1,1
9/14/2021 7:00,0,1
9/14/2021 8:00,0,1
9/14/2021 9:00,0,1
9/14/2021 10:00,0,1
9/14/2021 11:00,0,1
9/14/2021 12:00,0,1
9/14/2021 13:00,0,1
9/14/2021 14:00,0,1
9/14/2021 15:00,0,0
9/14/2021 16:00,0,1
9/14/2021 17:00,0,0
9/14/2021 18:00,0,0
9/14/2021 19:00,0,0
9/14/2021 20:00,0,1
9/14/2021 21:00,0,1
9/14/2021 22:00,1,0
9/14/2021 23:00,1,0
9/15/2021 0:00,0,1
9/15/2021 1:00,1,1
9/15/2021 2:00,0,1
9/15/2021 3:00,0,1
9/15/2021 4:00,0,1
9/15/2021 5:00,0,1
9/15/2021 6:00,0,1
9/15/2021 7:00,0,1
9/15/2021 8:00,0,1
9/15/2021 9:00,0,1
9/15/2021 10:00,0,1
9/15/2021 11:00,0,0
9/15/2021 12:00,0,0
9/15/2021 13:00,1,0
9/15/2021 14:00,0,0
9/15/2021 15:00,0,0
9/15/2021 16:00,0,1
9/15/2021 17:00,0,0
9/15/2021 18:00,0,0
9/15/2021 19:00,0,1
9/15/2021 20:00,0,1
9/15/2021 21:00,0,1
9/15/2021 22:00,0,1
9/15/2021 23:00,1,0
9/16/2021 0:00,1,0
9/16/2021 1:00,0,0
9/16/2021 2:00,0,1
9/16/2021 3:00,0,1
9/16/2021 4:00,0,1
9/16/2021 5:00,0,1
9/16/2021 6:00,0,1
9/16/2021 7:00,0,0
9/16/2021 8:00,0,1
9/16/2021 9:00,0,0
9/16/2021 10:00,0,1
9/16/2021 11:00,0,1
9/16/2021 12:00,0,1
9/16/2021 13:00,0,1
9/16/2021 14:00,1,0
9/16/2021 15:00,1,0
9/16/2021 16:00,1,0
9/16/2021 17:00,0,0
9/16/2021 18:00,0,0
9/16/2021 19:00,0,1
9/16/2021 20:00,0,1
9/16/2021 21:00,0,1
9/16/2021 22:00,0,0
9/16/2021 23:00,0,1
9/17/2021 0:00,0,1
9/17/2021 1:00,0,0
9/17/2021 2:00,1,0
9/17/2021 3:00,0,1
9/17/2021 4:00,1,0
9/17/2021 5:00,0,0
9/17/2021 6:00,1,0
9/17/2021 7:00,0,0
9/17/2021 8:00,0,0
9/17/2021 9:00,0,1
9/17/2021 10:00,1,0
9/17/2021 11:00,0,0
9/17/2021 12:00,0,0
9/17/2021 13:00,1,0
9/17/2021 14:00,0,0
9/17/2021 15:00,1,0
9/17/2021 16:00,1,0
9/17/2021 17:00,1,0
9/17/2021 18:00,0,0
9/17/2021 19:00,0,0
9/17/2021 20:00,0,0
9/17/2021 21:00,0,0
9/17/2021 22:00,0,0
9/17/2021 23:00,0,0
9/18/2021 0:00,0,1
9/18/2021 1:00,0,1
9/18/2021 2:00,0,1
9/18/2021 3:00,0,1
9/18/2021 4:00,1,0
9/18/2021 5:00,1,0
9/18/2021 6:00,1,0
9/18/2021 7:00,1,0
9/18/2021 8:00,1,0
9/18/2021 9:00,0,1
9/18/2021 10:00,0,1
9/18/2021 11:00,0,1
9/18/2021 12:00,0,1
9/18/2021 13:00,1,0
9/18/2021 14:00,0,0
9/18/2021 15:00,0,0
9/18/2021 16:00,1,0
9/18/2021 17:00,0,0
9/18/2021 18:00,0,0
9/18/2021 19:00,0,0
9/18/2021 20:00,0,1
9/18/2021 21:00,0,1
9/18/2021 22:00,1,0
9/18/2021 23:00,0,1
9/19/2021 0:00,0,1
9/19/2021 1:00,1,1
9/19/2021 2:00,0,1
9/19/2021 3:00,0,1
9/19/2021 4:00,0,1
9/19/2021 5:00,0,1
9/19/2021 6:00,0,1
9/19/2021 7:00,0,1
9/19/2021 8:00,0,0
9/19/2021 9:00,0,1
9/19/2021 10:00,0,1
9/19/2021 11:00,0,1
9/19/2021 12:00,0,1
9/19/2021 13:00,1,0
9/19/2021 14:00,1,0
9/19/2021 15:00,0,0
9/19/2021 16:00,0,1
9/19/2021 17:00,0,1
9/19/2021 18:00,0,1
9/19/2021 19:00,1,1
9/19/2021 20:00,1,0
9/19/2021 21:00,1,0
9/19/2021 22:00,1,0
9/19/2021 23:00,1,0
9/20/2021 0:00,1,0
9/20/2021 1:00,1,0
9/20/2021 2:00,1,0
9/20/2021 3:00,1,0
9/20/2021 4:00,1,0
9/20/2021 5:00,1,0
9/20/2021 6:00,0,1
9/20/2021 7:00,0,1
9/20/2021 8:00,1,0
9/20/2021 9:00,1,0
9/20/2021 10:00,1,0
9/20/2021 11:00,1,0
9/20/2021 12:00,1,0
9/20/2021 13:00,0,0
9/20/2021 14:00,1,0
9/20/2021 15:00,1,0
9/20/2021 16:00,0,1
9/20/2021 17:00,1,0
9/20/2021 18:00,1,0
9/20/2021 19:00,1,0
9/20/2021 20:00,1,0
9/20/2021 21:00,1,0
9/20/2021 22:00,0,0
9/20/2021 23:00,1,0
9/21/2021 0:00,1,0
9/21/2021 1:00,1,0
9/21/2021 2:00,0,1
9/21/2021 3:00,0,1
9/21/2021 4:00,1,0
9/21/2021 5:00,1,0
9/21/2021 6:00,0,1
9/21/2021 7:00,1,1
9/21/2021 8:00,0,1
9/21/2021 9:00,0,1
9/21/2021 10:00,1,0
9/21/2021 11:00,0,0
9/21/2021 12:00,0,1
9/21/2021 13:00,0,1
9/21/2021 14:00,0,1
9/21/2021 15:00,0,1
9/21/2021 16:00,0,0
9/21/2021 17:00,0,1
9/21/2021 18:00,1,0
9/21/2021 19:00,1,0
9/21/2021 20:00,1,0
9/21/2021 21:00,1,0
9/21/2021 22:00,1,0
9/21/2021 23:00,1,0
9/22/2021 0:00,1,0
9/22/2021 1:00,1,0
9/22/2021 2:00,0,1
9/22/2021 3:00,0,1
9/22/2021 4:00,0,1
9/22/2021 5:00,0,1
9/22/2021 6:00,0,1
9/22/2021 7:00,1,1
9/22/2021 8:00,1,1
9/22/2021 9:00,1,0
9/22/2021 10:00,0,1
9/22/2021 11:00,1,0
9/22/2021 12:00,0,0
9/22/2021 13:00,0,0
9/22/2021 14:00,0,1
9/22/2021 15:00,0,1
9/22/2021 16:00,0,1
9/22/2021 17:00,0,1
9/22/2021 18:00,0,1
9/22/2021 19:00,1,0
9/22/2021 20:00,1,0
9/22/2021 21:00,1,0
9/22/2021 22:00,0,1
9/22/2021 23:00,1,0
9/23/2021 0:00,1,0
9/23/2021 1:00,1,0
9/23/2021 2:00,1,1
9/23/2021 3:00,0,1
9/23/2021 4:00,0,1
9/23/2021 5:00,0,1
9/23/2021 6:00,0,1
9/23/2021 7:00,1,0
9/23/2021 8:00,1,0
9/23/2021 9:00,1,0
9/23/2021 10:00,1,0
9/23/2021 11:00,1,0
9/23/2021 12:00,1,0
9/23/2021 13:00,1,0
9/23/2021 14:00,0,1
9/23/2021 15:00,0,1
9/23/2021 16:00,0,1
9/23/2021 17:00,1,0
9/23/2021 18:00,0,1
9/23/2021 19:00,1,1
9/23/2021 20:00,1,0
9/23/2021 21:00,1,0
9/23/2021 22:00,1,0
9/23/2021 23:00,1,0
9/24/2021 0:00,1,0
9/24/2021 1:00,1,0
9/24/2021 2:00,1,0
9/24/2021 3:00,1,1
9/24/2021 4:00,0,1
9/24/2021 5:00,1,0
9/24/2021 6:00,0,0
9/24/2021 7:00,1,0
9/24/2021 8:00,1,0
9/24/2021 9:00,1,0
9/24/2021 10:00,0,1
9/24/2021 11:00,0,1
9/24/2021 12:00,0,1
9/24/2021 13:00,1,0
9/24/2021 14:00,1,0
9/24/2021 15:00,0,1
9/24/2021 16:00,1,0
9/24/2021 17:00,1,0
9/24/2021 18:00,1,0
9/24/2021 19:00,1,0
9/24/2021 20:00,1,0
9/24/2021 21:00,0,0
9/24/2021 22:00,0,0
9/24/2021 23:00,1,0
9/25/2021 0:00,1,0
9/25/2021 1:00,1,0
9/25/2021 2:00,1,0
9/25/2021 3:00,1,0
9/25/2021 4:00,1,0
9/25/2021 5:00,0,1
9/25/2021 6:00,1,1
9/25/2021 7:00,0,1
9/25/2021 8:00,0,1
9/25/2021 9:00,1,0
9/25/2021 10:00,0,1
9/25/2021 11:00,1,1
9/25/2021 12:00,0,0
9/25/2021 13:00,1,0
9/25/2021 14:00,1,0
9/25/2021 15:00,1,0
9/25/2021 16:00,0,0
9/25/2021 17:00,0,0
9/25/2021 18:00,1,0
9/25/2021 19:00,0,0
9/25/2021 20:00,1,0
9/25/2021 21:00,1,0
9/25/2021 22:00,1,0
9/25/2021 23:00,1,0
9/26/2021 0:00,1,0
9/26/2021 1:00,1,0
9/26/2021 2:00,1,0
9/26/2021 3:00,1,0
9/26/2021 4:00,0,1
9/26/2021 5:00,1,1
9/26/2021 6:00,0,1
9/26/2021 7:00,0,1
9/26/2021 8:00,1,0
9/26/2021 9:00,0,1
9/26/2021 10:00,0,1
9/26/2021 11:00,1,0
9/26/2021 12:00,0,1
9/26/2021 13:00,0,1
9/26/2021 14:00,0,1
9/26/2021 15:00,0,1
9/26/2021 16:00,0,1
9/26/2021 17:00,0,1
9/26/2021 18:00,0,1
9/26/2021 19:00,0,1
9/26/2021 20:00,0,1
9/26/2021 21:00,0,1
9/26/2021 22:00,1,0
9/26/2021 23:00,1,1
9/27/2021 0:00,0,0
9/27/2021 1:00,1,0
9/27/2021 2:00,1,0
9/27/2021 3:00,0,1
9/27/2021 4:00,1,0
9/27/2021 5:00,0,1
9/27/2021 6:00,1,1
9/27/2021 7:00,0,1
9/27/2021 8:00,0,1
9/27/2021 9:00,0,1
9/27/2021 10:00,0,1
9/27/2021 11:00,0,1
9/27/2021 12:00,1,1
9/27/2021 13:00,0,0
9/27/2021 14:00,0,1
9/27/2021 15:00,1,0
9/27/2021 16:00,1,0
9/27/2021 17:00,1,0
9/27/2021 18:00,0,0
9/27/2021 19:00,0,0
9/27/2021 20:00,0,1
9/27/2021 21:00,1,1
9/27/2021 22:00,1,0
9/27/2021 23:00,1,0
9/28/2021 0:00,1,0
9/28/2021 1:00,1,0
9/28/2021 2:00,0,1
9/28/2021 3:00,0,1
9/28/2021 4:00,0,1
9/28/2021 5:00,1,1
9/28/2021 6:00,1,0
9/28/2021 7:00,1,0
9/28/2021 8:00,0,1
9/28/2021 9:00,0,0
9/28/2021 10:00,0,0
9/28/2021 11:00,1,1
9/28/2021 12:00,1,0
9/28/2021 13:00,1,0
9/28/2021 14:00,1,1
9/28/2021 15:00,0,0
9/28/2021 16:00,N/A,N/A
9/28/2021 17:00,N/A,N/A
9/28/2021 18:00,N/A,N/A
9/28/2021 19:00,N/A,N/A
9/28/2021 20:00,N/A,N/A
9/28/2021 21:00,N/A,N/A
9/28/2021 22:00,N/A,N/A
9/28/2021 23:00,N/A,N/A
9/29/2021 0:00,N/A,N/A
9/29/2021 1:00,N/A,N/A
9/29/2021 2:00,N/A,N/A
9/29/2021 3:00,N/A,N/A
9/29/2021 4:00,N/A,N/A
9/29/2021 5:00,N/A,N/A
9/29/2021 6:00,N/A,N/A
9/29/2021 7:00,N/A,N/A
9/29/2021 8:00,N/A,N/A
9/29/2021 9:00,N/A,N/A
9/29/2021 10:00,N/A,N/A
9/29/2021 11:00,N/A,N/A
9/29/2021 12:00,N/A,N/A
9/29/2021 13:00,N/A,N/A
9/29/2021 14:00,N/A,N/A
9/29/2021 15:00,N/A,N/A
9/29/2021 16:00,N/A,N/A
9/29/2021 17:00,N/A,N/A
9/29/2021 18:00,N/A,N/A
9/29/2021 19:00,N/A,N/A
9/29/2021 20:00,N/A,N/A
9/29/2021 21:00,N/A,N/A
9/29/2021 22:00,N/A,N/A
9/29/2021 23:00,N/A,N/A
9/30/2021 0:00,N/A,N/A
9/30/2021 1:00,N/A,N/A
9/30/2021 2:00,N/A,N/A
9/30/2021 3:00,N/A,N/A
9/30/2021 4:00,N/A,N/A
9/30/2021 5:00,N/A,N/A
9/30/2021 6:00,N/A,N/A
9/30/2021 7:00,N/A,N/A
9/30/2021 8:00,N/A,N/A
9/30/2021 9:00,N/A,N/A
9/30/2021 10:00,N/A,N/A
9/30/2021 11:00,N/A,N/A
9/30/2021 12:00,N/A,N/A
9/30/2021 13:00,N/A,N/A
9/30/2021 14:00,N/A,N/A
9/30/2021 15:00,N/A,N/A
9/30/2021 16:00,N/A,N/A
9/30/2021 17:00,N/A,N/A
9/30/2021 18:00,N/A,N/A
9/30/2021 19:00,N/A,N/A
9/30/2021 20:00,N/A,N/A
9/30/2021 21:00,N/A,N/A
9/30/2021 22:00,N/A,N/A
9/30/2021 23:00,N/A,N/A
10/1/2021 0:00,N/A,N/A
10/1/2021 1:00,N/A,N/A
10/1/2021 2:00,N/A,N/A
10/1/2021 3:00,N/A,N/A
10/1/2021 4:00,N/A,N/A
10/1/2021 5:00,N/A,N/A
10/1/2021 6:00,N/A,N/A
10/1/2021 7:00,N/A,N/A
10/1/2021 8:00,N/A,N/A
10/1/2021 9:00,N/A,N/A
10/1/2021 10:00,N/A,N/A
10/1/2021 11:00,N/A,N/A
10/1/2021 12:00,N/A,N/A
10/1/2021 13:00,N/A,N/A
10/1/2021 14:00,N/A,N/A
10/1/2021 15:00,N/A,N/A
10/1/2021 16:00,N/A,N/A
10/1/2021 17:00,N/A,N/A
10/1/2021 18:00,N/A,N/A
10/1/2021 19:00,N/A,N/A
10/1/2021 20:00,N/A,N/A
10/1/2021 21:00,N/A,N/A
10/1/2021 22:00,N/A,N/A
10/1/2021 23:00,N/A,N/A
10/2/2021 0:00,N/A,N/A
10/2/2021 1:00,N/A,N/A
10/2/2021 2:00,N/A,N/A
10/2/2021 3:00,N/A,N/A
10/2/2021 4:00,N/A,N/A
10/2/2021 5:00,N/A,N/A
10/2/2021 6:00,N/A,N/A
10/2/2021 7:00,N/A,N/A
10/2/2021 8:00,N/A,N/A
10/2/2021 9:00,N/A,N/A
10/2/2021 10:00,N/A,N/A
10/2/2021 11:00,N/A,N/A
10/2/2021 12:00,N/A,N/A
10/2/2021 13:00,N/A,N/A
10/2/2021 14:00,N/A,N/A
10/2/2021 15:00,N/A,N/A
10/2/2021 16:00,N/A,N/A
10/2/2021 17:00,N/A,N/A
10/2/2021 18:00,N/A,N/A
10/2/2021 19:00,N/A,N/A
10/2/2021 20:00,N/A,N/A
10/2/2021 21:00,N/A,N/A
10/2/2021 22:00,N/A,N/A
10/2/2021 23:00,N/A,N/A
10/3/2021 0:00,N/A,N/A
10/3/2021 1:00,N/A,N/A
10/3/2021 2:00,N/A,N/A
10/3/2021 3:00,N/A,N/A
10/3/2021 4:00,N/A,N/A
10/3/2021 5:00,N/A,N/A
10/3/2021 6:00,N/A,N/A
10/3/2021 7:00,N/A,N/A
10/3/2021 8:00,N/A,N/A
10/3/2021 9:00,N/A,N/A
10/3/2021 10:00,N/A,N/A
10/3/2021 11:00,N/A,N/A
10/3/2021 12:00,N/A,N/A
10/3/2021 13:00,N/A,N/A
10/3/2021 14:00,N/A,N/A
10/3/2021 15:00,N/A,N/A
10/3/2021 16:00,N/A,N/A
10/3/2021 17:00,N/A,N/A
10/3/2021 18:00,N/A,N/A
10/3/2021 19:00,N/A,N/A
10/3/2021 20:00,N/A,N/A
10/3/2021 21:00,N/A,N/A
10/3/2021 22:00,N/A,N/A
10/3/2021 23:00,N/A,N/A
10/4/2021 0:00,N/A,N/A
10/4/2021 1:00,N/A,N/A
10/4/2021 2:00,N/A,N/A
10/4/2021 3:00,N/A,N/A
10/4/2021 4:00,N/A,N/A
10/4/2021 5:00,N/A,N/A
10/4/2021 6:00,N/A,N/A
10/4/2021 7:00,N/A,N/A
10/4/2021 8:00,N/A,N/A
10/4/2021 9:00,N/A,N/A
10/4/2021 10:00,N/A,N/A
10/4/2021 11:00,N/A,N/A
10/4/2021 12:00,N/A,N/A
10/4/2021 13:00,N/A,N/A
10/4/2021 14:00,N/A,N/A
10/4/2021 15:00,N/A,N/A
10/4/2021 16:00,N/A,N/A
10/4/2021 17:00,N/A,N/A
10/4/2021 18:00,N/A,N/A
10/4/2021 19:00,N/A,N/A
10/4/2021 20:00,N/A,N/A
10/4/2021 21:00,N/A,N/A
10/4/2021 22:00,N/A,N/A
10/4/2021 23:00,N/A,N/A
10/5/2021 0:00,N/A,N/A
10/5/2021 1:00,N/A,N/A
10/5/2021 2:00,N/A,N/A
10/5/2021 3:00,N/A,N/A
10/5/2021 4:00,N/A,N/A
10/5/2021 5:00,N/A,N/A
10/5/2021 6:00,N/A,N/A
10/5/2021 7:00,N/A,N/A
10/5/2021 8:00,N/A,N/A
10/5/2021 9:00,N/A,N/A
10/5/2021 10:00,N/A,N/A
10/5/2021 11:00,N/A,N/A
10/5/2021 12:00,N/A,N/A
10/5/2021 13:00,N/A,N/A
10/5/2021 14:00,N/A,N/A
10/5/2021 15:00,N/A,N/A
10/5/2021 16:00,N/A,N/A
10/5/2021 17:00,N/A,N/A
10/5/2021 18:00,N/A,N/A
10/5/2021 19:00,N/A,N/A
10/5/2021 20:00,N/A,N/A
10/5/2021 21:00,N/A,N/A
10/5/2021 22:00,N/A,N/A
10/5/2021 23:00,N/A,N/A
10/6/2021 0:00,N/A,N/A
10/6/2021 1:00,N/A,N/A
10/6/2021 2:00,N/A,N/A
10/6/2021 3:00,N/A,N/A
10/6/2021 4:00,N/A,N/A
10/6/2021 5:00,N/A,N/A
10/6/2021 6:00,N/A,N/A
10/6/2021 7:00,N/A,N/A
10/6/2021 8:00,N/A,N/A
10/6/2021 9:00,N/A,N/A
10/6/2021 10:00,N/A,N/A
10/6/2021 11:00,N/A,N/A
10/6/2021 12:00,N/A,N/A
10/6/2021 13:00,N/A,N/A
10/6/2021 14:00,N/A,N/A
10/6/2021 15:00,N/A,N/A
10/6/2021 16:00,N/A,N/A
10/6/2021 17:00,N/A,N/A
10/6/2021 18:00,N/A,N/A
10/6/2021 19:00,N/A,N/A
10/6/2021 20:00,N/A,N/A
10/6/2021 21:00,N/A,N/A
10/6/2021 22:00,N/A,N/A
10/6/2021 23:00,N/A,N/A
10/7/2021 0:00,N/A,N/A
10/7/2021 1:00,N/A,N/A
10/7/2021 2:00,N/A,N/A
10/7/2021 3:00,N/A,N/A
10/7/2021 4:00,N/A,N/A
10/7/2021 5:00,N/A,N/A
10/7/2021 6:00,N/A,N/A
10/7/2021 7:00,N/A,N/A
10/7/2021 8:00,N/A,N/A
10/7/2021 9:00,N/A,N/A
10/7/2021 10:00,N/A,N/A
10/7/2021 11:00,N/A,N/A
10/7/2021 12:00,N/A,N/A
10/7/2021 13:00,N/A,N/A
10/7/2021 14:00,N/A,N/A
10/7/2021 15:00,N/A,N/A
10/7/2021 16:00,N/A,N/A
10/7/2021 17:00,N/A,N/A
10/7/2021 18:00,N/A,N/A
10/7/2021 19:00,N/A,N/A
10/7/2021 20:00,N/A,N/A
10/7/2021 21:00,N/A,N/A
10/7/2021 22:00,N/A,N/A
10/7/2021 23:00,N/A,N/A
10/8/2021 0:00,N/A,N/A
10/8/2021 1:00,N/A,N/A
10/8/2021 2:00,N/A,N/A
10/8/2021 3:00,N/A,N/A
10/8/2021 4:00,N/A,N/A
10/8/2021 5:00,N/A,N/A
10/8/2021 6:00,N/A,N/A
10/8/2021 7:00,N/A,N/A
10/8/2021 8:00,N/A,N/A
10/8/2021 9:00,N/A,N/A
10/8/2021 10:00,N/A,N/A
10/8/2021 11:00,N/A,N/A
10/8/2021 12:00,N/A,N/A
10/8/2021 13:00,N/A,N/A
10/8/2021 14:00,N/A,N/A
10/8/2021 15:00,N/A,N/A
10/8/2021 16:00,N/A,N/A
10/8/2021 17:00,N/A,N/A
10/8/2021 18:00,N/A,N/A
10/8/2021 19:00,N/A,N/A
10/8/2021 20:00,N/A,N/A
10/8/2021 21:00,N/A,N/A
10/8/2021 22:00,N/A,N/A
10/8/2021 23:00,N/A,N/A
10/9/2021 0:00,N/A,N/A
10/9/2021 1:00,N/A,N/A
10/9/2021 2:00,N/A,N/A
10/9/2021 3:00,N/A,N/A
10/9/2021 4:00,N/A,N/A
10/9/2021 5:00,N/A,N/A
10/9/2021 6:00,N/A,N/A
10/9/2021 7:00,N/A,N/A
10/9/2021 8:00,N/A,N/A
10/9/2021 9:00,N/A,N/A
10/9/2021 10:00,N/A,N/A
10/9/2021 11:00,N/A,N/A
10/9/2021 12:00,N/A,N/A
10/9/2021 13:00,N/A,N/A
10/9/2021 14:00,N/A,N/A
10/9/2021 15:00,N/A,N/A
10/9/2021 16:00,N/A,N/A
10/9/2021 17:00,N/A,N/A
10/9/2021 18:00,N/A,N/A
10/9/2021 19:00,N/A,N/A
10/9/2021 20:00,N/A,N/A
10/9/2021 21:00,N/A,N/A
10/9/2021 22:00,N/A,N/A
10/9/2021 23:00,N/A,N/A
10/10/2021 0:00,N/A,N/A
10/10/2021 1:00,N/A,N/A
10/10/2021 2:00,N/A,N/A
10/10/2021 3:00,N/A,N/A
10/10/2021 4:00,N/A,N/A
10/10/2021 5:00,N/A,N/A
10/10/2021 6:00,N/A,N/A
10/10/2021 7:00,N/A,N/A
10/10/2021 8:00,N/A,N/A
10/10/2021 9:00,N/A,N/A
10/10/2021 10:00,N/A,N/A
10/10/2021 11:00,N/A,N/A
10/10/2021 12:00,N/A,N/A
10/10/2021 13:00,N/A,N/A
10/10/2021 14:00,N/A,N/A
10/10/2021 15:00,N/A,N/A
10/10/2021 16:00,N/A,N/A
10/10/2021 17:00,N/A,N/A
10/10/2021 18:00,N/A,N/A
10/10/2021 19:00,N/A,N/A
10/10/2021 20:00,N/A,N/A
10/10/2021 21:00,N/A,N/A
10/10/2021 22:00,N/A,N/A
10/10/2021 23:00,N/A,N/A
10/11/2021 0:00,N/A,N/A
10/11/2021 1:00,N/A,N/A
10/11/2021 2:00,N/A,N/A
10/11/2021 3:00,N/A,N/A
10/11/2021 4:00,N/A,N/A
10/11/2021 5:00,N/A,N/A
10/11/2021 6:00,N/A,N/A
10/11/2021 7:00,N/A,N/A
10/11/2021 8:00,N/A,N/A
10/11/2021 9:00,N/A,N/A
10/11/2021 10:00,N/A,N/A
10/11/2021 11:00,N/A,N/A
10/11/2021 12:00,N/A,N/A
10/11/2021 13:00,N/A,N/A
10/11/2021 14:00,N/A,N/A
10/11/2021 15:00,N/A,N/A
10/11/2021 16:00,N/A,N/A
10/11/2021 17:00,N/A,N/A
10/11/2021 18:00,N/A,N/A
10/11/2021 19:00,N/A,N/A
10/11/2021 20:00,N/A,N/A
10/11/2021 21:00,N/A,N/A
10/11/2021 22:00,N/A,N/A
10/11/2021 23:00,N/A,N/A
10/12/2021 0:00,N/A,N/A
10/12/2021 1:00,N/A,N/A
10/12/2021 2:00,N/A,N/A
10/12/2021 3:00,N/A,N/A
10/12/2021 4:00,N/A,N/A
10/12/2021 5:00,N/A,N/A
10/12/2021 6:00,N/A,N/A
10/12/2021 7:00,N/A,N/A
10/12/2021 8:00,N/A,N/A
10/12/2021 9:00,N/A,N/A
10/12/2021 10:00,N/A,N/A
10/12/2021 11:00,N/A,N/A
10/12/2021 12:00,N/A,N/A
10/12/2021 13:00,N/A,N/A
10/12/2021 14:00,N/A,N/A
10/12/2021 15:00,N/A,N/A
10/12/2021 16:00,N/A,N/A
10/12/2021 17:00,N/A,N/A
10/12/2021 18:00,N/A,N/A
10/12/2021 19:00,N/A,N/A
10/12/2021 20:00,N/A,N/A
10/12/2021 21:00,N/A,N/A
10/12/2021 22:00,N/A,N/A
10/12/2021 23:00,N/A,N/A
10/13/2021 0:00,N/A,N/A
10/13/2021 1:00,N/A,N/A
10/13/2021 2:00,N/A,N/A
10/13/2021 3:00,N/A,N/A
10/13/2021 4:00,N/A,N/A
10/13/2021 5:00,N/A,N/A
10/13/2021 6:00,N/A,N/A
10/13/2021 7:00,N/A,N/A
10/13/2021 8:00,N/A,N/A
10/13/2021 9:00,N/A,N/A
10/13/2021 10:00,N/A,N/A
10/13/2021 11:00,N/A,N/A
10/13/2021 12:00,N/A,N/A
10/13/2021 13:00,N/A,N/A
10/13/2021 14:00,N/A,N/A
10/13/2021 15:00,N/A,N/A
10/13/2021 16:00,N/A,N/A
10/13/2021 17:00,N/A,N/A
10/13/2021 18:00,N/A,N/A
10/13/2021 19:00,N/A,N/A
10/13/2021 20:00,N/A,N/A
10/13/2021 21:00,N/A,N/A
10/13/2021 22:00,N/A,N/A
10/13/2021 23:00,N/A,N/A
10/14/2021 0:00,N/A,N/A
10/14/2021 1:00,N/A,N/A
10/14/2021 2:00,N/A,N/A
10/14/2021 3:00,N/A,N/A
10/14/2021 4:00,N/A,N/A
10/14/2021 5:00,N/A,N/A
10/14/2021 6:00,N/A,N/A
10/14/2021 7:00,N/A,N/A
10/14/2021 8:00,N/A,N/A
10/14/2021 9:00,N/A,N/A
10/14/2021 10:00,N/A,N/A
10/14/2021 11:00,N/A,N/A
10/14/2021 12:00,N/A,N/A
10/14/2021 13:00,N/A,N/A
10/14/2021 14:00,N/A,N/A
10/14/2021 15:00,N/A,N/A
10/14/2021 16:00,N/A,N/A
10/14/2021 17:00,N/A,N/A
10/14/2021 18:00,N/A,N/A
10/14/2021 19:00,N/A,N/A
10/14/2021 20:00,N/A,N/A
10/14/2021 21:00,N/A,N/A
10/14/2021 22:00,N/A,N/A
10/14/2021 23:00,N/A,N/A
10/15/2021 0:00,N/A,N/A
10/15/2021 1:00,N/A,N/A
10/15/2021 2:00,N/A,N/A
10/15/2021 3:00,N/A,N/A
10/15/2021 4:00,N/A,N/A
10/15/2021 5:00,N/A,N/A
10/15/2021 6:00,N/A,N/A
10/15/2021 7:00,N/A,N/A
10/15/2021 8:00,N/A,N/A
10/15/2021 9:00,N/A,N/A
10/15/2021 10:00,N/A,N/A
10/15/2021 11:00,N/A,N/A
10/15/2021 12:00,N/A,N/A
10/15/2021 13:00,N/A,N/A
10/15/2021 14:00,N/A,N/A
10/15/2021 15:00,N/A,N/A
10/15/2021 16:00,N/A,N/A
10/15/2021 17:00,N/A,N/A
10/15/2021 18:00,N/A,N/A
10/15/2021 19:00,N/A,N/A
10/15/2021 20:00,N/A,N/A
10/15/2021 21:00,N/A,N/A
10/15/2021 22:00,N/A,N/A
10/15/2021 23:00,N/A,N/A
10/16/2021 0:00,N/A,N/A
10/16/2021 1:00,N/A,N/A
10/16/2021 2:00,N/A,N/A
10/16/2021 3:00,N/A,N/A
10/16/2021 4:00,N/A,N/A
10/16/2021 5:00,N/A,N/A
10/16/2021 6:00,N/A,N/A
10/16/2021 7:00,N/A,N/A
10/16/2021 8:00,N/A,N/A
10/16/2021 9:00,N/A,N/A
10/16/2021 10:00,N/A,N/A
10/16/2021 11:00,N/A,N/A
10/16/2021 12:00,N/A,N/A
10/16/2021 13:00,N/A,N/A
10/16/2021 14:00,N/A,N/A
10/16/2021 15:00,N/A,N/A
10/16/2021 16:00,N/A,N/A
10/16/2021 17:00,N/A,N/A
10/16/2021 18:00,N/A,N/A
10/16/2021 19:00,N/A,N/A
10/16/2021 20:00,N/A,N/A
10/16/2021 21:00,N/A,N/A
10/16/2021 22:00,N/A,N/A
10/16/2021 23:00,N/A,N/A
10/17/2021 0:00,N/A,N/A
10/17/2021 1:00,N/A,N/A
10/17/2021 2:00,N/A,N/A
10/17/2021 3:00,N/A,N/A
10/17/2021 4:00,N/A,N/A
10/17/2021 5:00,N/A,N/A
10/17/2021 6:00,N/A,N/A
10/17/2021 7:00,N/A,N/A
10/17/2021 8:00,N/A,N/A
10/17/2021 9:00,N/A,N/A
10/17/2021 10:00,N/A,N/A
10/17/2021 11:00,N/A,N/A
10/17/2021 12:00,N/A,N/A
10/17/2021 13:00,N/A,N/A
10/17/2021 14:00,N/A,N/A
10/17/2021 15:00,N/A,N/A
10/17/2021 16:00,N/A,N/A
10/17/2021 17:00,N/A,N/A
10/17/2021 18:00,N/A,N/A
10/17/2021 19:00,N/A,N/A
10/17/2021 20:00,N/A,N/A
10/17/2021 21:00,N/A,N/A
10/17/2021 22:00,N/A,N/A
10/17/2021 23:00,N/A,N/A
10/18/2021 0:00,N/A,N/A
10/18/2021 1:00,N/A,N/A
10/18/2021 2:00,N/A,N/A
10/18/2021 3:00,N/A,N/A
10/18/2021 4:00,N/A,N/A
10/18/2021 5:00,N/A,N/A
10/18/2021 6:00,N/A,N/A
10/18/2021 7:00,N/A,N/A
10/18/2021 8:00,N/A,N/A
10/18/2021 9:00,N/A,N/A
10/18/2021 10:00,N/A,N/A
10/18/2021 11:00,N/A,N/A
10/18/2021 12:00,N/A,N/A
10/18/2021 13:00,N/A,N/A
10/18/2021 14:00,N/A,N/A
10/18/2021 15:00,N/A,N/A
10/18/2021 16:00,N/A,N/A
10/18/2021 17:00,N/A,N/A
10/18/2021 18:00,N/A,N/A
10/18/2021 19:00,N/A,N/A
10/18/2021 20:00,N/A,N/A
10/18/2021 21:00,N/A,N/A
10/18/2021 22:00,N/A,N/A
10/18/2021 23:00,N/A,N/A
10/19/2021 0:00,N/A,N/A
10/19/2021 1:00,N/A,N/A
10/19/2021 2:00,N/A,N/A
10/19/2021 3:00,N/A,N/A
10/19/2021 4:00,N/A,N/A
10/19/2021 5:00,N/A,N/A
10/19/2021 6:00,N/A,N/A
10/19/2021 7:00,N/A,N/A
10/19/2021 8:00,N/A,N/A
10/19/2021 9:00,N/A,N/A
10/19/2021 10:00,N/A,N/A
10/19/2021 11:00,N/A,N/A
10/19/2021 12:00,N/A,N/A
10/19/2021 13:00,N/A,N/A
10/19/2021 14:00,N/A,N/A
10/19/2021 15:00,N/A,N/A
10/19/2021 16:00,N/A,N/A
10/19/2021 17:00,N/A,N/A
10/19/2021 18:00,N/A,N/A
10/19/2021 19:00,N/A,N/A
10/19/2021 20:00,N/A,N/A
10/19/2021 21:00,N/A,N/A
10/19/2021 22:00,N/A,N/A
10/19/2021 23:00,N/A,N/A
10/20/2021 0:00,N/A,N/A
10/20/2021 1:00,N/A,N/A
10/20/2021 2:00,N/A,N/A
10/20/2021 3:00,N/A,N/A
10/20/2021 4:00,N/A,N/A
10/20/2021 5:00,N/A,N/A
10/20/2021 6:00,N/A,N/A
10/20/2021 7:00,N/A,N/A
10/20/2021 8:00,N/A,N/A
10/20/2021 9:00,N/A,N/A
10/20/2021 10:00,N/A,N/A
10/20/2021 11:00,N/A,N/A
10/20/2021 12:00,N/A,N/A
10/20/2021 13:00,N/A,N/A
10/20/2021 14:00,N/A,N/A
10/20/2021 15:00,N/A,N/A
10/20/2021 16:00,N/A,N/A
10/20/2021 17:00,N/A,N/A
10/20/2021 18:00,N/A,N/A
10/20/2021 19:00,N/A,N/A
10/20/2021 20:00,N/A,N/A
10/20/2021 21:00,N/A,N/A
10/20/2021 22:00,N/A,N/A
10/20/2021 23:00,N/A,N/A
10/21/2021 0:00,N/A,N/A
10/21/2021 1:00,N/A,N/A
10/21/2021 2:00,N/A,N/A
10/21/2021 3:00,N/A,N/A
10/21/2021 4:00,N/A,N/A
10/21/2021 5:00,N/A,N/A
10/21/2021 6:00,N/A,N/A
10/21/2021 7:00,N/A,N/A
10/21/2021 8:00,N/A,N/A
10/21/2021 9:00,N/A,N/A
10/21/2021 10:00,N/A,N/A
10/21/2021 11:00,N/A,N/A
10/21/2021 12:00,N/A,N/A
10/21/2021 13:00,N/A,N/A
10/21/2021 14:00,N/A,N/A
10/21/2021 15:00,N/A,N/A
10/21/2021 16:00,N/A,N/A
10/21/2021 17:00,N/A,N/A
10/21/2021 18:00,N/A,N/A
10/21/2021 19:00,N/A,N/A
10/21/2021 20:00,N/A,N/A
10/21/2021 21:00,N/A,N/A
10/21/2021 22:00,N/A,N/A
10/21/2021 23:00,N/A,N/A
10/22/2021 0:00,N/A,N/A
10/22/2021 1:00,N/A,N/A
10/22/2021 2:00,N/A,N/A
10/22/2021 3:00,N/A,N/A
10/22/2021 4:00,N/A,N/A
10/22/2021 5:00,N/A,N/A
10/22/2021 6:00,N/A,N/A
10/22/2021 7:00,N/A,N/A
10/22/2021 8:00,N/A,N/A
10/22/2021 9:00,N/A,N/A
10/22/2021 10:00,N/A,N/A
10/22/2021 11:00,N/A,N/A
10/22/2021 12:00,N/A,N/A
10/22/2021 13:00,N/A,N/A
10/22/2021 14:00,N/A,N/A
10/22/2021 15:00,N/A,N/A
10/22/2021 16:00,N/A,N/A
10/22/2021 17:00,N/A,N/A
10/22/2021 18:00,N/A,N/A
10/22/2021 19:00,N/A,N/A
10/22/2021 20:00,N/A,N/A
10/22/2021 21:00,N/A,N/A
10/22/2021 22:00,N/A,N/A
10/22/2021 23:00,N/A,N/A
10/23/2021 0:00,N/A,N/A
10/23/2021 1:00,N/A,N/A
10/23/2021 2:00,N/A,N/A
10/23/2021 3:00,N/A,N/A
10/23/2021 4:00,N/A,N/A
10/23/2021 5:00,N/A,N/A
10/23/2021 6:00,N/A,N/A
10/23/2021 7:00,N/A,N/A
10/23/2021 8:00,N/A,N/A
10/23/2021 9:00,N/A,N/A
10/23/2021 10:00,N/A,N/A
10/23/2021 11:00,N/A,N/A
10/23/2021 12:00,N/A,N/A
10/23/2021 13:00,N/A,N/A
10/23/2021 14:00,N/A,N/A
10/23/2021 15:00,N/A,N/A
10/23/2021 16:00,N/A,N/A
10/23/2021 17:00,N/A,N/A
10/23/2021 18:00,N/A,N/A
10/23/2021 19:00,N/A,N/A
10/23/2021 20:00,N/A,N/A
10/23/2021 21:00,N/A,N/A
10/23/2021 22:00,N/A,N/A
10/23/2021 23:00,N/A,N/A
10/24/2021 0:00,N/A,N/A
10/24/2021 1:00,N/A,N/A
10/24/2021 2:00,N/A,N/A
10/24/2021 3:00,N/A,N/A
10/24/2021 4:00,N/A,N/A
10/24/2021 5:00,N/A,N/A
10/24/2021 6:00,N/A,N/A
10/24/2021 7:00,N/A,N/A
10/24/2021 8:00,N/A,N/A
10/24/2021 9:00,N/A,N/A
10/24/2021 10:00,N/A,N/A
10/24/2021 11:00,N/A,N/A
10/24/2021 12:00,N/A,N/A
10/24/2021 13:00,N/A,N/A
10/24/2021 14:00,N/A,N/A
10/24/2021 15:00,N/A,N/A
10/24/2021 16:00,N/A,N/A
10/24/2021 17:00,N/A,N/A
10/24/2021 18:00,N/A,N/A
10/24/2021 19:00,N/A,N/A
10/24/2021 20:00,N/A,N/A
10/24/2021 21:00,N/A,N/A
10/24/2021 22:00,N/A,N/A
10/24/2021 23:00,N/A,N/A
10/25/2021 0:00,N/A,N/A
10/25/2021 1:00,N/A,N/A
10/25/2021 2:00,N/A,N/A
10/25/2021 3:00,N/A,N/A
10/25/2021 4:00,N/A,N/A
10/25/2021 5:00,N/A,N/A
10/25/2021 6:00,N/A,N/A
10/25/2021 7:00,N/A,N/A
10/25/2021 8:00,N/A,N/A
10/25/2021 9:00,N/A,N/A
10/25/2021 10:00,N/A,N/A
10/25/2021 11:00,N/A,N/A
10/25/2021 12:00,N/A,N/A
10/25/2021 13:00,N/A,N/A
10/25/2021 14:00,N/A,N/A
10/25/2021 15:00,N/A,N/A
10/25/2021 16:00,N/A,N/A
10/25/2021 17:00,N/A,N/A
10/25/2021 18:00,N/A,N/A
10/25/2021 19:00,N/A,N/A
10/25/2021 20:00,N/A,N/A
10/25/2021 21:00,N/A,N/A
10/25/2021 22:00,N/A,N/A
10/25/2021 23:00,N/A,N/A
10/26/2021 0:00,N/A,N/A
10/26/2021 1:00,N/A,N/A
10/26/2021 2:00,N/A,N/A
10/26/2021 3:00,N/A,N/A
10/26/2021 4:00,N/A,N/A
10/26/2021 5:00,N/A,N/A
10/26/2021 6:00,N/A,N/A
10/26/2021 7:00,N/A,N/A
10/26/2021 8:00,N/A,N/A
10/26/2021 9:00,N/A,N/A
10/26/2021 10:00,N/A,N/A
10/26/2021 11:00,N/A,N/A
10/26/2021 12:00,N/A,N/A
10/26/2021 13:00,N/A,N/A
10/26/2021 14:00,N/A,N/A
10/26/2021 15:00,N/A,N/A
10/26/2021 16:00,N/A,N/A
10/26/2021 17:00,N/A,N/A
10/26/2021 18:00,N/A,N/A
10/26/2021 19:00,N/A,N/A
10/26/2021 20:00,N/A,N/A
10/26/2021 21:00,N/A,N/A
10/26/2021 22:00,N/A,N/A
10/26/2021 23:00,N/A,N/A
10/27/2021 0:00,N/A,N/A
10/27/2021 1:00,N/A,N/A
10/27/2021 2:00,N/A,N/A
10/27/2021 3:00,N/A,N/A
10/27/2021 4:00,N/A,N/A
10/27/2021 5:00,N/A,N/A
10/27/2021 6:00,N/A,N/A
10/27/2021 7:00,N/A,N/A
10/27/2021 8:00,N/A,N/A
10/27/2021 9:00,N/A,N/A
10/27/2021 10:00,N/A,N/A
10/27/2021 11:00,N/A,N/A
10/27/2021 12:00,N/A,N/A
10/27/2021 13:00,N/A,N/A
10/27/2021 14:00,N/A,N/A
10/27/2021 15:00,N/A,N/A
10/27/2021 16:00,N/A,N/A
10/27/2021 17:00,N/A,N/A
10/27/2021 18:00,N/A,N/A
10/27/2021 19:00,N/A,N/A
10/27/2021 20:00,N/A,N/A
10/27/2021 21:00,N/A,N/A
10/27/2021 22:00,N/A,N/A
10/27/2021 23:00,N/A,N/A
10/28/2021 0:00,N/A,N/A
10/28/2021 1:00,N/A,N/A
10/28/2021 2:00,N/A,N/A
10/28/2021 3:00,N/A,N/A
10/28/2021 4:00,N/A,N/A
10/28/2021 5:00,N/A,N/A
10/28/2021 6:00,N/A,N/A
10/28/2021 7:00,N/A,N/A
10/28/2021 8:00,N/A,N/A
10/28/2021 9:00,N/A,N/A
10/28/2021 10:00,N/A,N/A
10/28/2021 11:00,N/A,N/A
10/28/2021 12:00,N/A,N/A
10/28/2021 13:00,N/A,N/A
10/28/2021 14:00,N/A,N/A
10/28/2021 15:00,N/A,N/A
10/28/2021 16:00,N/A,N/A
10/28/2021 17:00,N/A,N/A
10/28/2021 18:00,N/A,N/A
10/28/2021 19:00,N/A,N/A
10/28/2021 20:00,N/A,N/A
10/28/2021 21:00,N/A,N/A
10/28/2021 22:00,N/A,N/A
10/28/2021 23:00,N/A,N/A
10/29/2021 0:00,N/A,N/A
10/29/2021 1:00,N/A,N/A
10/29/2021 2:00,N/A,N/A
10/29/2021 3:00,N/A,N/A
10/29/2021 4:00,N/A,N/A
10/29/2021 5:00,N/A,N/A
10/29/2021 6:00,N/A,N/A
10/29/2021 7:00,N/A,N/A
10/29/2021 8:00,N/A,N/A
10/29/2021 9:00,N/A,N/A
10/29/2021 10:00,N/A,N/A
10/29/2021 11:00,N/A,N/A
10/29/2021 12:00,N/A,N/A
10/29/2021 13:00,N/A,N/A
10/29/2021 14:00,N/A,N/A
10/29/2021 15:00,N/A,N/A
10/29/2021 16:00,N/A,N/A
10/29/2021 17:00,N/A,N/A
10/29/2021 18:00,N/A,N/A
10/29/2021 19:00,N/A,N/A
10/29/2021 20:00,N/A,N/A
10/29/2021 21:00,N/A,N/A
10/29/2021 22:00,N/A,N/A
10/29/2021 23:00,N/A,N/A
10/30/2021 0:00,N/A,N/A
10/30/2021 1:00,N/A,N/A
10/30/2021 2:00,N/A,N/A
10/30/2021 3:00,N/A,N/A
10/30/2021 4:00,N/A,N/A
10/30/2021 5:00,N/A,N/A
10/30/2021 6:00,N/A,N/A
10/30/2021 7:00,N/A,N/A
10/30/2021 8:00,N/A,N/A
10/30/2021 9:00,N/A,N/A
10/30/2021 10:00,N/A,N/A
10/30/2021 11:00,N/A,N/A
10/30/2021 12:00,N/A,N/A
10/30/2021 13:00,N/A,N/A
10/30/2021 14:00,N/A,N/A
10/30/2021 15:00,N/A,N/A
10/30/2021 16:00,N/A,N/A
10/30/2021 17:00,N/A,N/A
10/30/2021 18:00,N/A,N/A
10/30/2021 19:00,N/A,N/A
10/30/2021 20:00,N/A,N/A
10/30/2021 21:00,N/A,N/A
10/30/2021 22:00,N/A,N/A
10/30/2021 23:00,N/A,N/A
10/31/2021 0:00,N/A,N/A
10/31/2021 1:00,N/A,N/A
10/31/2021 2:00,N/A,N/A
10/31/2021 3:00,N/A,N/A
10/31/2021 4:00,N/A,N/A
10/31/2021 5:00,N/A,N/A
10/31/2021 6:00,N/A,N/A
10/31/2021 7:00,N/A,N/A
10/31/2021 8:00,N/A,N/A
10/31/2021 9:00,N/A,N/A
10/31/2021 10:00,N/A,N/A
10/31/2021 11:00,N/A,N/A
10/31/2021 12:00,N/A,N/A
10/31/2021 13:00,N/A,N/A
10/31/2021 14:00,N/A,N/A
10/31/2021 15:00,N/A,N/A
10/31/2021 16:00,N/A,N/A
10/31/2021 17:00,N/A,N/A
10/31/2021 18:00,N/A,N/A
10/31/2021 19:00,N/A,N/A
10/31/2021 20:00,N/A,N/A
10/31/2021 21:00,N/A,N/A
10/31/2021 22:00,N/A,N/A
10/31/2021 23:00,N/A,N/A
11/1/2021 0:00,N/A,N/A
11/1/2021 1:00,N/A,N/A
11/1/2021 2:00,N/A,N/A
11/1/2021 3:00,N/A,N/A
11/1/2021 4:00,N/A,N/A
11/1/2021 5:00,N/A,N/A
11/1/2021 6:00,N/A,N/A
11/1/2021 7:00,N/A,N/A
11/1/2021 8:00,N/A,N/A
11/1/2021 9:00,N/A,N/A
11/1/2021 10:00,N/A,N/A
11/1/2021 11:00,N/A,N/A
11/1/2021 12:00,N/A,N/A
11/1/2021 13:00,N/A,N/A
11/1/2021 14:00,N/A,N/A
11/1/2021 15:00,N/A,N/A
11/1/2021 16:00,N/A,N/A
11/1/2021 17:00,N/A,N/A
11/1/2021 18:00,N/A,N/A
11/1/2021 19:00,N/A,N/A
11/1/2021 20:00,N/A,N/A
11/1/2021 21:00,N/A,N/A
11/1/2021 22:00,N/A,N/A
11/1/2021 23:00,N/A,N/A
11/2/2021 0:00,N/A,N/A
11/2/2021 1:00,N/A,N/A
11/2/2021 2:00,N/A,N/A
11/2/2021 3:00,N/A,N/A
11/2/2021 4:00,N/A,N/A
11/2/2021 5:00,N/A,N/A
11/2/2021 6:00,N/A,N/A
11/2/2021 7:00,N/A,N/A
11/2/2021 8:00,N/A,N/A
11/2/2021 9:00,N/A,N/A
11/2/2021 10:00,N/A,N/A
11/2/2021 11:00,N/A,N/A
11/2/2021 12:00,N/A,N/A
11/2/2021 13:00,N/A,N/A
11/2/2021 14:00,N/A,N/A
11/2/2021 15:00,N/A,N/A
11/2/2021 16:00,N/A,N/A
11/2/2021 17:00,N/A,N/A
11/2/2021 18:00,N/A,N/A
11/2/2021 19:00,N/A,N/A
11/2/2021 20:00,N/A,N/A
11/2/2021 21:00,N/A,N/A
11/2/2021 22:00,N/A,N/A
11/2/2021 23:00,N/A,N/A
11/3/2021 0:00,N/A,N/A
11/3/2021 1:00,N/A,N/A
11/3/2021 2:00,N/A,N/A
11/3/2021 3:00,N/A,N/A
11/3/2021 4:00,N/A,N/A
11/3/2021 5:00,N/A,N/A
11/3/2021 6:00,N/A,N/A
11/3/2021 7:00,N/A,N/A
11/3/2021 8:00,N/A,N/A
11/3/2021 9:00,N/A,N/A
11/3/2021 10:00,N/A,N/A
11/3/2021 11:00,N/A,N/A
11/3/2021 12:00,N/A,N/A
11/3/2021 13:00,N/A,N/A
11/3/2021 14:00,N/A,N/A
11/3/2021 15:00,N/A,N/A
11/3/2021 16:00,N/A,N/A
11/3/2021 17:00,N/A,N/A
11/3/2021 18:00,N/A,N/A
11/3/2021 19:00,N/A,N/A
11/3/2021 20:00,N/A,N/A
11/3/2021 21:00,N/A,N/A
11/3/2021 22:00,N/A,N/A
11/3/2021 23:00,N/A,N/A
11/4/2021 0:00,N/A,N/A
11/4/2021 1:00,N/A,N/A
11/4/2021 2:00,N/A,N/A
11/4/2021 3:00,N/A,N/A
11/4/2021 4:00,N/A,N/A
11/4/2021 5:00,N/A,N/A
11/4/2021 6:00,N/A,N/A
11/4/2021 7:00,N/A,N/A
11/4/2021 8:00,N/A,N/A
11/4/2021 9:00,N/A,N/A
11/4/2021 10:00,N/A,N/A
11/4/2021 11:00,N/A,N/A
11/4/2021 12:00,N/A,N/A
11/4/2021 13:00,N/A,N/A
11/4/2021 14:00,N/A,N/A
11/4/2021 15:00,N/A,N/A
11/4/2021 16:00,N/A,N/A
11/4/2021 17:00,N/A,N/A
11/4/2021 18:00,N/A,N/A
11/4/2021 19:00,N/A,N/A
11/4/2021 20:00,N/A,N/A
11/4/2021 21:00,N/A,N/A
11/4/2021 22:00,N/A,N/A
11/4/2021 23:00,N/A,N/A
11/5/2021 0:00,N/A,N/A
11/5/2021 1:00,N/A,N/A
11/5/2021 2:00,N/A,N/A
11/5/2021 3:00,N/A,N/A
11/5/2021 4:00,N/A,N/A
11/5/2021 5:00,N/A,N/A
11/5/2021 6:00,N/A,N/A
11/5/2021 7:00,N/A,N/A
11/5/2021 8:00,N/A,N/A
11/5/2021 9:00,N/A,N/A
11/5/2021 10:00,N/A,N/A
11/5/2021 11:00,N/A,N/A
11/5/2021 12:00,N/A,N/A
11/5/2021 13:00,N/A,N/A
11/5/2021 14:00,N/A,N/A
11/5/2021 15:00,N/A,N/A
11/5/2021 16:00,N/A,N/A
11/5/2021 17:00,N/A,N/A
11/5/2021 18:00,N/A,N/A
11/5/2021 19:00,N/A,N/A
11/5/2021 20:00,N/A,N/A
11/5/2021 21:00,N/A,N/A
11/5/2021 22:00,N/A,N/A
11/5/2021 23:00,N/A,N/A
11/6/2021 0:00,N/A,N/A
11/6/2021 1:00,N/A,N/A
11/6/2021 2:00,N/A,N/A
11/6/2021 3:00,N/A,N/A
11/6/2021 4:00,N/A,N/A
11/6/2021 5:00,N/A,N/A
11/6/2021 6:00,N/A,N/A
11/6/2021 7:00,N/A,N/A
11/6/2021 8:00,N/A,N/A
11/6/2021 9:00,N/A,N/A
11/6/2021 10:00,N/A,N/A
11/6/2021 11:00,N/A,N/A
11/6/2021 12:00,N/A,N/A
11/6/2021 13:00,N/A,N/A
11/6/2021 14:00,N/A,N/A
11/6/2021 15:00,N/A,N/A
11/6/2021 16:00,N/A,N/A
11/6/2021 17:00,N/A,N/A
11/6/2021 18:00,N/A,N/A
11/6/2021 19:00,N/A,N/A
11/6/2021 20:00,N/A,N/A
11/6/2021 21:00,N/A,N/A
11/6/2021 22:00,N/A,N/A
11/6/2021 23:00,N/A,N/A
11/7/2021 0:00,N/A,N/A
11/7/2021 1:00,N/A,N/A
11/7/2021 2:00,N/A,N/A
11/7/2021 3:00,N/A,N/A
11/7/2021 4:00,N/A,N/A
11/7/2021 5:00,N/A,N/A
11/7/2021 6:00,N/A,N/A
11/7/2021 7:00,N/A,N/A
11/7/2021 8:00,N/A,N/A
11/7/2021 9:00,N/A,N/A
11/7/2021 10:00,N/A,N/A
11/7/2021 11:00,N/A,N/A
11/7/2021 12:00,N/A,N/A
11/7/2021 13:00,N/A,N/A
11/7/2021 14:00,N/A,N/A
11/7/2021 15:00,N/A,N/A
11/7/2021 16:00,N/A,N/A
11/7/2021 17:00,N/A,N/A
11/7/2021 18:00,N/A,N/A
11/7/2021 19:00,N/A,N/A
11/7/2021 20:00,N/A,N/A
11/7/2021 21:00,N/A,N/A
11/7/2021 22:00,N/A,N/A
11/7/2021 23:00,N/A,N/A
11/8/2021 0:00,N/A,N/A
11/8/2021 1:00,N/A,N/A
11/8/2021 2:00,N/A,N/A
11/8/2021 3:00,N/A,N/A
11/8/2021 4:00,N/A,N/A
11/8/2021 5:00,N/A,N/A
11/8/2021 6:00,N/A,N/A
11/8/2021 7:00,N/A,N/A
11/8/2021 8:00,N/A,N/A
11/8/2021 9:00,N/A,N/A
11/8/2021 10:00,N/A,N/A
11/8/2021 11:00,N/A,N/A
11/8/2021 12:00,N/A,N/A
11/8/2021 13:00,N/A,N/A
11/8/2021 14:00,N/A,N/A
11/8/2021 15:00,N/A,N/A
11/8/2021 16:00,N/A,N/A
11/8/2021 17:00,N/A,N/A
11/8/2021 18:00,N/A,N/A
11/8/2021 19:00,N/A,N/A
11/8/2021 20:00,N/A,N/A
11/8/2021 21:00,N/A,N/A
11/8/2021 22:00,N/A,N/A
11/8/2021 23:00,N/A,N/A
11/9/2021 0:00,N/A,N/A
11/9/2021 1:00,N/A,N/A
11/9/2021 2:00,N/A,N/A
11/9/2021 3:00,N/A,N/A
11/9/2021 4:00,N/A,N/A
11/9/2021 5:00,N/A,N/A
11/9/2021 6:00,N/A,N/A
11/9/2021 7:00,N/A,N/A
11/9/2021 8:00,N/A,N/A
11/9/2021 9:00,N/A,N/A
11/9/2021 10:00,N/A,N/A
11/9/2021 11:00,N/A,N/A
11/9/2021 12:00,N/A,N/A
11/9/2021 13:00,N/A,N/A
11/9/2021 14:00,N/A,N/A
11/9/2021 15:00,N/A,N/A
11/9/2021 16:00,N/A,N/A
11/9/2021 17:00,N/A,N/A
11/9/2021 18:00,N/A,N/A
11/9/2021 19:00,N/A,N/A
11/9/2021 20:00,N/A,N/A
11/9/2021 21:00,N/A,N/A
11/9/2021 22:00,N/A,N/A
11/9/2021 23:00,N/A,N/A
11/10/2021 0:00,N/A,N/A
11/10/2021 1:00,N/A,N/A
11/10/2021 2:00,N/A,N/A
11/10/2021 3:00,N/A,N/A
11/10/2021 4:00,N/A,N/A
11/10/2021 5:00,N/A,N/A
11/10/2021 6:00,N/A,N/A
11/10/2021 7:00,N/A,N/A
11/10/2021 8:00,N/A,N/A
11/10/2021 9:00,N/A,N/A
11/10/2021 10:00,N/A,N/A
11/10/2021 11:00,N/A,N/A
11/10/2021 12:00,N/A,N/A
11/10/2021 13:00,N/A,N/A
11/10/2021 14:00,N/A,N/A
11/10/2021 15:00,N/A,N/A
11/10/2021 16:00,N/A,N/A
11/10/2021 17:00,N/A,N/A
11/10/2021 18:00,N/A,N/A
11/10/2021 19:00,N/A,N/A
11/10/2021 20:00,N/A,N/A
11/10/2021 21:00,N/A,N/A
11/10/2021 22:00,N/A,N/A
11/10/2021 23:00,N/A,N/A
11/11/2021 0:00,N/A,N/A
11/11/2021 1:00,N/A,N/A
11/11/2021 2:00,N/A,N/A
11/11/2021 3:00,N/A,N/A
11/11/2021 4:00,N/A,N/A
11/11/2021 5:00,N/A,N/A
11/11/2021 6:00,N/A,N/A
11/11/2021 7:00,N/A,N/A
11/11/2021 8:00,N/A,N/A
11/11/2021 9:00,N/A,N/A
11/11/2021 10:00,N/A,N/A
11/11/2021 11:00,N/A,N/A
11/11/2021 12:00,N/A,N/A
11/11/2021 13:00,N/A,N/A
11/11/2021 14:00,N/A,N/A
11/11/2021 15:00,N/A,N/A
11/11/2021 16:00,N/A,N/A
11/11/2021 17:00,N/A,N/A
11/11/2021 18:00,N/A,N/A
11/11/2021 19:00,N/A,N/A
11/11/2021 20:00,N/A,N/A
11/11/2021 21:00,N/A,N/A
11/11/2021 22:00,N/A,N/A
11/11/2021 23:00,N/A,N/A
11/12/2021 0:00,N/A,N/A
11/12/2021 1:00,N/A,N/A
11/12/2021 2:00,N/A,N/A
11/12/2021 3:00,N/A,N/A
11/12/2021 4:00,N/A,N/A
11/12/2021 5:00,N/A,N/A
11/12/2021 6:00,N/A,N/A
11/12/2021 7:00,N/A,N/A
11/12/2021 8:00,N/A,N/A
11/12/2021 9:00,N/A,N/A
11/12/2021 10:00,N/A,N/A
11/12/2021 11:00,N/A,N/A
11/12/2021 12:00,N/A,N/A
11/12/2021 13:00,N/A,N/A
11/12/2021 14:00,N/A,N/A
11/12/2021 15:00,N/A,N/A
11/12/2021 16:00,N/A,N/A
11/12/2021 17:00,N/A,N/A
11/12/2021 18:00,N/A,N/A
11/12/2021 19:00,N/A,N/A
11/12/2021 20:00,N/A,N/A
11/12/2021 21:00,N/A,N/A
11/12/2021 22:00,N/A,N/A
11/12/2021 23:00,N/A,N/A
11/13/2021 0:00,N/A,N/A
11/13/2021 1:00,N/A,N/A
11/13/2021 2:00,N/A,N/A
11/13/2021 3:00,N/A,N/A
11/13/2021 4:00,N/A,N/A
11/13/2021 5:00,N/A,N/A
11/13/2021 6:00,N/A,N/A
11/13/2021 7:00,N/A,N/A
11/13/2021 8:00,N/A,N/A
11/13/2021 9:00,N/A,N/A
11/13/2021 10:00,N/A,N/A
11/13/2021 11:00,N/A,N/A
11/13/2021 12:00,N/A,N/A
11/13/2021 13:00,N/A,N/A
11/13/2021 14:00,N/A,N/A
11/13/2021 15:00,N/A,N/A
11/13/2021 16:00,N/A,N/A
11/13/2021 17:00,N/A,N/A
11/13/2021 18:00,N/A,N/A
11/13/2021 19:00,N/A,N/A
11/13/2021 20:00,N/A,N/A
11/13/2021 21:00,N/A,N/A
11/13/2021 22:00,N/A,N/A
11/13/2021 23:00,N/A,N/A
11/14/2021 0:00,N/A,N/A
11/14/2021 1:00,N/A,N/A
11/14/2021 2:00,N/A,N/A
11/14/2021 3:00,N/A,N/A
11/14/2021 4:00,N/A,N/A
11/14/2021 5:00,N/A,N/A
11/14/2021 6:00,N/A,N/A
11/14/2021 7:00,N/A,N/A
11/14/2021 8:00,N/A,N/A
11/14/2021 9:00,N/A,N/A
11/14/2021 10:00,N/A,N/A
11/14/2021 11:00,N/A,N/A
11/14/2021 12:00,N/A,N/A
11/14/2021 13:00,N/A,N/A
11/14/2021 14:00,N/A,N/A
11/14/2021 15:00,N/A,N/A
11/14/2021 16:00,N/A,N/A
11/14/2021 17:00,N/A,N/A
11/14/2021 18:00,N/A,N/A
11/14/2021 19:00,N/A,N/A
11/14/2021 20:00,N/A,N/A
11/14/2021 21:00,N/A,N/A
11/14/2021 22:00,N/A,N/A
11/14/2021 23:00,N/A,N/A
11/15/2021 0:00,N/A,N/A
11/15/2021 1:00,N/A,N/A
11/15/2021 2:00,N/A,N/A
11/15/2021 3:00,N/A,N/A
11/15/2021 4:00,N/A,N/A
11/15/2021 5:00,N/A,N/A
11/15/2021 6:00,N/A,N/A
11/15/2021 7:00,N/A,N/A
11/15/2021 8:00,N/A,N/A
11/15/2021 9:00,N/A,N/A
11/15/2021 10:00,N/A,N/A
11/15/2021 11:00,N/A,N/A
11/15/2021 12:00,N/A,N/A
11/15/2021 13:00,N/A,N/A
11/15/2021 14:00,N/A,N/A
11/15/2021 15:00,N/A,N/A
11/15/2021 16:00,N/A,N/A
11/15/2021 17:00,N/A,N/A
11/15/2021 18:00,N/A,N/A
11/15/2021 19:00,N/A,N/A
11/15/2021 20:00,N/A,N/A
11/15/2021 21:00,N/A,N/A
11/15/2021 22:00,N/A,N/A
11/15/2021 23:00,N/A,N/A
11/16/2021 0:00,N/A,N/A
11/16/2021 1:00,N/A,N/A
11/16/2021 2:00,N/A,N/A
11/16/2021 3:00,N/A,N/A
11/16/2021 4:00,N/A,N/A
11/16/2021 5:00,N/A,N/A
11/16/2021 6:00,N/A,N/A
11/16/2021 7:00,N/A,N/A
11/16/2021 8:00,N/A,N/A
11/16/2021 9:00,N/A,N/A
11/16/2021 10:00,N/A,N/A
11/16/2021 11:00,N/A,N/A
11/16/2021 12:00,N/A,N/A
11/16/2021 13:00,N/A,N/A
11/16/2021 14:00,N/A,N/A
11/16/2021 15:00,N/A,N/A
11/16/2021 16:00,N/A,N/A
11/16/2021 17:00,N/A,N/A
11/16/2021 18:00,N/A,N/A
11/16/2021 19:00,N/A,N/A
11/16/2021 20:00,N/A,N/A
11/16/2021 21:00,N/A,N/A
11/16/2021 22:00,N/A,N/A
11/16/2021 23:00,N/A,N/A
11/17/2021 0:00,N/A,N/A
11/17/2021 1:00,N/A,N/A
11/17/2021 2:00,N/A,N/A
11/17/2021 3:00,N/A,N/A
11/17/2021 4:00,N/A,N/A
11/17/2021 5:00,N/A,N/A
11/17/2021 6:00,N/A,N/A
11/17/2021 7:00,N/A,N/A
11/17/2021 8:00,N/A,N/A
11/17/2021 9:00,N/A,N/A
11/17/2021 10:00,N/A,N/A
11/17/2021 11:00,N/A,N/A
11/17/2021 12:00,N/A,N/A
11/17/2021 13:00,N/A,N/A
11/17/2021 14:00,N/A,N/A
11/17/2021 15:00,N/A,N/A
11/17/2021 16:00,N/A,N/A
11/17/2021 17:00,N/A,N/A
11/17/2021 18:00,N/A,N/A
11/17/2021 19:00,N/A,N/A
11/17/2021 20:00,N/A,N/A
11/17/2021 21:00,N/A,N/A
11/17/2021 22:00,N/A,N/A
11/17/2021 23:00,N/A,N/A
11/18/2021 0:00,N/A,N/A
11/18/2021 1:00,N/A,N/A
11/18/2021 2:00,N/A,N/A
11/18/2021 3:00,N/A,N/A
11/18/2021 4:00,N/A,N/A
11/18/2021 5:00,N/A,N/A
11/18/2021 6:00,N/A,N/A
11/18/2021 7:00,N/A,N/A
11/18/2021 8:00,N/A,N/A
11/18/2021 9:00,N/A,N/A
11/18/2021 10:00,N/A,N/A
11/18/2021 11:00,N/A,N/A
11/18/2021 12:00,N/A,N/A
11/18/2021 13:00,N/A,N/A
11/18/2021 14:00,N/A,N/A
11/18/2021 15:00,N/A,N/A
11/18/2021 16:00,N/A,N/A
11/18/2021 17:00,N/A,N/A
11/18/2021 18:00,N/A,N/A
11/18/2021 19:00,N/A,N/A
11/18/2021 20:00,N/A,N/A
11/18/2021 21:00,N/A,N/A
11/18/2021 22:00,N/A,N/A
11/18/2021 23:00,N/A,N/A
11/19/2021 0:00,N/A,N/A
11/19/2021 1:00,N/A,N/A
11/19/2021 2:00,N/A,N/A
11/19/2021 3:00,N/A,N/A
11/19/2021 4:00,N/A,N/A
11/19/2021 5:00,N/A,N/A
11/19/2021 6:00,N/A,N/A
11/19/2021 7:00,N/A,N/A
11/19/2021 8:00,N/A,N/A
11/19/2021 9:00,N/A,N/A
11/19/2021 10:00,N/A,N/A
11/19/2021 11:00,N/A,N/A
11/19/2021 12:00,N/A,N/A
11/19/2021 13:00,N/A,N/A
11/19/2021 14:00,N/A,N/A
11/19/2021 15:00,N/A,N/A
11/19/2021 16:00,N/A,N/A
11/19/2021 17:00,N/A,N/A
11/19/2021 18:00,N/A,N/A
11/19/2021 19:00,N/A,N/A
11/19/2021 20:00,N/A,N/A
11/19/2021 21:00,N/A,N/A
11/19/2021 22:00,N/A,N/A
11/19/2021 23:00,N/A,N/A
11/20/2021 0:00,N/A,N/A
11/20/2021 1:00,N/A,N/A
11/20/2021 2:00,N/A,N/A
11/20/2021 3:00,N/A,N/A
11/20/2021 4:00,N/A,N/A
11/20/2021 5:00,N/A,N/A
11/20/2021 6:00,N/A,N/A
11/20/2021 7:00,N/A,N/A
11/20/2021 8:00,N/A,N/A
11/20/2021 9:00,N/A,N/A
11/20/2021 10:00,N/A,N/A
11/20/2021 11:00,N/A,N/A
11/20/2021 12:00,N/A,N/A
11/20/2021 13:00,N/A,N/A
11/20/2021 14:00,N/A,N/A
11/20/2021 15:00,N/A,N/A
11/20/2021 16:00,N/A,N/A
11/20/2021 17:00,N/A,N/A
11/20/2021 18:00,N/A,N/A
11/20/2021 19:00,N/A,N/A
11/20/2021 20:00,N/A,N/A
11/20/2021 21:00,N/A,N/A
11/20/2021 22:00,N/A,N/A
11/20/2021 23:00,N/A,N/A
11/21/2021 0:00,N/A,N/A
11/21/2021 1:00,N/A,N/A
11/21/2021 2:00,N/A,N/A
11/21/2021 3:00,N/A,N/A
11/21/2021 4:00,N/A,N/A
11/21/2021 5:00,N/A,N/A
11/21/2021 6:00,N/A,N/A
11/21/2021 7:00,N/A,N/A
11/21/2021 8:00,N/A,N/A
11/21/2021 9:00,N/A,N/A
11/21/2021 10:00,N/A,N/A
11/21/2021 11:00,N/A,N/A
11/21/2021 12:00,N/A,N/A
11/21/2021 13:00,N/A,N/A
11/21/2021 14:00,N/A,N/A
11/21/2021 15:00,N/A,N/A
11/21/2021 16:00,N/A,N/A
11/21/2021 17:00,N/A,N/A
11/21/2021 18:00,N/A,N/A
11/21/2021 19:00,N/A,N/A
11/21/2021 20:00,N/A,N/A
11/21/2021 21:00,N/A,N/A
11/21/2021 22:00,N/A,N/A
11/21/2021 23:00,N/A,N/A
11/22/2021 0:00,N/A,N/A
11/22/2021 1:00,N/A,N/A
11/22/2021 2:00,N/A,N/A
11/22/2021 3:00,N/A,N/A
11/22/2021 4:00,N/A,N/A
11/22/2021 5:00,N/A,N/A
11/22/2021 6:00,N/A,N/A
11/22/2021 7:00,N/A,N/A
