Hour,Song Presence,Non Song Presence
11/14/2018 00:00,1,0
11/14/2018 01:00,1,0
11/14/2018 02:00,1,0
11/14/2018 03:00,1,0
11/14/2018 04:00,1,0
11/14/2018 05:00,1,0
11/14/2018 06:00,1,0
11/14/2018 07:00,0,0
11/14/2018 08:00,0,0
11/14/2018 09:00,0,0
11/14/2018 10:00,0,0
11/14/2018 11:00,1,0
11/14/2018 12:00,1,0
11/14/2018 13:00,1,0
11/14/2018 14:00,1,0
11/14/2018 15:00,0,0
11/14/2018 16:00,1,0
11/14/2018 17:00,1,0
11/14/2018 18:00,1,0
11/14/2018 19:00,1,0
11/14/2018 20:00,1,0
11/14/2018 21:00,0,0
11/14/2018 22:00,0,0
11/14/2018 23:00,0,0
11/15/2018 00:00,0,0
11/15/2018 01:00,1,0
11/15/2018 02:00,1,0
11/15/2018 03:00,1,0
11/15/2018 04:00,1,0
11/15/2018 05:00,1,0
11/15/2018 06:00,1,0
11/15/2018 07:00,1,0
11/15/2018 08:00,1,0
11/15/2018 09:00,0,0
11/15/2018 10:00,0,0
11/15/2018 11:00,0,0
11/15/2018 12:00,1,0
11/15/2018 13:00,1,0
11/15/2018 14:00,1,0
11/15/2018 15:00,1,0
11/15/2018 16:00,1,0
11/15/2018 17:00,1,0
11/15/2018 18:00,1,0
11/15/2018 19:00,1,0
11/15/2018 20:00,1,0
11/15/2018 21:00,1,0
11/15/2018 22:00,1,0
11/15/2018 23:00,0,0
11/16/2018 00:00,1,0
11/16/2018 01:00,1,0
11/16/2018 02:00,1,0
11/16/2018 03:00,1,0
11/16/2018 04:00,1,0
11/16/2018 05:00,1,0
11/16/2018 06:00,1,0
11/16/2018 07:00,1,0
11/16/2018 08:00,1,0
11/16/2018 09:00,1,0
11/16/2018 10:00,1,0
11/16/2018 11:00,1,0
11/16/2018 12:00,1,0
11/16/2018 13:00,1,0
11/16/2018 14:00,1,0
11/16/2018 15:00,1,0
11/16/2018 16:00,0,0
11/16/2018 17:00,0,0
11/16/2018 18:00,1,0
11/16/2018 19:00,1,0
11/16/2018 20:00,1,0
11/16/2018 21:00,1,0
11/16/2018 22:00,1,0
11/16/2018 23:00,0,0
11/17/2018 00:00,1,0
11/17/2018 01:00,1,0
11/17/2018 02:00,1,0
11/17/2018 03:00,1,0
11/17/2018 04:00,1,0
11/17/2018 05:00,1,0
11/17/2018 06:00,1,0
11/17/2018 07:00,1,0
11/17/2018 08:00,1,0
11/17/2018 09:00,1,0
11/17/2018 10:00,1,0
11/17/2018 11:00,0,0
11/17/2018 12:00,1,0
11/17/2018 13:00,1,0
11/17/2018 14:00,1,0
11/17/2018 15:00,1,0
11/17/2018 16:00,1,0
11/17/2018 17:00,1,0
11/17/2018 18:00,1,0
11/17/2018 19:00,1,0
11/17/2018 20:00,1,0
11/17/2018 21:00,1,0
11/17/2018 22:00,1,0
11/17/2018 23:00,1,0
11/18/2018 00:00,0,0
11/18/2018 01:00,0,0
11/18/2018 02:00,1,0
11/18/2018 03:00,1,0
11/18/2018 04:00,1,0
11/18/2018 05:00,1,0
11/18/2018 06:00,1,0
11/18/2018 07:00,1,0
11/18/2018 08:00,1,0
11/18/2018 09:00,1,0
11/18/2018 10:00,1,0
11/18/2018 11:00,1,0
11/18/2018 12:00,1,0
11/18/2018 13:00,1,0
11/18/2018 14:00,1,0
11/18/2018 15:00,1,0
11/18/2018 16:00,1,0
11/18/2018 17:00,1,0
11/18/2018 18:00,1,0
11/18/2018 19:00,1,0
11/18/2018 20:00,1,0
11/18/2018 21:00,1,0
11/18/2018 22:00,0,0
11/18/2018 23:00,0,0
11/19/2018 00:00,0,0
11/19/2018 01:00,0,0
11/19/2018 02:00,1,0
11/19/2018 03:00,1,0
11/19/2018 04:00,1,0
11/19/2018 05:00,1,0
11/19/2018 06:00,1,0
11/19/2018 07:00,1,0
11/19/2018 08:00,1,0
11/19/2018 09:00,1,0
11/19/2018 10:00,1,0
11/19/2018 11:00,1,0
11/19/2018 12:00,1,0
11/19/2018 13:00,1,0
11/19/2018 14:00,1,0
11/19/2018 15:00,1,0
11/19/2018 16:00,1,0
11/19/2018 17:00,0,0
11/19/2018 18:00,1,0
11/19/2018 19:00,1,0
11/19/2018 20:00,0,0
11/19/2018 21:00,1,0
11/19/2018 22:00,1,0
11/19/2018 23:00,1,0
11/20/2018 00:00,1,1
11/20/2018 01:00,1,0
11/20/2018 02:00,1,0
11/20/2018 03:00,1,0
11/20/2018 04:00,1,0
11/20/2018 05:00,1,0
11/20/2018 06:00,1,0
11/20/2018 07:00,1,0
11/20/2018 08:00,1,0
11/20/2018 09:00,1,0
11/20/2018 10:00,1,0
11/20/2018 11:00,1,0
11/20/2018 12:00,1,0
11/20/2018 13:00,1,0
11/20/2018 14:00,1,0
11/20/2018 15:00,1,0
11/20/2018 16:00,0,0
11/20/2018 17:00,1,0
11/20/2018 18:00,1,0
11/20/2018 19:00,1,0
11/20/2018 20:00,1,0
11/20/2018 21:00,1,0
11/20/2018 22:00,1,0
11/20/2018 23:00,1,0
11/21/2018 00:00,1,0
11/21/2018 01:00,0,0
11/21/2018 02:00,0,0
11/21/2018 03:00,0,0
11/21/2018 04:00,0,0
11/21/2018 05:00,1,0
11/21/2018 06:00,1,0
11/21/2018 07:00,1,0
11/21/2018 08:00,0,0
11/21/2018 09:00,1,0
11/21/2018 10:00,1,0
11/21/2018 11:00,1,0
11/21/2018 12:00,1,0
11/21/2018 13:00,1,0
11/21/2018 14:00,1,0
11/21/2018 15:00,0,0
11/21/2018 16:00,0,0
11/21/2018 17:00,0,0
11/21/2018 18:00,1,0
11/21/2018 19:00,0,0
11/21/2018 20:00,0,0
11/21/2018 21:00,1,0
11/21/2018 22:00,1,0
11/21/2018 23:00,1,0
11/22/2018 00:00,1,0
11/22/2018 01:00,1,0
11/22/2018 02:00,1,0
11/22/2018 03:00,1,0
11/22/2018 04:00,1,0
11/22/2018 05:00,1,0
11/22/2018 06:00,1,0
11/22/2018 07:00,1,0
11/22/2018 08:00,1,0
11/22/2018 09:00,1,0
11/22/2018 10:00,1,0
11/22/2018 11:00,1,0
11/22/2018 12:00,1,0
11/22/2018 13:00,1,0
11/22/2018 14:00,1,0
11/22/2018 15:00,1,0
11/22/2018 16:00,0,0
11/22/2018 17:00,1,0
11/22/2018 18:00,1,0
11/22/2018 19:00,1,0
11/22/2018 20:00,1,0
11/22/2018 21:00,1,0
11/22/2018 22:00,1,0
11/22/2018 23:00,1,0
11/23/2018 00:00,1,0
11/23/2018 01:00,1,0
11/23/2018 02:00,1,0
11/23/2018 03:00,0,0
11/23/2018 04:00,0,0
11/23/2018 05:00,0,0
11/23/2018 06:00,1,0
11/23/2018 07:00,1,0
11/23/2018 08:00,1,0
11/23/2018 09:00,1,0
11/23/2018 10:00,1,0
11/23/2018 11:00,1,0
11/23/2018 12:00,1,0
11/23/2018 13:00,1,0
11/23/2018 14:00,1,0
11/23/2018 15:00,0,0
11/23/2018 16:00,0,0
11/23/2018 17:00,0,0
11/23/2018 18:00,1,0
11/23/2018 19:00,1,0
11/23/2018 20:00,1,0
11/23/2018 21:00,1,0
11/23/2018 22:00,1,0
11/23/2018 23:00,1,0
11/24/2018 00:00,1,0
11/24/2018 01:00,1,0
11/24/2018 02:00,1,0
11/24/2018 03:00,1,0
11/24/2018 04:00,1,0
11/24/2018 05:00,0,0
11/24/2018 06:00,1,0
11/24/2018 07:00,1,0
11/24/2018 08:00,1,0
11/24/2018 09:00,1,0
11/24/2018 10:00,1,0
11/24/2018 11:00,0,0
11/24/2018 12:00,1,0
11/24/2018 13:00,1,0
11/24/2018 14:00,1,0
11/24/2018 15:00,1,0
11/24/2018 16:00,1,0
11/24/2018 17:00,1,0
11/24/2018 18:00,1,0
11/24/2018 19:00,1,0
11/24/2018 20:00,1,0
11/24/2018 21:00,1,0
11/24/2018 22:00,1,0
11/24/2018 23:00,1,0
11/25/2018 00:00,1,0
11/25/2018 01:00,1,0
11/25/2018 02:00,1,0
11/25/2018 03:00,1,0
11/25/2018 04:00,1,0
11/25/2018 05:00,1,0
11/25/2018 06:00,1,0
11/25/2018 07:00,1,0
11/25/2018 08:00,1,0
11/25/2018 09:00,1,0
11/25/2018 10:00,1,0
11/25/2018 11:00,1,0
11/25/2018 12:00,1,0
11/25/2018 13:00,1,0
11/25/2018 14:00,1,0
11/25/2018 15:00,0,0
11/25/2018 16:00,1,0
11/25/2018 17:00,1,0
11/25/2018 18:00,1,0
11/25/2018 19:00,1,0
11/25/2018 20:00,1,0
11/25/2018 21:00,1,0
11/25/2018 22:00,1,0
11/25/2018 23:00,1,0
11/26/2018 00:00,1,0
11/26/2018 01:00,1,0
11/26/2018 02:00,1,0
11/26/2018 03:00,1,0
11/26/2018 04:00,1,0
11/26/2018 05:00,1,0
11/26/2018 06:00,1,0
11/26/2018 07:00,1,0
11/26/2018 08:00,1,0
11/26/2018 09:00,1,0
11/26/2018 10:00,1,0
11/26/2018 11:00,1,0
11/26/2018 12:00,1,0
11/26/2018 13:00,1,0
11/26/2018 14:00,1,0
11/26/2018 15:00,1,0
11/26/2018 16:00,1,0
11/26/2018 17:00,1,0
11/26/2018 18:00,1,0
11/26/2018 19:00,1,0
11/26/2018 20:00,1,0
11/26/2018 21:00,1,0
11/26/2018 22:00,1,0
11/26/2018 23:00,1,0
11/27/2018 00:00,1,0
11/27/2018 01:00,1,0
11/27/2018 02:00,1,0
11/27/2018 03:00,1,0
11/27/2018 04:00,1,0
11/27/2018 05:00,1,0
11/27/2018 06:00,1,0
11/27/2018 07:00,1,0
11/27/2018 08:00,1,0
11/27/2018 09:00,1,0
11/27/2018 10:00,1,0
11/27/2018 11:00,1,0
11/27/2018 12:00,1,0
11/27/2018 13:00,1,0
11/27/2018 14:00,1,0
11/27/2018 15:00,1,0
11/27/2018 16:00,1,0
11/27/2018 17:00,1,0
11/27/2018 18:00,1,0
11/27/2018 19:00,1,0
11/27/2018 20:00,1,0
11/27/2018 21:00,0,0
11/27/2018 22:00,1,0
11/27/2018 23:00,1,0
11/28/2018 00:00,1,0
11/28/2018 01:00,1,0
11/28/2018 02:00,1,0
11/28/2018 03:00,1,0
11/28/2018 04:00,1,0
11/28/2018 05:00,1,0
11/28/2018 06:00,1,0
11/28/2018 07:00,1,0
11/28/2018 08:00,1,0
11/28/2018 09:00,1,0
11/28/2018 10:00,1,0
11/28/2018 11:00,1,0
11/28/2018 12:00,1,0
11/28/2018 13:00,1,0
11/28/2018 14:00,0,0
11/28/2018 15:00,0,0
11/28/2018 16:00,1,0
11/28/2018 17:00,1,0
11/28/2018 18:00,1,0
11/28/2018 19:00,1,0
11/28/2018 20:00,0,0
11/28/2018 21:00,1,0
11/28/2018 22:00,1,0
11/28/2018 23:00,1,0
11/29/2018 00:00,1,0
11/29/2018 01:00,1,0
11/29/2018 02:00,1,0
11/29/2018 03:00,1,0
11/29/2018 04:00,1,0
11/29/2018 05:00,1,0
11/29/2018 06:00,1,0
11/29/2018 07:00,1,0
11/29/2018 08:00,1,0
11/29/2018 09:00,1,0
11/29/2018 10:00,0,0
11/29/2018 11:00,1,0
11/29/2018 12:00,1,0
11/29/2018 13:00,1,0
11/29/2018 14:00,0,0
11/29/2018 15:00,0,0
11/29/2018 16:00,1,1
11/29/2018 17:00,1,0
11/29/2018 18:00,1,0
11/29/2018 19:00,1,0
11/29/2018 20:00,0,0
11/29/2018 21:00,0,0
11/29/2018 22:00,0,0
11/29/2018 23:00,0,0
11/30/2018 00:00,0,0
11/30/2018 01:00,1,0
11/30/2018 02:00,1,0
11/30/2018 03:00,1,0
11/30/2018 04:00,1,0
11/30/2018 05:00,1,0
11/30/2018 06:00,1,0
11/30/2018 07:00,1,0
11/30/2018 08:00,1,0
11/30/2018 09:00,1,0
11/30/2018 10:00,0,0
11/30/2018 11:00,0,0
11/30/2018 12:00,1,0
11/30/2018 13:00,1,0
11/30/2018 14:00,1,0
11/30/2018 15:00,1,0
11/30/2018 16:00,1,0
11/30/2018 17:00,1,0
11/30/2018 18:00,1,0
11/30/2018 19:00,1,0
11/30/2018 20:00,1,0
11/30/2018 21:00,1,0
11/30/2018 22:00,1,0
11/30/2018 23:00,1,0
12/01/2018 00:00,1,0
12/01/2018 01:00,1,0
12/01/2018 02:00,1,0
12/01/2018 03:00,1,0
12/01/2018 04:00,1,0
12/01/2018 05:00,1,0
12/01/2018 06:00,1,0
12/01/2018 07:00,1,0
12/01/2018 08:00,1,0
12/01/2018 09:00,1,0
12/01/2018 10:00,1,0
12/01/2018 11:00,1,0
12/01/2018 12:00,1,0
12/01/2018 13:00,1,0
12/01/2018 14:00,1,0
12/01/2018 15:00,1,0
12/01/2018 16:00,0,0
12/01/2018 17:00,0,0
12/01/2018 18:00,0,0
12/01/2018 19:00,1,0
12/01/2018 20:00,0,0
12/01/2018 21:00,1,0
12/01/2018 22:00,0,0
12/01/2018 23:00,0,0
12/02/2018 00:00,0,0
12/02/2018 01:00,0,0
12/02/2018 02:00,1,0
12/02/2018 03:00,1,0
12/02/2018 04:00,1,0
12/02/2018 05:00,1,0
12/02/2018 06:00,1,0
12/02/2018 07:00,1,0
12/02/2018 08:00,1,0
12/02/2018 09:00,1,0
12/02/2018 10:00,1,0
12/02/2018 11:00,1,0
12/02/2018 12:00,0,0
12/02/2018 13:00,1,0
12/02/2018 14:00,1,0
12/02/2018 15:00,0,0
12/02/2018 16:00,1,0
12/02/2018 17:00,1,0
12/02/2018 18:00,1,0
12/02/2018 19:00,1,0
12/02/2018 20:00,1,0
12/02/2018 21:00,1,0
12/02/2018 22:00,1,0
12/02/2018 23:00,1,0
12/03/2018 00:00,1,0
12/03/2018 01:00,1,0
12/03/2018 02:00,1,0
12/03/2018 03:00,1,0
12/03/2018 04:00,1,0
12/03/2018 05:00,1,0
12/03/2018 06:00,1,0
12/03/2018 07:00,1,0
12/03/2018 08:00,1,0
12/03/2018 09:00,1,0
12/03/2018 10:00,1,0
12/03/2018 11:00,1,0
12/03/2018 12:00,1,0
12/03/2018 13:00,1,0
12/03/2018 14:00,1,0
12/03/2018 15:00,1,0
12/03/2018 16:00,1,0
12/03/2018 17:00,1,0
12/03/2018 18:00,1,0
12/03/2018 19:00,1,0
12/03/2018 20:00,1,0
12/03/2018 21:00,1,0
12/03/2018 22:00,1,0
12/03/2018 23:00,1,0
12/04/2018 00:00,1,0
12/04/2018 01:00,1,0
12/04/2018 02:00,1,0
12/04/2018 03:00,1,0
12/04/2018 04:00,1,0
12/04/2018 05:00,1,0
12/04/2018 06:00,1,0
12/04/2018 07:00,1,0
12/04/2018 08:00,1,0
12/04/2018 09:00,1,0
12/04/2018 10:00,1,0
12/04/2018 11:00,1,0
12/04/2018 12:00,1,0
12/04/2018 13:00,1,0
12/04/2018 14:00,1,0
12/04/2018 15:00,1,0
12/04/2018 16:00,1,0
12/04/2018 17:00,0,0
12/04/2018 18:00,0,0
12/04/2018 19:00,1,0
12/04/2018 20:00,1,0
12/04/2018 21:00,1,0
12/04/2018 22:00,1,0
12/04/2018 23:00,1,0
12/05/2018 00:00,1,0
12/05/2018 01:00,1,0
12/05/2018 02:00,0,0
12/05/2018 03:00,1,0
12/05/2018 04:00,1,0
12/05/2018 05:00,1,0
12/05/2018 06:00,1,0
12/05/2018 07:00,1,0
12/05/2018 08:00,1,0
12/05/2018 09:00,1,0
12/05/2018 10:00,1,0
12/05/2018 11:00,1,0
12/05/2018 12:00,1,0
12/05/2018 13:00,1,0
12/05/2018 14:00,0,0
12/05/2018 15:00,1,0
12/05/2018 16:00,0,0
12/05/2018 17:00,0,0
12/05/2018 18:00,1,0
12/05/2018 19:00,0,0
12/05/2018 20:00,0,0
12/05/2018 21:00,0,0
12/05/2018 22:00,0,0
12/05/2018 23:00,1,0
12/06/2018 00:00,0,0
12/06/2018 01:00,1,0
12/06/2018 02:00,1,0
12/06/2018 03:00,1,0
12/06/2018 04:00,0,0
12/06/2018 05:00,0,0
12/06/2018 06:00,0,0
12/06/2018 07:00,1,0
12/06/2018 08:00,0,0
12/06/2018 09:00,0,0
12/06/2018 10:00,1,0
12/06/2018 11:00,1,0
12/06/2018 12:00,1,0
12/06/2018 13:00,1,0
12/06/2018 14:00,1,0
12/06/2018 15:00,1,0
12/06/2018 16:00,0,0
12/06/2018 17:00,1,0
12/06/2018 18:00,1,0
12/06/2018 19:00,1,0
12/06/2018 20:00,1,0
12/06/2018 21:00,1,0
12/06/2018 22:00,1,0
12/06/2018 23:00,1,0
12/07/2018 00:00,1,0
12/07/2018 01:00,1,0
12/07/2018 02:00,1,0
12/07/2018 03:00,0,0
12/07/2018 04:00,1,0
12/07/2018 05:00,1,0
12/07/2018 06:00,1,0
12/07/2018 07:00,1,0
12/07/2018 08:00,1,0
12/07/2018 09:00,1,0
12/07/2018 10:00,1,0
12/07/2018 11:00,1,0
12/07/2018 12:00,1,0
12/07/2018 13:00,1,0
12/07/2018 14:00,1,0
12/07/2018 15:00,1,0
12/07/2018 16:00,1,0
12/07/2018 17:00,1,0
12/07/2018 18:00,0,0
12/07/2018 19:00,1,0
12/07/2018 20:00,1,0
12/07/2018 21:00,1,0
12/07/2018 22:00,1,0
12/07/2018 23:00,1,0
12/08/2018 00:00,1,0
12/08/2018 01:00,1,0
12/08/2018 02:00,1,0
12/08/2018 03:00,1,0
12/08/2018 04:00,1,0
12/08/2018 05:00,1,0
12/08/2018 06:00,1,0
12/08/2018 07:00,1,0
12/08/2018 08:00,1,0
12/08/2018 09:00,1,0
12/08/2018 10:00,1,0
12/08/2018 11:00,1,0
12/08/2018 12:00,1,0
12/08/2018 13:00,1,0
12/08/2018 14:00,1,0
12/08/2018 15:00,1,0
12/08/2018 16:00,1,0
12/08/2018 17:00,0,0
12/08/2018 18:00,1,0
12/08/2018 19:00,1,0
12/08/2018 20:00,1,0
12/08/2018 21:00,0,0
12/08/2018 22:00,0,0
12/08/2018 23:00,0,0
12/09/2018 00:00,1,0
12/09/2018 01:00,1,0
12/09/2018 02:00,1,0
12/09/2018 03:00,1,0
12/09/2018 04:00,1,0
12/09/2018 05:00,1,0
12/09/2018 06:00,1,0
12/09/2018 07:00,1,0
12/09/2018 08:00,1,0
12/09/2018 09:00,1,0
12/09/2018 10:00,1,0
12/09/2018 11:00,1,0
12/09/2018 12:00,1,0
12/09/2018 13:00,1,0
12/09/2018 14:00,1,0
12/09/2018 15:00,1,0
12/09/2018 16:00,1,0
12/09/2018 17:00,0,0
12/09/2018 18:00,0,0
12/09/2018 19:00,0,0
12/09/2018 20:00,0,0
12/09/2018 21:00,0,0
12/09/2018 22:00,1,0
12/09/2018 23:00,0,0
12/10/2018 00:00,0,1
12/10/2018 01:00,1,0
12/10/2018 02:00,1,0
12/10/2018 03:00,1,0
12/10/2018 04:00,1,0
12/10/2018 05:00,1,0
12/10/2018 06:00,1,0
12/10/2018 07:00,0,0
12/10/2018 08:00,1,0
12/10/2018 09:00,1,0
12/10/2018 10:00,1,0
12/10/2018 11:00,1,0
12/10/2018 12:00,1,0
12/10/2018 13:00,1,0
12/10/2018 14:00,1,0
12/10/2018 15:00,1,0
12/10/2018 16:00,1,0
12/10/2018 17:00,1,0
12/10/2018 18:00,1,0
12/10/2018 19:00,1,0
12/10/2018 20:00,1,0
12/10/2018 21:00,1,0
12/10/2018 22:00,1,0
12/10/2018 23:00,1,0
12/11/2018 00:00,1,0
12/11/2018 01:00,1,0
12/11/2018 02:00,1,0
12/11/2018 03:00,1,0
12/11/2018 04:00,1,0
12/11/2018 05:00,1,0
12/11/2018 06:00,1,0
12/11/2018 07:00,1,0
12/11/2018 08:00,1,0
12/11/2018 09:00,1,0
12/11/2018 10:00,1,0
12/11/2018 11:00,1,0
12/11/2018 12:00,1,0
12/11/2018 13:00,1,0
12/11/2018 14:00,1,0
12/11/2018 15:00,0,0
12/11/2018 16:00,1,0
12/11/2018 17:00,1,0
12/11/2018 18:00,1,0
12/11/2018 19:00,1,0
12/11/2018 20:00,1,0
12/11/2018 21:00,1,0
12/11/2018 22:00,1,0
12/11/2018 23:00,1,0
12/12/2018 00:00,1,0
12/12/2018 01:00,1,0
12/12/2018 02:00,1,0
12/12/2018 03:00,1,0
12/12/2018 04:00,1,0
12/12/2018 05:00,1,0
12/12/2018 06:00,1,0
12/12/2018 07:00,1,0
12/12/2018 08:00,1,0
12/12/2018 09:00,1,0
12/12/2018 10:00,1,0
12/12/2018 11:00,1,0
12/12/2018 12:00,1,0
12/12/2018 13:00,1,0
12/12/2018 14:00,1,0
12/12/2018 15:00,1,0
12/12/2018 16:00,1,0
12/12/2018 17:00,1,0
12/12/2018 18:00,1,0
12/12/2018 19:00,1,0
12/12/2018 20:00,1,0
12/12/2018 21:00,1,0
12/12/2018 22:00,1,0
12/12/2018 23:00,1,0
12/13/2018 00:00,1,0
12/13/2018 01:00,1,0
12/13/2018 02:00,1,0
12/13/2018 03:00,1,0
12/13/2018 04:00,1,0
12/13/2018 05:00,1,0
12/13/2018 06:00,1,0
12/13/2018 07:00,1,0
12/13/2018 08:00,1,0
12/13/2018 09:00,1,0
12/13/2018 10:00,1,0
12/13/2018 11:00,1,0
12/13/2018 12:00,1,0
12/13/2018 13:00,1,0
12/13/2018 14:00,1,0
12/13/2018 15:00,1,0
12/13/2018 16:00,1,0
12/13/2018 17:00,1,0
12/13/2018 18:00,1,0
12/13/2018 19:00,1,0
12/13/2018 20:00,1,0
12/13/2018 21:00,0,0
12/13/2018 22:00,0,0
12/13/2018 23:00,0,0
12/14/2018 00:00,1,0
12/14/2018 01:00,1,0
12/14/2018 02:00,1,0
12/14/2018 03:00,1,0
12/14/2018 04:00,1,0
12/14/2018 05:00,1,0
12/14/2018 06:00,1,0
12/14/2018 07:00,1,0
12/14/2018 08:00,1,0
12/14/2018 09:00,1,0
12/14/2018 10:00,1,0
12/14/2018 11:00,1,0
12/14/2018 12:00,1,0
12/14/2018 13:00,1,0
12/14/2018 14:00,1,0
12/14/2018 15:00,1,0
12/14/2018 16:00,1,0
12/14/2018 17:00,1,0
12/14/2018 18:00,1,0
12/14/2018 19:00,1,0
12/14/2018 20:00,1,0
12/14/2018 21:00,1,0
12/14/2018 22:00,1,0
12/14/2018 23:00,1,0
12/15/2018 00:00,1,0
12/15/2018 01:00,1,0
12/15/2018 02:00,1,0
12/15/2018 03:00,1,0
12/15/2018 04:00,1,0
12/15/2018 05:00,1,0
12/15/2018 06:00,1,0
12/15/2018 07:00,1,0
12/15/2018 08:00,1,0
12/15/2018 09:00,1,0
12/15/2018 10:00,1,0
12/15/2018 11:00,1,0
12/15/2018 12:00,1,0
12/15/2018 13:00,1,0
12/15/2018 14:00,1,0
12/15/2018 15:00,1,0
12/15/2018 16:00,1,0
12/15/2018 17:00,1,0
12/15/2018 18:00,1,0
12/15/2018 19:00,1,0
12/15/2018 20:00,1,0
12/15/2018 21:00,1,0
12/15/2018 22:00,1,0
12/15/2018 23:00,1,0
12/16/2018 00:00,1,0
12/16/2018 01:00,1,0
12/16/2018 02:00,1,0
12/16/2018 03:00,1,0
12/16/2018 04:00,1,0
12/16/2018 05:00,1,0
12/16/2018 06:00,1,0
12/16/2018 07:00,1,0
12/16/2018 08:00,1,0
12/16/2018 09:00,1,0
12/16/2018 10:00,1,0
12/16/2018 11:00,1,0
12/16/2018 12:00,1,0
12/16/2018 13:00,1,0
12/16/2018 14:00,1,0
12/16/2018 15:00,1,0
12/16/2018 16:00,1,0
12/16/2018 17:00,1,0
12/16/2018 18:00,1,0
12/16/2018 19:00,1,0
12/16/2018 20:00,1,0
12/16/2018 21:00,1,0
12/16/2018 22:00,1,0
12/16/2018 23:00,1,0
12/17/2018 00:00,1,0
12/17/2018 01:00,1,0
12/17/2018 02:00,1,0
12/17/2018 03:00,1,0
12/17/2018 04:00,1,0
12/17/2018 05:00,1,0
12/17/2018 06:00,1,0
12/17/2018 07:00,1,0
12/17/2018 08:00,1,0
12/17/2018 09:00,1,0
12/17/2018 10:00,1,0
12/17/2018 11:00,1,0
12/17/2018 12:00,1,0
12/17/2018 13:00,1,0
12/17/2018 14:00,1,0
12/17/2018 15:00,1,0
12/17/2018 16:00,1,0
12/17/2018 17:00,1,0
12/17/2018 18:00,1,0
12/17/2018 19:00,1,0
12/17/2018 20:00,1,0
12/17/2018 21:00,1,0
12/17/2018 22:00,1,0
12/17/2018 23:00,0,0
12/18/2018 00:00,0,0
12/18/2018 01:00,1,0
12/18/2018 02:00,1,0
12/18/2018 03:00,1,0
12/18/2018 04:00,1,0
12/18/2018 05:00,1,0
12/18/2018 06:00,1,0
12/18/2018 07:00,1,0
12/18/2018 08:00,1,0
12/18/2018 09:00,1,0
12/18/2018 10:00,1,0
12/18/2018 11:00,1,0
12/18/2018 12:00,1,0
12/18/2018 13:00,1,0
12/18/2018 14:00,1,0
12/18/2018 15:00,1,0
12/18/2018 16:00,0,0
12/18/2018 17:00,0,0
12/18/2018 18:00,0,0
12/18/2018 19:00,0,0
12/18/2018 20:00,1,0
12/18/2018 21:00,0,0
12/18/2018 22:00,0,0
12/18/2018 23:00,0,0
12/19/2018 00:00,0,0
12/19/2018 01:00,0,0
12/19/2018 02:00,0,0
12/19/2018 03:00,0,0
12/19/2018 04:00,1,0
12/19/2018 05:00,1,0
12/19/2018 06:00,1,0
12/19/2018 07:00,1,0
12/19/2018 08:00,1,0
12/19/2018 09:00,0,0
12/19/2018 10:00,1,0
12/19/2018 11:00,1,0
12/19/2018 12:00,0,0
12/19/2018 13:00,0,0
12/19/2018 14:00,1,0
12/19/2018 15:00,1,0
12/19/2018 16:00,0,0
12/19/2018 17:00,0,0
12/19/2018 18:00,1,0
12/19/2018 19:00,1,0
12/19/2018 20:00,0,0
12/19/2018 21:00,1,0
12/19/2018 22:00,1,0
12/19/2018 23:00,1,0
12/20/2018 00:00,0,0
12/20/2018 01:00,1,0
12/20/2018 02:00,1,0
12/20/2018 03:00,1,0
12/20/2018 04:00,1,0
12/20/2018 05:00,1,0
12/20/2018 06:00,1,0
12/20/2018 07:00,1,0
12/20/2018 08:00,1,0
12/20/2018 09:00,1,0
12/20/2018 10:00,1,0
12/20/2018 11:00,1,0
12/20/2018 12:00,1,0
12/20/2018 13:00,1,0
12/20/2018 14:00,1,0
12/20/2018 15:00,0,0
12/20/2018 16:00,0,0
12/20/2018 17:00,1,0
12/20/2018 18:00,1,0
12/20/2018 19:00,1,0
12/20/2018 20:00,1,0
12/20/2018 21:00,1,0
12/20/2018 22:00,1,0
12/20/2018 23:00,1,0
12/21/2018 00:00,1,0
12/21/2018 01:00,1,0
12/21/2018 02:00,1,0
12/21/2018 03:00,1,0
12/21/2018 04:00,1,0
12/21/2018 05:00,1,0
12/21/2018 06:00,1,0
12/21/2018 07:00,1,0
12/21/2018 08:00,1,0
12/21/2018 09:00,0,0
12/21/2018 10:00,1,0
12/21/2018 11:00,1,0
12/21/2018 12:00,1,0
12/21/2018 13:00,1,0
12/21/2018 14:00,1,0
12/21/2018 15:00,1,0
12/21/2018 16:00,1,0
12/21/2018 17:00,1,0
12/21/2018 18:00,1,0
12/21/2018 19:00,1,0
12/21/2018 20:00,1,0
12/21/2018 21:00,1,0
12/21/2018 22:00,1,0
12/21/2018 23:00,1,0
12/22/2018 00:00,1,0
12/22/2018 01:00,1,0
12/22/2018 02:00,1,0
12/22/2018 03:00,1,0
12/22/2018 04:00,1,0
12/22/2018 05:00,1,0
12/22/2018 06:00,1,0
12/22/2018 07:00,1,1
12/22/2018 08:00,1,0
12/22/2018 09:00,1,0
12/22/2018 10:00,1,0
12/22/2018 11:00,1,0
12/22/2018 12:00,1,0
12/22/2018 13:00,1,0
12/22/2018 14:00,1,0
12/22/2018 15:00,1,0
12/22/2018 16:00,1,0
12/22/2018 17:00,0,0
12/22/2018 18:00,0,0
12/22/2018 19:00,1,0
12/22/2018 20:00,1,0
12/22/2018 21:00,1,0
12/22/2018 22:00,1,0
12/22/2018 23:00,1,0
12/23/2018 00:00,1,0
12/23/2018 01:00,1,0
12/23/2018 02:00,1,0
12/23/2018 03:00,1,0
12/23/2018 04:00,1,0
12/23/2018 05:00,1,0
12/23/2018 06:00,1,0
12/23/2018 07:00,1,0
12/23/2018 08:00,1,0
12/23/2018 09:00,1,0
12/23/2018 10:00,1,0
12/23/2018 11:00,1,0
12/23/2018 12:00,1,0
12/23/2018 13:00,1,0
12/23/2018 14:00,1,0
12/23/2018 15:00,1,0
12/23/2018 16:00,1,0
12/23/2018 17:00,1,0
12/23/2018 18:00,1,0
12/23/2018 19:00,1,0
12/23/2018 20:00,1,0
12/23/2018 21:00,0,0
12/23/2018 22:00,1,0
12/23/2018 23:00,1,0
12/24/2018 00:00,1,0
12/24/2018 01:00,1,0
12/24/2018 02:00,1,0
12/24/2018 03:00,1,0
12/24/2018 04:00,1,0
12/24/2018 05:00,1,0
12/24/2018 06:00,1,0
12/24/2018 07:00,1,0
12/24/2018 08:00,1,0
12/24/2018 09:00,1,0
12/24/2018 10:00,1,0
12/24/2018 11:00,1,0
12/24/2018 12:00,1,0
12/24/2018 13:00,1,0
12/24/2018 14:00,1,0
12/24/2018 15:00,1,0
12/24/2018 16:00,1,0
12/24/2018 17:00,0,0
12/24/2018 18:00,0,0
12/24/2018 19:00,0,0
12/24/2018 20:00,0,0
12/24/2018 21:00,1,0
12/24/2018 22:00,1,0
12/24/2018 23:00,1,0
12/25/2018 00:00,1,0
12/25/2018 01:00,1,0
12/25/2018 02:00,1,0
12/25/2018 03:00,1,0
12/25/2018 04:00,1,0
12/25/2018 05:00,1,0
12/25/2018 06:00,1,0
12/25/2018 07:00,1,0
12/25/2018 08:00,1,0
12/25/2018 09:00,1,0
12/25/2018 10:00,1,0
12/25/2018 11:00,1,0
12/25/2018 12:00,1,0
12/25/2018 13:00,1,0
12/25/2018 14:00,1,0
12/25/2018 15:00,0,0
12/25/2018 16:00,0,0
12/25/2018 17:00,0,0
12/25/2018 18:00,0,0
12/25/2018 19:00,1,0
12/25/2018 20:00,0,0
12/25/2018 21:00,0,0
12/25/2018 22:00,1,0
12/25/2018 23:00,1,0
12/26/2018 00:00,1,0
12/26/2018 01:00,1,0
12/26/2018 02:00,1,0
12/26/2018 03:00,1,0
12/26/2018 04:00,1,0
12/26/2018 05:00,1,0
12/26/2018 06:00,1,0
12/26/2018 07:00,1,0
12/26/2018 08:00,1,0
12/26/2018 09:00,1,0
12/26/2018 10:00,1,0
12/26/2018 11:00,1,0
12/26/2018 12:00,1,0
12/26/2018 13:00,1,0
12/26/2018 14:00,1,0
12/26/2018 15:00,1,0
12/26/2018 16:00,0,0
12/26/2018 17:00,0,0
12/26/2018 18:00,0,0
12/26/2018 19:00,0,0
12/26/2018 20:00,0,0
12/26/2018 21:00,0,0
12/26/2018 22:00,0,0
12/26/2018 23:00,1,0
12/27/2018 00:00,1,0
12/27/2018 01:00,1,0
12/27/2018 02:00,1,0
12/27/2018 03:00,1,0
12/27/2018 04:00,1,0
12/27/2018 05:00,1,0
12/27/2018 06:00,1,0
12/27/2018 07:00,1,0
12/27/2018 08:00,1,0
12/27/2018 09:00,1,0
12/27/2018 10:00,1,0
12/27/2018 11:00,1,0
12/27/2018 12:00,0,0
12/27/2018 13:00,0,0
12/27/2018 14:00,0,0
12/27/2018 15:00,0,0
12/27/2018 16:00,0,0
12/27/2018 17:00,0,0
12/27/2018 18:00,0,0
12/27/2018 19:00,0,0
12/27/2018 20:00,0,0
12/27/2018 21:00,0,0
12/27/2018 22:00,0,0
12/27/2018 23:00,0,0
12/28/2018 00:00,0,0
12/28/2018 01:00,0,0
12/28/2018 02:00,1,0
12/28/2018 03:00,1,0
12/28/2018 04:00,1,0
12/28/2018 05:00,1,0
12/28/2018 06:00,1,0
12/28/2018 07:00,1,0
12/28/2018 08:00,1,0
12/28/2018 09:00,1,0
12/28/2018 10:00,1,0
12/28/2018 11:00,1,0
12/28/2018 12:00,1,0
12/28/2018 13:00,1,0
12/28/2018 14:00,0,0
12/28/2018 15:00,0,0
12/28/2018 16:00,0,0
12/28/2018 17:00,1,0
12/28/2018 18:00,1,0
12/28/2018 19:00,1,0
12/28/2018 20:00,1,0
12/28/2018 21:00,1,0
12/28/2018 22:00,1,0
12/28/2018 23:00,1,0
12/29/2018 00:00,1,0
12/29/2018 01:00,1,0
12/29/2018 02:00,1,0
12/29/2018 03:00,1,0
12/29/2018 04:00,1,0
12/29/2018 05:00,1,0
12/29/2018 06:00,1,0
12/29/2018 07:00,1,0
12/29/2018 08:00,1,0
12/29/2018 09:00,1,0
12/29/2018 10:00,1,0
12/29/2018 11:00,1,0
12/29/2018 12:00,1,0
12/29/2018 13:00,1,0
12/29/2018 14:00,1,0
12/29/2018 15:00,1,0
12/29/2018 16:00,1,0
12/29/2018 17:00,1,0
12/29/2018 18:00,1,0
12/29/2018 19:00,1,0
12/29/2018 20:00,1,0
12/29/2018 21:00,1,0
12/29/2018 22:00,0,0
12/29/2018 23:00,0,0
12/30/2018 00:00,1,0
12/30/2018 01:00,1,0
12/30/2018 02:00,1,0
12/30/2018 03:00,0,0
12/30/2018 04:00,1,0
12/30/2018 05:00,1,0
12/30/2018 06:00,1,0
12/30/2018 07:00,1,0
12/30/2018 08:00,1,0
12/30/2018 09:00,1,0
12/30/2018 10:00,1,0
12/30/2018 11:00,1,0
12/30/2018 12:00,1,0
12/30/2018 13:00,1,0
12/30/2018 14:00,1,0
12/30/2018 15:00,1,0
12/30/2018 16:00,1,0
12/30/2018 17:00,1,0
12/30/2018 18:00,1,0
12/30/2018 19:00,1,0
12/30/2018 20:00,0,0
12/30/2018 21:00,1,0
12/30/2018 22:00,1,0
12/30/2018 23:00,0,0
12/31/2018 00:00,0,0
12/31/2018 01:00,0,0
12/31/2018 02:00,1,0
12/31/2018 03:00,1,0
12/31/2018 04:00,1,0
12/31/2018 05:00,1,0
12/31/2018 06:00,1,0
12/31/2018 07:00,1,0
12/31/2018 08:00,1,0
12/31/2018 09:00,1,0
12/31/2018 10:00,1,0
12/31/2018 11:00,1,0
12/31/2018 12:00,1,0
12/31/2018 13:00,1,0
12/31/2018 14:00,1,0
12/31/2018 15:00,0,0
12/31/2018 16:00,1,0
12/31/2018 17:00,1,0
12/31/2018 18:00,1,0
12/31/2018 19:00,1,0
12/31/2018 20:00,1,0
12/31/2018 21:00,1,0
12/31/2018 22:00,1,0
12/31/2018 23:00,0,0
01/01/2019 00:00,1,0
01/01/2019 01:00,1,0
01/01/2019 02:00,1,0
01/01/2019 03:00,1,0
01/01/2019 04:00,1,0
01/01/2019 05:00,1,0
01/01/2019 06:00,1,0
01/01/2019 07:00,1,0
01/01/2019 08:00,1,0
01/01/2019 09:00,1,0
01/01/2019 10:00,1,0
01/01/2019 11:00,1,0
01/01/2019 12:00,1,0
01/01/2019 13:00,1,0
01/01/2019 14:00,1,0
01/01/2019 15:00,1,0
01/01/2019 16:00,1,0
01/01/2019 17:00,1,0
01/01/2019 18:00,1,0
01/01/2019 19:00,1,0
01/01/2019 20:00,1,0
01/01/2019 21:00,1,0
01/01/2019 22:00,1,0
01/01/2019 23:00,1,0
01/02/2019 00:00,1,0
01/02/2019 01:00,1,0
01/02/2019 02:00,1,0
01/02/2019 03:00,1,0
01/02/2019 04:00,1,0
01/02/2019 05:00,1,0
01/02/2019 06:00,1,0
01/02/2019 07:00,1,0
01/02/2019 08:00,1,0
01/02/2019 09:00,1,0
01/02/2019 10:00,1,0
01/02/2019 11:00,1,0
01/02/2019 12:00,1,0
01/02/2019 13:00,1,0
01/02/2019 14:00,1,0
01/02/2019 15:00,1,0
01/02/2019 16:00,1,0
01/02/2019 17:00,1,0
01/02/2019 18:00,0,0
01/02/2019 19:00,1,0
01/02/2019 20:00,1,0
01/02/2019 21:00,1,0
01/02/2019 22:00,0,0
01/02/2019 23:00,0,0
01/03/2019 00:00,0,0
01/03/2019 01:00,1,0
01/03/2019 02:00,1,0
01/03/2019 03:00,1,0
01/03/2019 04:00,1,0
01/03/2019 05:00,1,0
01/03/2019 06:00,1,0
01/03/2019 07:00,1,0
01/03/2019 08:00,1,0
01/03/2019 09:00,1,0
01/03/2019 10:00,1,0
01/03/2019 11:00,1,0
01/03/2019 12:00,1,0
01/03/2019 13:00,1,0
01/03/2019 14:00,1,0
01/03/2019 15:00,0,0
01/03/2019 16:00,0,0
01/03/2019 17:00,1,0
01/03/2019 18:00,1,0
01/03/2019 19:00,0,0
01/03/2019 20:00,0,0
01/03/2019 21:00,1,0
01/03/2019 22:00,0,0
01/03/2019 23:00,0,0
01/04/2019 00:00,0,0
01/04/2019 01:00,0,0
01/04/2019 02:00,0,0
01/04/2019 03:00,0,0
01/04/2019 04:00,0,0
01/04/2019 05:00,0,0
01/04/2019 06:00,0,0
01/04/2019 07:00,1,0
01/04/2019 08:00,1,0
01/04/2019 09:00,1,0
01/04/2019 10:00,1,0
01/04/2019 11:00,1,0
01/04/2019 12:00,1,0
01/04/2019 13:00,1,0
01/04/2019 14:00,1,0
01/04/2019 15:00,0,0
01/04/2019 16:00,1,0
01/04/2019 17:00,0,0
01/04/2019 18:00,0,0
01/04/2019 19:00,0,0
01/04/2019 20:00,1,0
01/04/2019 21:00,0,0
01/04/2019 22:00,1,0
01/04/2019 23:00,1,0
01/05/2019 00:00,1,0
01/05/2019 01:00,1,0
01/05/2019 02:00,0,0
01/05/2019 03:00,1,0
01/05/2019 04:00,1,0
01/05/2019 05:00,1,0
01/05/2019 06:00,1,0
01/05/2019 07:00,1,0
01/05/2019 08:00,1,0
01/05/2019 09:00,1,0
01/05/2019 10:00,1,0
01/05/2019 11:00,1,0
01/05/2019 12:00,1,0
01/05/2019 13:00,1,0
01/05/2019 14:00,1,0
01/05/2019 15:00,1,0
01/05/2019 16:00,1,0
01/05/2019 17:00,1,0
01/05/2019 18:00,0,0
01/05/2019 19:00,1,0
01/05/2019 20:00,1,0
01/05/2019 21:00,1,0
01/05/2019 22:00,1,0
01/05/2019 23:00,0,0
01/06/2019 00:00,0,0
01/06/2019 01:00,0,0
01/06/2019 02:00,0,0
01/06/2019 03:00,1,0
01/06/2019 04:00,1,0
01/06/2019 05:00,1,0
01/06/2019 06:00,1,0
01/06/2019 07:00,1,0
01/06/2019 08:00,1,0
01/06/2019 09:00,1,0
01/06/2019 10:00,1,0
01/06/2019 11:00,1,0
01/06/2019 12:00,1,0
01/06/2019 13:00,1,0
01/06/2019 14:00,1,0
01/06/2019 15:00,0,0
01/06/2019 16:00,0,0
01/06/2019 17:00,1,0
01/06/2019 18:00,0,0
01/06/2019 19:00,0,0
01/06/2019 20:00,1,0
01/06/2019 21:00,1,0
01/06/2019 22:00,0,0
01/06/2019 23:00,0,0
01/07/2019 00:00,1,0
01/07/2019 01:00,0,0
01/07/2019 02:00,0,0
01/07/2019 03:00,0,0
01/07/2019 04:00,1,0
01/07/2019 05:00,1,0
01/07/2019 06:00,1,0
01/07/2019 07:00,1,0
01/07/2019 08:00,1,0
01/07/2019 09:00,0,0
01/07/2019 10:00,0,0
01/07/2019 11:00,0,0
01/07/2019 12:00,0,0
01/07/2019 13:00,0,0
01/07/2019 14:00,1,0
01/07/2019 15:00,1,0
01/07/2019 16:00,1,0
01/07/2019 17:00,1,0
01/07/2019 18:00,1,0
01/07/2019 19:00,1,0
01/07/2019 20:00,1,0
01/07/2019 21:00,1,0
01/07/2019 22:00,1,0
01/07/2019 23:00,1,0
01/08/2019 00:00,1,0
01/08/2019 01:00,0,0
01/08/2019 02:00,1,0
01/08/2019 03:00,0,0
01/08/2019 04:00,0,0
01/08/2019 05:00,0,0
01/08/2019 06:00,0,0
01/08/2019 07:00,0,0
01/08/2019 08:00,1,0
01/08/2019 09:00,1,0
01/08/2019 10:00,0,0
01/08/2019 11:00,0,0
01/08/2019 12:00,1,0
01/08/2019 13:00,1,0
01/08/2019 14:00,1,0
01/08/2019 15:00,1,0
01/08/2019 16:00,0,0
01/08/2019 17:00,1,0
01/08/2019 18:00,1,0
01/08/2019 19:00,1,0
01/08/2019 20:00,1,0
01/08/2019 21:00,1,0
01/08/2019 22:00,1,0
01/08/2019 23:00,1,0
01/09/2019 00:00,1,0
01/09/2019 01:00,1,0
01/09/2019 02:00,1,0
01/09/2019 03:00,1,0
01/09/2019 04:00,1,0
01/09/2019 05:00,1,0
01/09/2019 06:00,1,0
01/09/2019 07:00,1,0
01/09/2019 08:00,1,0
01/09/2019 09:00,1,0
01/09/2019 10:00,1,0
01/09/2019 11:00,1,0
01/09/2019 12:00,1,0
01/09/2019 13:00,1,0
01/09/2019 14:00,1,0
01/09/2019 15:00,1,0
01/09/2019 16:00,1,0
01/09/2019 17:00,1,0
01/09/2019 18:00,1,0
01/09/2019 19:00,1,0
01/09/2019 20:00,1,0
01/09/2019 21:00,1,0
01/09/2019 22:00,0,0
01/09/2019 23:00,0,0
01/10/2019 00:00,1,0
01/10/2019 01:00,1,0
01/10/2019 02:00,1,0
01/10/2019 03:00,1,0
01/10/2019 04:00,1,0
01/10/2019 05:00,1,0
01/10/2019 06:00,1,0
01/10/2019 07:00,1,0
01/10/2019 08:00,1,0
01/10/2019 09:00,1,0
01/10/2019 10:00,1,0
01/10/2019 11:00,1,0
01/10/2019 12:00,1,0
01/10/2019 13:00,1,0
01/10/2019 14:00,1,0
01/10/2019 15:00,1,0
01/10/2019 16:00,1,0
01/10/2019 17:00,1,0
01/10/2019 18:00,1,0
01/10/2019 19:00,1,0
01/10/2019 20:00,1,0
01/10/2019 21:00,1,0
01/10/2019 22:00,1,0
01/10/2019 23:00,1,0
01/11/2019 00:00,1,0
01/11/2019 01:00,1,0
01/11/2019 02:00,1,0
01/11/2019 03:00,1,0
01/11/2019 04:00,1,0
01/11/2019 05:00,1,0
01/11/2019 06:00,1,0
01/11/2019 07:00,1,0
01/11/2019 08:00,1,0
01/11/2019 09:00,1,0
01/11/2019 10:00,1,0
01/11/2019 11:00,1,0
01/11/2019 12:00,1,0
01/11/2019 13:00,1,0
01/11/2019 14:00,1,0
01/11/2019 15:00,1,0
01/11/2019 16:00,0,0
01/11/2019 17:00,0,0
01/11/2019 18:00,0,0
01/11/2019 19:00,0,0
01/11/2019 20:00,0,0
01/11/2019 21:00,1,0
01/11/2019 22:00,1,0
01/11/2019 23:00,0,0
01/12/2019 00:00,1,0
01/12/2019 01:00,1,0
01/12/2019 02:00,1,0
01/12/2019 03:00,1,0
01/12/2019 04:00,1,0
01/12/2019 05:00,1,0
01/12/2019 06:00,1,0
01/12/2019 07:00,1,0
01/12/2019 08:00,1,0
01/12/2019 09:00,1,0
01/12/2019 10:00,1,0
01/12/2019 11:00,1,0
01/12/2019 12:00,1,0
01/12/2019 13:00,1,0
01/12/2019 14:00,1,0
01/12/2019 15:00,1,0
01/12/2019 16:00,1,0
01/12/2019 17:00,1,0
01/12/2019 18:00,0,0
01/12/2019 19:00,1,0
01/12/2019 20:00,0,0
01/12/2019 21:00,1,0
01/12/2019 22:00,1,0
01/12/2019 23:00,1,0
01/13/2019 00:00,1,0
01/13/2019 01:00,1,0
01/13/2019 02:00,1,0
01/13/2019 03:00,1,0
01/13/2019 04:00,1,0
01/13/2019 05:00,1,0
01/13/2019 06:00,1,0
01/13/2019 07:00,1,0
01/13/2019 08:00,1,0
01/13/2019 09:00,1,0
01/13/2019 10:00,1,0
01/13/2019 11:00,1,0
01/13/2019 12:00,1,0
01/13/2019 13:00,1,0
01/13/2019 14:00,1,0
01/13/2019 15:00,1,0
01/13/2019 16:00,1,0
01/13/2019 17:00,1,0
01/13/2019 18:00,1,0
01/13/2019 19:00,1,0
01/13/2019 20:00,1,0
01/13/2019 21:00,1,0
01/13/2019 22:00,1,0
01/13/2019 23:00,1,0
01/14/2019 00:00,1,0
01/14/2019 01:00,1,0
01/14/2019 02:00,1,0
01/14/2019 03:00,1,0
01/14/2019 04:00,1,0
01/14/2019 05:00,1,0
01/14/2019 06:00,1,0
01/14/2019 07:00,1,0
01/14/2019 08:00,1,0
01/14/2019 09:00,1,0
01/14/2019 10:00,1,0
01/14/2019 11:00,1,0
01/14/2019 12:00,1,0
01/14/2019 13:00,1,0
01/14/2019 14:00,1,0
01/14/2019 15:00,1,0
01/14/2019 16:00,1,0
01/14/2019 17:00,0,0
01/14/2019 18:00,0,0
01/14/2019 19:00,1,0
01/14/2019 20:00,1,0
01/14/2019 21:00,0,0
01/14/2019 22:00,1,0
01/14/2019 23:00,0,0
01/15/2019 00:00,1,0
01/15/2019 01:00,1,0
01/15/2019 02:00,1,0
01/15/2019 03:00,1,0
01/15/2019 04:00,1,0
01/15/2019 05:00,1,0
01/15/2019 06:00,1,0
01/15/2019 07:00,1,0
01/15/2019 08:00,1,0
01/15/2019 09:00,1,0
01/15/2019 10:00,1,0
01/15/2019 11:00,1,0
01/15/2019 12:00,1,0
01/15/2019 13:00,1,0
01/15/2019 14:00,1,0
01/15/2019 15:00,1,0
01/15/2019 16:00,1,0
01/15/2019 17:00,1,0
01/15/2019 18:00,0,0
01/15/2019 19:00,0,0
01/15/2019 20:00,0,0
01/15/2019 21:00,0,0
01/15/2019 22:00,0,0
01/15/2019 23:00,0,0
01/16/2019 00:00,1,0
01/16/2019 01:00,1,0
01/16/2019 02:00,1,0
01/16/2019 03:00,1,0
01/16/2019 04:00,1,0
01/16/2019 05:00,1,0
01/16/2019 06:00,1,0
01/16/2019 07:00,1,0
01/16/2019 08:00,1,0
01/16/2019 09:00,1,0
01/16/2019 10:00,1,0
01/16/2019 11:00,1,0
01/16/2019 12:00,1,0
01/16/2019 13:00,1,0
01/16/2019 14:00,1,0
01/16/2019 15:00,1,0
01/16/2019 16:00,0,0
01/16/2019 17:00,0,0
01/16/2019 18:00,0,0
01/16/2019 19:00,0,0
01/16/2019 20:00,0,0
01/16/2019 21:00,0,0
01/16/2019 22:00,0,0
01/16/2019 23:00,0,0
01/17/2019 00:00,0,0
01/17/2019 01:00,1,0
01/17/2019 02:00,0,0
01/17/2019 03:00,0,0
01/17/2019 04:00,0,0
01/17/2019 05:00,0,0
01/17/2019 06:00,1,0
01/17/2019 07:00,1,0
01/17/2019 08:00,1,0
01/17/2019 09:00,1,0
01/17/2019 10:00,1,0
01/17/2019 11:00,1,0
01/17/2019 12:00,1,0
01/17/2019 13:00,1,0
01/17/2019 14:00,1,0
01/17/2019 15:00,1,0
01/17/2019 16:00,1,0
01/17/2019 17:00,1,0
01/17/2019 18:00,0,0
01/17/2019 19:00,1,0
01/17/2019 20:00,0,0
01/17/2019 21:00,0,0
01/17/2019 22:00,0,0
01/17/2019 23:00,0,0
01/18/2019 00:00,1,0
01/18/2019 01:00,0,0
01/18/2019 02:00,1,0
01/18/2019 03:00,1,0
01/18/2019 04:00,1,0
01/18/2019 05:00,1,0
01/18/2019 06:00,1,0
01/18/2019 07:00,1,0
01/18/2019 08:00,1,0
01/18/2019 09:00,1,0
01/18/2019 10:00,1,0
01/18/2019 11:00,1,0
01/18/2019 12:00,1,0
01/18/2019 13:00,1,0
01/18/2019 14:00,1,0
01/18/2019 15:00,1,0
01/18/2019 16:00,0,0
01/18/2019 17:00,0,0
01/18/2019 18:00,1,0
01/18/2019 19:00,1,0
01/18/2019 20:00,0,0
01/18/2019 21:00,1,0
01/18/2019 22:00,1,0
01/18/2019 23:00,1,0
01/19/2019 00:00,1,0
01/19/2019 01:00,1,0
01/19/2019 02:00,1,0
01/19/2019 03:00,1,0
01/19/2019 04:00,1,0
01/19/2019 05:00,1,0
01/19/2019 06:00,1,0
01/19/2019 07:00,1,0
01/19/2019 08:00,1,0
01/19/2019 09:00,1,0
01/19/2019 10:00,1,0
01/19/2019 11:00,1,0
01/19/2019 12:00,1,0
01/19/2019 13:00,1,0
01/19/2019 14:00,1,0
01/19/2019 15:00,1,0
01/19/2019 16:00,1,0
01/19/2019 17:00,1,0
01/19/2019 18:00,1,0
01/19/2019 19:00,1,0
01/19/2019 20:00,1,0
01/19/2019 21:00,1,0
01/19/2019 22:00,1,0
01/19/2019 23:00,0,0
01/20/2019 00:00,0,0
01/20/2019 01:00,1,0
01/20/2019 02:00,1,0
01/20/2019 03:00,1,0
01/20/2019 04:00,0,0
01/20/2019 05:00,1,0
01/20/2019 06:00,1,0
01/20/2019 07:00,1,0
01/20/2019 08:00,1,0
01/20/2019 09:00,1,0
01/20/2019 10:00,1,0
01/20/2019 11:00,1,0
01/20/2019 12:00,1,0
01/20/2019 13:00,1,0
01/20/2019 14:00,1,0
01/20/2019 15:00,1,0
01/20/2019 16:00,1,0
01/20/2019 17:00,1,0
01/20/2019 18:00,1,0
01/20/2019 19:00,1,0
01/20/2019 20:00,1,0
01/20/2019 21:00,1,0
01/20/2019 22:00,1,0
01/20/2019 23:00,1,0
01/21/2019 00:00,1,0
01/21/2019 01:00,1,0
01/21/2019 02:00,1,0
01/21/2019 03:00,1,0
01/21/2019 04:00,1,0
01/21/2019 05:00,1,0
01/21/2019 06:00,1,0
01/21/2019 07:00,1,0
01/21/2019 08:00,1,0
01/21/2019 09:00,1,0
01/21/2019 10:00,1,0
01/21/2019 11:00,1,0
01/21/2019 12:00,1,0
01/21/2019 13:00,1,0
01/21/2019 14:00,1,0
01/21/2019 15:00,1,0
01/21/2019 16:00,1,0
01/21/2019 17:00,1,0
01/21/2019 18:00,1,0
01/21/2019 19:00,1,0
01/21/2019 20:00,1,0
01/21/2019 21:00,1,0
01/21/2019 22:00,1,0
01/21/2019 23:00,1,0
01/22/2019 00:00,1,0
01/22/2019 01:00,1,0
01/22/2019 02:00,1,0
01/22/2019 03:00,1,0
01/22/2019 04:00,1,0
01/22/2019 05:00,1,0
01/22/2019 06:00,1,0
01/22/2019 07:00,1,0
01/22/2019 08:00,1,0
01/22/2019 09:00,1,0
01/22/2019 10:00,1,0
01/22/2019 11:00,1,0
01/22/2019 12:00,1,0
01/22/2019 13:00,1,0
01/22/2019 14:00,1,0
01/22/2019 15:00,1,0
01/22/2019 16:00,1,0
01/22/2019 17:00,1,0
01/22/2019 18:00,1,0
01/22/2019 19:00,1,0
01/22/2019 20:00,1,0
01/22/2019 21:00,1,0
01/22/2019 22:00,1,0
01/22/2019 23:00,1,0
01/23/2019 00:00,1,0
01/23/2019 01:00,1,0
01/23/2019 02:00,1,0
01/23/2019 03:00,1,0
01/23/2019 04:00,1,0
01/23/2019 05:00,0,0
01/23/2019 06:00,1,0
01/23/2019 07:00,1,0
01/23/2019 08:00,1,0
01/23/2019 09:00,1,0
01/23/2019 10:00,1,0
01/23/2019 11:00,1,0
01/23/2019 12:00,1,0
01/23/2019 13:00,1,0
01/23/2019 14:00,1,0
01/23/2019 15:00,1,0
01/23/2019 16:00,1,0
01/23/2019 17:00,0,0
01/23/2019 18:00,1,0
01/23/2019 19:00,1,0
01/23/2019 20:00,1,0
01/23/2019 21:00,1,0
01/23/2019 22:00,1,0
01/23/2019 23:00,1,0
01/24/2019 00:00,1,0
01/24/2019 01:00,1,0
01/24/2019 02:00,1,0
01/24/2019 03:00,1,0
01/24/2019 04:00,1,0
01/24/2019 05:00,1,0
01/24/2019 06:00,1,0
01/24/2019 07:00,1,0
01/24/2019 08:00,1,0
01/24/2019 09:00,1,0
01/24/2019 10:00,1,0
01/24/2019 11:00,1,0
01/24/2019 12:00,1,0
01/24/2019 13:00,1,0
01/24/2019 14:00,1,0
01/24/2019 15:00,1,0
01/24/2019 16:00,1,0
01/24/2019 17:00,1,0
01/24/2019 18:00,1,0
01/24/2019 19:00,1,0
01/24/2019 20:00,1,0
01/24/2019 21:00,1,0
01/24/2019 22:00,1,0
01/24/2019 23:00,1,0
01/25/2019 00:00,1,0
01/25/2019 01:00,1,0
01/25/2019 02:00,1,0
01/25/2019 03:00,1,0
01/25/2019 04:00,1,0
01/25/2019 05:00,1,0
01/25/2019 06:00,1,0
01/25/2019 07:00,1,0
01/25/2019 08:00,1,0
01/25/2019 09:00,1,0
01/25/2019 10:00,1,0
01/25/2019 11:00,1,0
01/25/2019 12:00,1,0
01/25/2019 13:00,1,0
01/25/2019 14:00,1,0
01/25/2019 15:00,1,0
01/25/2019 16:00,1,0
01/25/2019 17:00,1,0
01/25/2019 18:00,1,0
01/25/2019 19:00,1,0
01/25/2019 20:00,1,0
01/25/2019 21:00,1,0
01/25/2019 22:00,1,0
01/25/2019 23:00,1,0
01/26/2019 00:00,1,0
01/26/2019 01:00,1,0
01/26/2019 02:00,1,0
01/26/2019 03:00,1,0
01/26/2019 04:00,1,0
01/26/2019 05:00,1,0
01/26/2019 06:00,1,0
01/26/2019 07:00,1,0
01/26/2019 08:00,1,0
01/26/2019 09:00,1,0
01/26/2019 10:00,1,0
01/26/2019 11:00,1,0
01/26/2019 12:00,1,0
01/26/2019 13:00,1,0
01/26/2019 14:00,1,0
01/26/2019 15:00,1,0
01/26/2019 16:00,1,0
01/26/2019 17:00,1,0
01/26/2019 18:00,1,0
01/26/2019 19:00,1,0
01/26/2019 20:00,1,0
01/26/2019 21:00,0,0
01/26/2019 22:00,1,0
01/26/2019 23:00,1,0
01/27/2019 00:00,1,0
01/27/2019 01:00,1,0
01/27/2019 02:00,1,0
01/27/2019 03:00,1,0
01/27/2019 04:00,1,0
01/27/2019 05:00,1,0
01/27/2019 06:00,0,0
01/27/2019 07:00,0,0
01/27/2019 08:00,1,0
01/27/2019 09:00,1,0
01/27/2019 10:00,1,0
01/27/2019 11:00,1,0
01/27/2019 12:00,1,0
01/27/2019 13:00,1,0
01/27/2019 14:00,1,0
01/27/2019 15:00,1,0
01/27/2019 16:00,0,0
01/27/2019 17:00,0,0
01/27/2019 18:00,0,0
01/27/2019 19:00,0,0
01/27/2019 20:00,0,0
01/27/2019 21:00,1,0
01/27/2019 22:00,1,0
01/27/2019 23:00,1,0
01/28/2019 00:00,1,0
01/28/2019 01:00,1,0
01/28/2019 02:00,1,0
01/28/2019 03:00,1,0
01/28/2019 04:00,1,0
01/28/2019 05:00,1,0
01/28/2019 06:00,1,0
01/28/2019 07:00,1,0
01/28/2019 08:00,1,0
01/28/2019 09:00,1,0
01/28/2019 10:00,0,0
01/28/2019 11:00,1,0
01/28/2019 12:00,1,0
01/28/2019 13:00,1,0
01/28/2019 14:00,1,0
01/28/2019 15:00,1,0
01/28/2019 16:00,1,0
01/28/2019 17:00,1,0
01/28/2019 18:00,1,0
01/28/2019 19:00,1,0
01/28/2019 20:00,1,0
01/28/2019 21:00,1,0
01/28/2019 22:00,1,0
01/28/2019 23:00,1,0
01/29/2019 00:00,0,0
01/29/2019 01:00,0,0
01/29/2019 02:00,1,0
01/29/2019 03:00,1,0
01/29/2019 04:00,1,0
01/29/2019 05:00,1,0
01/29/2019 06:00,1,0
01/29/2019 07:00,1,0
01/29/2019 08:00,1,0
01/29/2019 09:00,1,0
01/29/2019 10:00,1,0
01/29/2019 11:00,1,0
01/29/2019 12:00,1,0
01/29/2019 13:00,1,0
01/29/2019 14:00,1,0
01/29/2019 15:00,1,0
01/29/2019 16:00,1,0
01/29/2019 17:00,1,0
01/29/2019 18:00,1,0
01/29/2019 19:00,1,0
01/29/2019 20:00,1,0
01/29/2019 21:00,1,0
01/29/2019 22:00,1,0
01/29/2019 23:00,1,0
01/30/2019 00:00,1,0
01/30/2019 01:00,1,0
01/30/2019 02:00,1,0
01/30/2019 03:00,1,0
01/30/2019 04:00,1,0
01/30/2019 05:00,1,0
01/30/2019 06:00,1,0
01/30/2019 07:00,1,0
01/30/2019 08:00,1,0
01/30/2019 09:00,1,0
01/30/2019 10:00,1,0
01/30/2019 11:00,1,0
01/30/2019 12:00,1,0
01/30/2019 13:00,1,0
01/30/2019 14:00,1,0
01/30/2019 15:00,1,0
01/30/2019 16:00,1,0
01/30/2019 17:00,1,0
01/30/2019 18:00,1,0
01/30/2019 19:00,1,0
01/30/2019 20:00,1,0
01/30/2019 21:00,1,0
01/30/2019 22:00,1,0
01/30/2019 23:00,1,0
01/31/2019 00:00,1,0
01/31/2019 01:00,1,0
01/31/2019 02:00,1,0
01/31/2019 03:00,1,0
01/31/2019 04:00,1,0
01/31/2019 05:00,1,0
01/31/2019 06:00,1,0
01/31/2019 07:00,0,0
01/31/2019 08:00,1,0
01/31/2019 09:00,1,0
01/31/2019 10:00,1,0
01/31/2019 11:00,1,0
01/31/2019 12:00,1,0
01/31/2019 13:00,1,0
01/31/2019 14:00,1,0
01/31/2019 15:00,1,0
01/31/2019 16:00,0,0
01/31/2019 17:00,0,0
01/31/2019 18:00,0,0
01/31/2019 19:00,1,0
01/31/2019 20:00,1,0
01/31/2019 21:00,1,1
01/31/2019 22:00,0,1
01/31/2019 23:00,0,1
02/01/2019 00:00,0,0
02/01/2019 01:00,1,0
02/01/2019 02:00,1,0
02/01/2019 03:00,1,0
02/01/2019 04:00,1,0
02/01/2019 05:00,1,0
02/01/2019 06:00,1,0
02/01/2019 07:00,1,0
02/01/2019 08:00,1,0
02/01/2019 09:00,1,0
02/01/2019 10:00,1,0
02/01/2019 11:00,1,0
02/01/2019 12:00,1,0
02/01/2019 13:00,1,0
02/01/2019 14:00,1,0
02/01/2019 15:00,1,0
02/01/2019 16:00,1,0
02/01/2019 17:00,1,0
02/01/2019 18:00,1,0
02/01/2019 19:00,1,0
02/01/2019 20:00,1,0
02/01/2019 21:00,1,0
02/01/2019 22:00,0,0
02/01/2019 23:00,0,0
02/02/2019 00:00,1,0
02/02/2019 01:00,1,0
02/02/2019 02:00,1,0
02/02/2019 03:00,1,0
02/02/2019 04:00,1,0
02/02/2019 05:00,0,0
02/02/2019 06:00,0,0
02/02/2019 07:00,0,0
02/02/2019 08:00,0,0
02/02/2019 09:00,0,0
02/02/2019 10:00,0,0
02/02/2019 11:00,1,0
02/02/2019 12:00,0,0
02/02/2019 13:00,0,0
02/02/2019 14:00,1,0
02/02/2019 15:00,1,0
02/02/2019 16:00,0,0
02/02/2019 17:00,1,0
02/02/2019 18:00,1,0
02/02/2019 19:00,0,0
02/02/2019 20:00,0,0
02/02/2019 21:00,0,0
02/02/2019 22:00,0,0
02/02/2019 23:00,0,0
02/03/2019 00:00,0,0
02/03/2019 01:00,0,0
02/03/2019 02:00,0,0
02/03/2019 03:00,0,0
02/03/2019 04:00,0,0
02/03/2019 05:00,0,0
02/03/2019 06:00,0,0
02/03/2019 07:00,1,0
02/03/2019 08:00,0,0
02/03/2019 09:00,1,0
02/03/2019 10:00,1,0
02/03/2019 11:00,1,0
02/03/2019 12:00,1,0
02/03/2019 13:00,0,0
02/03/2019 14:00,0,0
02/03/2019 15:00,0,0
02/03/2019 16:00,0,0
02/03/2019 17:00,0,0
02/03/2019 18:00,0,0
02/03/2019 19:00,0,0
02/03/2019 20:00,1,0
02/03/2019 21:00,0,0
02/03/2019 22:00,0,0
02/03/2019 23:00,0,0
02/04/2019 00:00,0,0
02/04/2019 01:00,0,0
02/04/2019 02:00,1,0
02/04/2019 03:00,0,0
02/04/2019 04:00,0,0
02/04/2019 05:00,0,0
02/04/2019 06:00,0,0
02/04/2019 07:00,1,0
02/04/2019 08:00,1,0
02/04/2019 09:00,1,0
02/04/2019 10:00,0,0
02/04/2019 11:00,1,0
02/04/2019 12:00,1,0
02/04/2019 13:00,1,0
02/04/2019 14:00,1,0
02/04/2019 15:00,1,0
02/04/2019 16:00,1,0
02/04/2019 17:00,0,0
02/04/2019 18:00,0,0
02/04/2019 19:00,1,0
02/04/2019 20:00,1,0
02/04/2019 21:00,0,0
02/04/2019 22:00,1,0
02/04/2019 23:00,1,0
02/05/2019 00:00,1,0
02/05/2019 01:00,1,0
02/05/2019 02:00,1,0
02/05/2019 03:00,1,0
02/05/2019 04:00,1,0
02/05/2019 05:00,1,0
02/05/2019 06:00,1,0
02/05/2019 07:00,0,0
02/05/2019 08:00,0,0
02/05/2019 09:00,0,0
02/05/2019 10:00,0,0
02/05/2019 11:00,0,0
02/05/2019 12:00,1,0
02/05/2019 13:00,1,0
02/05/2019 14:00,1,0
02/05/2019 15:00,1,0
02/05/2019 16:00,1,0
02/05/2019 17:00,1,0
02/05/2019 18:00,1,0
02/05/2019 19:00,0,0
02/05/2019 20:00,1,0
02/05/2019 21:00,1,0
02/05/2019 22:00,1,0
02/05/2019 23:00,1,0
02/06/2019 00:00,1,0
02/06/2019 01:00,0,0
02/06/2019 02:00,1,0
02/06/2019 03:00,1,0
02/06/2019 04:00,1,0
02/06/2019 05:00,1,0
02/06/2019 06:00,1,0
02/06/2019 07:00,1,0
02/06/2019 08:00,1,0
02/06/2019 09:00,1,0
02/06/2019 10:00,1,0
02/06/2019 11:00,1,0
02/06/2019 12:00,1,0
02/06/2019 13:00,0,0
02/06/2019 14:00,1,0
02/06/2019 15:00,0,0
02/06/2019 16:00,0,0
02/06/2019 17:00,0,0
02/06/2019 18:00,0,0
02/06/2019 19:00,1,0
02/06/2019 20:00,0,0
02/06/2019 21:00,1,0
02/06/2019 22:00,1,0
02/06/2019 23:00,1,0
02/07/2019 00:00,1,0
02/07/2019 01:00,1,0
02/07/2019 02:00,1,0
02/07/2019 03:00,1,0
02/07/2019 04:00,1,0
02/07/2019 05:00,1,0
02/07/2019 06:00,1,0
02/07/2019 07:00,1,0
02/07/2019 08:00,0,0
02/07/2019 09:00,1,0
02/07/2019 10:00,0,0
02/07/2019 11:00,0,0
02/07/2019 12:00,1,0
02/07/2019 13:00,1,0
02/07/2019 14:00,1,0
02/07/2019 15:00,1,0
02/07/2019 16:00,1,0
02/07/2019 17:00,1,0
02/07/2019 18:00,1,0
02/07/2019 19:00,1,0
02/07/2019 20:00,1,0
02/07/2019 21:00,1,0
02/07/2019 22:00,1,0
02/07/2019 23:00,1,0
02/08/2019 00:00,1,0
02/08/2019 01:00,1,0
02/08/2019 02:00,1,0
02/08/2019 03:00,0,0
02/08/2019 04:00,1,0
02/08/2019 05:00,0,0
02/08/2019 06:00,0,0
02/08/2019 07:00,0,0
02/08/2019 08:00,1,0
02/08/2019 09:00,0,0
02/08/2019 10:00,1,0
02/08/2019 11:00,1,0
02/08/2019 12:00,0,0
02/08/2019 13:00,1,0
02/08/2019 14:00,1,0
02/08/2019 15:00,1,0
02/08/2019 16:00,1,0
02/08/2019 17:00,1,0
02/08/2019 18:00,1,0
02/08/2019 19:00,1,0
02/08/2019 20:00,1,0
02/08/2019 21:00,1,0
02/08/2019 22:00,0,0
02/08/2019 23:00,1,0
02/09/2019 00:00,1,0
02/09/2019 01:00,0,0
02/09/2019 02:00,0,0
02/09/2019 03:00,1,0
02/09/2019 04:00,1,0
02/09/2019 05:00,1,0
02/09/2019 06:00,1,0
02/09/2019 07:00,1,0
02/09/2019 08:00,1,0
02/09/2019 09:00,1,0
02/09/2019 10:00,1,0
02/09/2019 11:00,1,0
02/09/2019 12:00,1,0
02/09/2019 13:00,1,0
02/09/2019 14:00,1,0
02/09/2019 15:00,1,0
02/09/2019 16:00,1,0
02/09/2019 17:00,1,0
02/09/2019 18:00,1,0
02/09/2019 19:00,1,0
02/09/2019 20:00,1,0
02/09/2019 21:00,1,0
02/09/2019 22:00,1,0
02/09/2019 23:00,0,0
02/10/2019 00:00,0,0
02/10/2019 01:00,0,0
02/10/2019 02:00,1,0
02/10/2019 03:00,1,0
02/10/2019 04:00,1,0
02/10/2019 05:00,1,0
02/10/2019 06:00,1,0
02/10/2019 07:00,1,0
02/10/2019 08:00,1,0
02/10/2019 09:00,1,0
02/10/2019 10:00,1,0
02/10/2019 11:00,1,0
02/10/2019 12:00,1,0
02/10/2019 13:00,1,0
02/10/2019 14:00,0,0
02/10/2019 15:00,0,0
02/10/2019 16:00,1,0
02/10/2019 17:00,1,0
02/10/2019 18:00,0,0
02/10/2019 19:00,0,0
02/10/2019 20:00,0,0
02/10/2019 21:00,0,0
02/10/2019 22:00,1,0
02/10/2019 23:00,0,0
02/11/2019 00:00,1,0
02/11/2019 01:00,1,0
02/11/2019 02:00,1,0
02/11/2019 03:00,1,0
02/11/2019 04:00,1,0
02/11/2019 05:00,1,0
02/11/2019 06:00,1,0
02/11/2019 07:00,1,0
02/11/2019 08:00,1,0
02/11/2019 09:00,1,0
02/11/2019 10:00,1,0
02/11/2019 11:00,1,0
02/11/2019 12:00,1,0
02/11/2019 13:00,1,0
02/11/2019 14:00,1,0
02/11/2019 15:00,1,0
02/11/2019 16:00,0,0
02/11/2019 17:00,0,0
02/11/2019 18:00,1,0
02/11/2019 19:00,0,0
02/11/2019 20:00,0,0
02/11/2019 21:00,1,0
02/11/2019 22:00,1,0
02/11/2019 23:00,0,0
02/12/2019 00:00,0,0
02/12/2019 01:00,0,0
02/12/2019 02:00,1,0
02/12/2019 03:00,1,0
02/12/2019 04:00,1,0
02/12/2019 05:00,1,0
02/12/2019 06:00,1,0
02/12/2019 07:00,0,0
02/12/2019 08:00,1,0
02/12/2019 09:00,1,0
02/12/2019 10:00,1,0
02/12/2019 11:00,1,0
02/12/2019 12:00,1,0
02/12/2019 13:00,1,0
02/12/2019 14:00,1,0
02/12/2019 15:00,1,0
02/12/2019 16:00,0,0
02/12/2019 17:00,1,0
02/12/2019 18:00,0,0
02/12/2019 19:00,0,0
02/12/2019 20:00,0,0
02/12/2019 21:00,0,0
02/12/2019 22:00,0,0
02/12/2019 23:00,0,0
02/13/2019 00:00,0,0
02/13/2019 01:00,0,0
02/13/2019 02:00,0,0
02/13/2019 03:00,0,0
02/13/2019 04:00,0,0
02/13/2019 05:00,0,0
02/13/2019 06:00,1,0
02/13/2019 07:00,0,0
02/13/2019 08:00,1,0
02/13/2019 09:00,1,0
02/13/2019 10:00,1,0
02/13/2019 11:00,0,0
02/13/2019 12:00,0,0
02/13/2019 13:00,0,0
02/13/2019 14:00,0,0
02/13/2019 15:00,0,0
02/13/2019 16:00,0,0
02/13/2019 17:00,0,0
02/13/2019 18:00,0,0
02/13/2019 19:00,0,0
02/13/2019 20:00,0,0
02/13/2019 21:00,0,0
02/13/2019 22:00,0,0
02/13/2019 23:00,0,0
02/14/2019 00:00,0,0
02/14/2019 01:00,0,0
02/14/2019 02:00,0,0
02/14/2019 03:00,0,0
02/14/2019 04:00,0,0
02/14/2019 05:00,0,0
02/14/2019 06:00,0,0
02/14/2019 07:00,0,0
02/14/2019 08:00,0,0
02/14/2019 09:00,0,0
02/14/2019 10:00,0,0
02/14/2019 11:00,0,0
02/14/2019 12:00,0,0
02/14/2019 13:00,0,0
02/14/2019 14:00,1,0
02/14/2019 15:00,1,0
02/14/2019 16:00,1,0
02/14/2019 17:00,1,0
02/14/2019 18:00,1,0
02/14/2019 19:00,1,0
02/14/2019 20:00,1,0
02/14/2019 21:00,1,0
02/14/2019 22:00,1,0
02/14/2019 23:00,1,0
02/15/2019 00:00,1,0
02/15/2019 01:00,1,0
02/15/2019 02:00,1,0
02/15/2019 03:00,1,0
02/15/2019 04:00,1,0
02/15/2019 05:00,1,0
02/15/2019 06:00,1,0
02/15/2019 07:00,1,0
02/15/2019 08:00,1,0
02/15/2019 09:00,1,0
02/15/2019 10:00,1,0
02/15/2019 11:00,1,0
02/15/2019 12:00,1,0
02/15/2019 13:00,1,0
02/15/2019 14:00,1,0
02/15/2019 15:00,1,0
02/15/2019 16:00,0,0
02/15/2019 17:00,1,0
02/15/2019 18:00,1,0
02/15/2019 19:00,1,0
02/15/2019 20:00,1,0
02/15/2019 21:00,1,0
02/15/2019 22:00,1,0
02/15/2019 23:00,1,0
02/16/2019 00:00,0,0
02/16/2019 01:00,1,0
02/16/2019 02:00,1,0
02/16/2019 03:00,1,0
02/16/2019 04:00,1,0
02/16/2019 05:00,1,0
02/16/2019 06:00,0,0
02/16/2019 07:00,1,0
02/16/2019 08:00,1,0
02/16/2019 09:00,1,0
02/16/2019 10:00,1,0
02/16/2019 11:00,0,0
02/16/2019 12:00,1,0
02/16/2019 13:00,1,0
02/16/2019 14:00,1,0
02/16/2019 15:00,0,0
02/16/2019 16:00,0,0
02/16/2019 17:00,0,0
02/16/2019 18:00,0,0
02/16/2019 19:00,0,0
02/16/2019 20:00,0,0
02/16/2019 21:00,0,0
02/16/2019 22:00,0,0
02/16/2019 23:00,0,0
02/17/2019 00:00,0,0
02/17/2019 01:00,0,0
02/17/2019 02:00,0,0
02/17/2019 03:00,1,0
02/17/2019 04:00,1,0
02/17/2019 05:00,1,0
02/17/2019 06:00,1,0
02/17/2019 07:00,1,0
02/17/2019 08:00,1,0
02/17/2019 09:00,1,0
02/17/2019 10:00,1,0
02/17/2019 11:00,1,0
02/17/2019 12:00,1,0
02/17/2019 13:00,1,0
02/17/2019 14:00,1,0
02/17/2019 15:00,1,0
02/17/2019 16:00,1,0
02/17/2019 17:00,0,0
02/17/2019 18:00,1,0
02/17/2019 19:00,0,0
02/17/2019 20:00,0,0
02/17/2019 21:00,0,0
02/17/2019 22:00,0,0
02/17/2019 23:00,0,0
02/18/2019 00:00,0,0
02/18/2019 01:00,1,0
02/18/2019 02:00,0,0
02/18/2019 03:00,0,0
02/18/2019 04:00,0,0
02/18/2019 05:00,0,0
02/18/2019 06:00,0,0
02/18/2019 07:00,1,0
02/18/2019 08:00,0,0
02/18/2019 09:00,1,0
02/18/2019 10:00,1,0
02/18/2019 11:00,1,0
02/18/2019 12:00,1,0
02/18/2019 13:00,1,0
02/18/2019 14:00,0,0
02/18/2019 15:00,0,0
02/18/2019 16:00,1,0
02/18/2019 17:00,1,0
02/18/2019 18:00,1,0
02/18/2019 19:00,1,0
02/18/2019 20:00,1,0
02/18/2019 21:00,1,0
02/18/2019 22:00,1,0
02/18/2019 23:00,1,0
02/19/2019 00:00,1,0
02/19/2019 01:00,1,0
02/19/2019 02:00,1,0
02/19/2019 03:00,1,0
02/19/2019 04:00,1,0
02/19/2019 05:00,1,0
02/19/2019 06:00,1,0
02/19/2019 07:00,1,0
02/19/2019 08:00,1,0
02/19/2019 09:00,1,0
02/19/2019 10:00,0,0
02/19/2019 11:00,1,0
02/19/2019 12:00,1,0
02/19/2019 13:00,1,0
02/19/2019 14:00,1,0
02/19/2019 15:00,1,0
02/19/2019 16:00,0,0
02/19/2019 17:00,0,0
02/19/2019 18:00,1,0
02/19/2019 19:00,1,0
02/19/2019 20:00,1,0
02/19/2019 21:00,1,0
02/19/2019 22:00,1,0
02/19/2019 23:00,1,0
02/20/2019 00:00,1,0
02/20/2019 01:00,1,0
02/20/2019 02:00,1,0
02/20/2019 03:00,1,0
02/20/2019 04:00,1,0
02/20/2019 05:00,1,0
02/20/2019 06:00,1,0
02/20/2019 07:00,1,0
02/20/2019 08:00,1,0
02/20/2019 09:00,1,0
02/20/2019 10:00,1,0
02/20/2019 11:00,1,0
02/20/2019 12:00,0,0
02/20/2019 13:00,1,0
02/20/2019 14:00,0,0
02/20/2019 15:00,0,0
02/20/2019 16:00,0,0
02/20/2019 17:00,0,0
02/20/2019 18:00,0,0
02/20/2019 19:00,0,0
02/20/2019 20:00,0,0
02/20/2019 21:00,0,0
02/20/2019 22:00,0,0
02/20/2019 23:00,0,0
02/21/2019 00:00,1,0
02/21/2019 01:00,1,0
02/21/2019 02:00,1,0
02/21/2019 03:00,1,0
02/21/2019 04:00,1,0
02/21/2019 05:00,1,0
02/21/2019 06:00,1,0
02/21/2019 07:00,1,0
02/21/2019 08:00,1,0
02/21/2019 09:00,1,0
02/21/2019 10:00,1,0
02/21/2019 11:00,1,0
02/21/2019 12:00,1,0
02/21/2019 13:00,1,0
02/21/2019 14:00,0,0
02/21/2019 15:00,0,0
02/21/2019 16:00,0,0
02/21/2019 17:00,0,0
02/21/2019 18:00,1,0
02/21/2019 19:00,1,0
02/21/2019 20:00,1,0
02/21/2019 21:00,1,0
02/21/2019 22:00,1,0
02/21/2019 23:00,0,0
02/22/2019 00:00,1,0
02/22/2019 01:00,1,0
02/22/2019 02:00,1,0
02/22/2019 03:00,1,0
02/22/2019 04:00,0,0
02/22/2019 05:00,0,0
02/22/2019 06:00,0,0
02/22/2019 07:00,0,0
02/22/2019 08:00,0,0
02/22/2019 09:00,0,0
02/22/2019 10:00,0,0
02/22/2019 11:00,0,0
02/22/2019 12:00,0,0
02/22/2019 13:00,0,0
02/22/2019 14:00,1,0
02/22/2019 15:00,0,0
02/22/2019 16:00,0,0
02/22/2019 17:00,0,0
02/22/2019 18:00,0,0
02/22/2019 19:00,1,0
02/22/2019 20:00,1,0
02/22/2019 21:00,1,0
02/22/2019 22:00,0,0
02/22/2019 23:00,0,0
02/23/2019 00:00,0,0
02/23/2019 01:00,1,0
02/23/2019 02:00,1,0
02/23/2019 03:00,0,0
02/23/2019 04:00,0,0
02/23/2019 05:00,1,0
02/23/2019 06:00,1,0
02/23/2019 07:00,1,0
02/23/2019 08:00,1,0
02/23/2019 09:00,1,0
02/23/2019 10:00,0,0
02/23/2019 11:00,0,0
02/23/2019 12:00,1,0
02/23/2019 13:00,1,0
02/23/2019 14:00,1,0
02/23/2019 15:00,0,0
02/23/2019 16:00,0,0
02/23/2019 17:00,0,0
02/23/2019 18:00,1,0
02/23/2019 19:00,1,0
02/23/2019 20:00,1,0
02/23/2019 21:00,1,0
02/23/2019 22:00,0,0
02/23/2019 23:00,0,0
02/24/2019 00:00,1,0
02/24/2019 01:00,1,0
02/24/2019 02:00,1,0
02/24/2019 03:00,1,0
02/24/2019 04:00,1,0
02/24/2019 05:00,1,0
02/24/2019 06:00,1,0
02/24/2019 07:00,0,0
02/24/2019 08:00,0,0
02/24/2019 09:00,0,0
02/24/2019 10:00,1,0
02/24/2019 11:00,0,0
02/24/2019 12:00,0,0
02/24/2019 13:00,0,0
02/24/2019 14:00,1,0
02/24/2019 15:00,1,0
02/24/2019 16:00,1,0
02/24/2019 17:00,0,0
02/24/2019 18:00,0,0
02/24/2019 19:00,1,0
02/24/2019 20:00,1,0
02/24/2019 21:00,1,0
02/24/2019 22:00,1,0
02/24/2019 23:00,1,0
02/25/2019 00:00,1,0
02/25/2019 01:00,0,0
02/25/2019 02:00,1,0
02/25/2019 03:00,1,0
02/25/2019 04:00,1,0
02/25/2019 05:00,1,0
02/25/2019 06:00,1,0
02/25/2019 07:00,1,0
02/25/2019 08:00,1,0
02/25/2019 09:00,1,0
02/25/2019 10:00,1,0
02/25/2019 11:00,1,0
02/25/2019 12:00,1,0
02/25/2019 13:00,1,0
02/25/2019 14:00,1,0
02/25/2019 15:00,0,0
02/25/2019 16:00,1,0
02/25/2019 17:00,0,0
02/25/2019 18:00,1,0
02/25/2019 19:00,1,0
02/25/2019 20:00,1,0
02/25/2019 21:00,1,0
02/25/2019 22:00,1,0
02/25/2019 23:00,1,0
02/26/2019 00:00,1,0
02/26/2019 01:00,1,0
02/26/2019 02:00,1,0
02/26/2019 03:00,1,0
02/26/2019 04:00,1,0
02/26/2019 05:00,1,0
02/26/2019 06:00,1,0
02/26/2019 07:00,1,0
02/26/2019 08:00,1,0
02/26/2019 09:00,1,0
02/26/2019 10:00,1,0
02/26/2019 11:00,1,0
02/26/2019 12:00,1,0
02/26/2019 13:00,1,0
02/26/2019 14:00,1,0
02/26/2019 15:00,1,0
02/26/2019 16:00,1,0
02/26/2019 17:00,1,0
02/26/2019 18:00,1,0
02/26/2019 19:00,1,0
02/26/2019 20:00,1,0
02/26/2019 21:00,1,0
02/26/2019 22:00,0,0
02/26/2019 23:00,0,0
02/27/2019 00:00,0,0
02/27/2019 01:00,0,0
02/27/2019 02:00,0,0
02/27/2019 03:00,1,0
02/27/2019 04:00,0,0
02/27/2019 05:00,0,0
02/27/2019 06:00,1,0
02/27/2019 07:00,0,0
02/27/2019 08:00,0,0
02/27/2019 09:00,0,0
02/27/2019 10:00,1,0
02/27/2019 11:00,0,0
02/27/2019 12:00,0,0
02/27/2019 13:00,0,0
02/27/2019 14:00,1,0
02/27/2019 15:00,1,0
02/27/2019 16:00,1,0
02/27/2019 17:00,1,0
02/27/2019 18:00,1,0
02/27/2019 19:00,1,0
02/27/2019 20:00,1,0
02/27/2019 21:00,1,0
02/27/2019 22:00,1,0
02/27/2019 23:00,1,0
02/28/2019 00:00,1,0
02/28/2019 01:00,1,0
02/28/2019 02:00,1,0
02/28/2019 03:00,0,0
02/28/2019 04:00,1,0
02/28/2019 05:00,1,0
02/28/2019 06:00,1,0
02/28/2019 07:00,1,0
02/28/2019 08:00,1,0
02/28/2019 09:00,1,0
02/28/2019 10:00,1,0
02/28/2019 11:00,1,0
02/28/2019 12:00,1,0
02/28/2019 13:00,1,0
02/28/2019 14:00,1,0
02/28/2019 15:00,1,0
02/28/2019 16:00,1,0
02/28/2019 17:00,1,0
02/28/2019 18:00,1,0
02/28/2019 19:00,1,0
02/28/2019 20:00,1,0
02/28/2019 21:00,1,0
02/28/2019 22:00,1,0
02/28/2019 23:00,1,0
03/01/2019 00:00,1,0
03/01/2019 01:00,1,0
03/01/2019 02:00,1,0
03/01/2019 03:00,1,0
03/01/2019 04:00,1,0
03/01/2019 05:00,1,0
03/01/2019 06:00,1,0
03/01/2019 07:00,1,0
03/01/2019 08:00,1,0
03/01/2019 09:00,1,0
03/01/2019 10:00,1,0
03/01/2019 11:00,1,0
03/01/2019 12:00,1,0
03/01/2019 13:00,1,0
03/01/2019 14:00,1,0
03/01/2019 15:00,1,0
03/01/2019 16:00,1,0
03/01/2019 17:00,1,0
03/01/2019 18:00,1,0
03/01/2019 19:00,1,0
03/01/2019 20:00,1,0
03/01/2019 21:00,1,0
03/01/2019 22:00,1,0
03/01/2019 23:00,1,0
03/02/2019 00:00,1,0
03/02/2019 01:00,1,0
03/02/2019 02:00,1,0
03/02/2019 03:00,1,0
03/02/2019 04:00,1,0
03/02/2019 05:00,1,0
03/02/2019 06:00,1,0
03/02/2019 07:00,1,0
03/02/2019 08:00,1,0
03/02/2019 09:00,1,0
03/02/2019 10:00,1,0
03/02/2019 11:00,1,0
03/02/2019 12:00,1,0
03/02/2019 13:00,1,0
03/02/2019 14:00,1,0
03/02/2019 15:00,1,0
03/02/2019 16:00,1,0
03/02/2019 17:00,1,0
03/02/2019 18:00,1,0
03/02/2019 19:00,1,0
03/02/2019 20:00,1,0
03/02/2019 21:00,1,0
03/02/2019 22:00,1,0
03/02/2019 23:00,0,0
03/03/2019 00:00,1,0
03/03/2019 01:00,1,0
03/03/2019 02:00,1,0
03/03/2019 03:00,1,0
03/03/2019 04:00,1,0
03/03/2019 05:00,1,0
03/03/2019 06:00,1,0
03/03/2019 07:00,1,0
03/03/2019 08:00,1,0
03/03/2019 09:00,1,0
03/03/2019 10:00,1,0
03/03/2019 11:00,1,0
03/03/2019 12:00,1,0
03/03/2019 13:00,1,0
03/03/2019 14:00,1,0
03/03/2019 15:00,1,0
03/03/2019 16:00,0,0
03/03/2019 17:00,0,0
03/03/2019 18:00,0,0
03/03/2019 19:00,0,0
03/03/2019 20:00,0,0
03/03/2019 21:00,0,0
03/03/2019 22:00,1,0
03/03/2019 23:00,1,0
03/04/2019 00:00,1,0
03/04/2019 01:00,1,0
03/04/2019 02:00,1,0
03/04/2019 03:00,1,0
03/04/2019 04:00,1,0
03/04/2019 05:00,1,0
03/04/2019 06:00,1,0
03/04/2019 07:00,1,0
03/04/2019 08:00,1,0
03/04/2019 09:00,1,0
03/04/2019 10:00,1,0
03/04/2019 11:00,1,0
03/04/2019 12:00,1,0
03/04/2019 13:00,1,0
03/04/2019 14:00,1,0
03/04/2019 15:00,1,0
03/04/2019 16:00,1,0
03/04/2019 17:00,1,0
03/04/2019 18:00,1,0
03/04/2019 19:00,1,0
03/04/2019 20:00,1,0
03/04/2019 21:00,1,0
03/04/2019 22:00,1,0
03/04/2019 23:00,1,0
03/05/2019 00:00,1,0
03/05/2019 01:00,1,0
03/05/2019 02:00,1,0
03/05/2019 03:00,1,0
03/05/2019 04:00,1,0
03/05/2019 05:00,1,0
03/05/2019 06:00,1,0
03/05/2019 07:00,1,0
03/05/2019 08:00,1,0
03/05/2019 09:00,1,0
03/05/2019 10:00,1,0
03/05/2019 11:00,1,0
03/05/2019 12:00,1,0
03/05/2019 13:00,1,0
03/05/2019 14:00,1,0
03/05/2019 15:00,1,0
03/05/2019 16:00,1,0
03/05/2019 17:00,0,0
03/05/2019 18:00,0,0
03/05/2019 19:00,0,0
03/05/2019 20:00,0,0
03/05/2019 21:00,0,0
03/05/2019 22:00,0,0
03/05/2019 23:00,0,0
03/06/2019 00:00,0,0
03/06/2019 01:00,1,0
03/06/2019 02:00,1,0
03/06/2019 03:00,1,0
03/06/2019 04:00,1,0
03/06/2019 05:00,1,0
03/06/2019 06:00,1,0
03/06/2019 07:00,1,0
03/06/2019 08:00,1,0
03/06/2019 09:00,1,0
03/06/2019 10:00,1,0
03/06/2019 11:00,1,0
03/06/2019 12:00,1,0
03/06/2019 13:00,1,0
03/06/2019 14:00,1,0
03/06/2019 15:00,1,0
03/06/2019 16:00,1,0
03/06/2019 17:00,1,0
03/06/2019 18:00,1,0
03/06/2019 19:00,1,0
03/06/2019 20:00,1,0
03/06/2019 21:00,1,0
03/06/2019 22:00,0,0
03/06/2019 23:00,1,0
03/07/2019 00:00,1,0
03/07/2019 01:00,1,0
03/07/2019 02:00,1,0
03/07/2019 03:00,1,0
03/07/2019 04:00,1,0
03/07/2019 05:00,1,0
03/07/2019 06:00,1,0
03/07/2019 07:00,1,0
03/07/2019 08:00,1,0
03/07/2019 09:00,1,0
03/07/2019 10:00,1,0
03/07/2019 11:00,1,0
03/07/2019 12:00,1,0
03/07/2019 13:00,1,0
03/07/2019 14:00,1,0
03/07/2019 15:00,1,0
03/07/2019 16:00,1,0
03/07/2019 17:00,0,0
03/07/2019 18:00,0,0
03/07/2019 19:00,0,0
03/07/2019 20:00,1,0
03/07/2019 21:00,1,0
03/07/2019 22:00,1,0
03/07/2019 23:00,1,0
03/08/2019 00:00,1,0
03/08/2019 01:00,1,0
03/08/2019 02:00,1,0
03/08/2019 03:00,1,0
03/08/2019 04:00,1,0
03/08/2019 05:00,1,0
03/08/2019 06:00,1,0
03/08/2019 07:00,1,0
03/08/2019 08:00,1,0
03/08/2019 09:00,1,0
03/08/2019 10:00,1,0
03/08/2019 11:00,0,0
03/08/2019 12:00,0,0
03/08/2019 13:00,0,0
03/08/2019 14:00,0,0
03/08/2019 15:00,0,0
03/08/2019 16:00,0,0
03/08/2019 17:00,0,0
03/08/2019 18:00,0,0
03/08/2019 19:00,1,0
03/08/2019 20:00,1,0
03/08/2019 21:00,1,0
03/08/2019 22:00,1,0
03/08/2019 23:00,1,0
03/09/2019 00:00,1,0
03/09/2019 01:00,1,0
03/09/2019 02:00,1,0
03/09/2019 03:00,1,0
03/09/2019 04:00,1,0
03/09/2019 05:00,1,0
03/09/2019 06:00,1,0
03/09/2019 07:00,0,0
03/09/2019 08:00,1,0
03/09/2019 09:00,1,0
03/09/2019 10:00,1,0
03/09/2019 11:00,1,0
03/09/2019 12:00,1,0
03/09/2019 13:00,1,0
03/09/2019 14:00,0,0
03/09/2019 15:00,0,0
03/09/2019 16:00,1,0
03/09/2019 17:00,1,0
03/09/2019 18:00,1,0
03/09/2019 19:00,0,0
03/09/2019 20:00,0,0
03/09/2019 21:00,0,0
03/09/2019 22:00,0,0
03/09/2019 23:00,0,0
03/10/2019 00:00,0,0
03/10/2019 01:00,1,0
03/10/2019 02:00,1,0
03/10/2019 03:00,1,0
03/10/2019 04:00,1,0
03/10/2019 05:00,1,0
03/10/2019 06:00,1,0
03/10/2019 07:00,1,0
03/10/2019 08:00,1,0
03/10/2019 09:00,1,0
03/10/2019 10:00,1,0
03/10/2019 11:00,1,0
03/10/2019 12:00,1,0
03/10/2019 13:00,0,0
03/10/2019 14:00,0,0
03/10/2019 15:00,0,0
03/10/2019 16:00,0,0
03/10/2019 17:00,0,0
03/10/2019 18:00,0,0
03/10/2019 19:00,0,0
03/10/2019 20:00,0,0
03/10/2019 21:00,0,0
03/10/2019 22:00,0,0
03/10/2019 23:00,0,0
03/11/2019 00:00,0,0
03/11/2019 01:00,1,0
03/11/2019 02:00,1,0
03/11/2019 03:00,1,0
03/11/2019 04:00,1,0
03/11/2019 05:00,1,0
03/11/2019 06:00,1,0
03/11/2019 07:00,1,0
03/11/2019 08:00,0,0
03/11/2019 09:00,1,0
03/11/2019 10:00,1,0
03/11/2019 11:00,1,0
03/11/2019 12:00,1,0
03/11/2019 13:00,1,0
03/11/2019 14:00,1,0
03/11/2019 15:00,0,0
03/11/2019 16:00,1,0
03/11/2019 17:00,0,0
03/11/2019 18:00,1,0
03/11/2019 19:00,0,0
03/11/2019 20:00,0,0
03/11/2019 21:00,1,0
03/11/2019 22:00,1,0
03/11/2019 23:00,1,0
03/12/2019 00:00,0,0
03/12/2019 01:00,1,0
03/12/2019 02:00,0,0
03/12/2019 03:00,1,0
03/12/2019 04:00,1,0
03/12/2019 05:00,1,0
03/12/2019 06:00,1,0
03/12/2019 07:00,1,0
03/12/2019 08:00,1,0
03/12/2019 09:00,1,0
03/12/2019 10:00,1,0
03/12/2019 11:00,1,0
03/12/2019 12:00,0,0
03/12/2019 13:00,0,0
03/12/2019 14:00,0,0
03/12/2019 15:00,0,0
03/12/2019 16:00,0,0
03/12/2019 17:00,0,0
03/12/2019 18:00,0,0
03/12/2019 19:00,0,0
03/12/2019 20:00,0,0
03/12/2019 21:00,0,0
03/12/2019 22:00,0,0
03/12/2019 23:00,1,0
03/13/2019 00:00,1,0
03/13/2019 01:00,1,0
03/13/2019 02:00,0,0
03/13/2019 03:00,0,0
03/13/2019 04:00,0,0
03/13/2019 05:00,0,0
03/13/2019 06:00,1,0
03/13/2019 07:00,1,0
03/13/2019 08:00,1,0
03/13/2019 09:00,1,0
03/13/2019 10:00,0,0
03/13/2019 11:00,1,0
03/13/2019 12:00,1,0
03/13/2019 13:00,0,0
03/13/2019 14:00,0,0
03/13/2019 15:00,0,0
03/13/2019 16:00,0,0
03/13/2019 17:00,0,0
03/13/2019 18:00,0,0
03/13/2019 19:00,0,0
03/13/2019 20:00,0,0
03/13/2019 21:00,0,0
03/13/2019 22:00,0,0
03/13/2019 23:00,0,0
03/14/2019 00:00,0,0
03/14/2019 01:00,0,0
03/14/2019 02:00,0,0
03/14/2019 03:00,1,0
03/14/2019 04:00,1,0
03/14/2019 05:00,1,0
03/14/2019 06:00,1,0
03/14/2019 07:00,1,0
03/14/2019 08:00,1,0
03/14/2019 09:00,0,0
03/14/2019 10:00,0,0
03/14/2019 11:00,0,0
03/14/2019 12:00,1,0
03/14/2019 13:00,1,0
03/14/2019 14:00,0,0
03/14/2019 15:00,0,0
03/14/2019 16:00,0,0
03/14/2019 17:00,1,0
03/14/2019 18:00,1,0
03/14/2019 19:00,1,0
03/14/2019 20:00,0,0
03/14/2019 21:00,0,0
03/14/2019 22:00,1,0
03/14/2019 23:00,1,0
03/15/2019 00:00,1,0
03/15/2019 01:00,1,0
03/15/2019 02:00,0,0
03/15/2019 03:00,0,0
03/15/2019 04:00,1,0
03/15/2019 05:00,1,0
03/15/2019 06:00,0,1
03/15/2019 07:00,0,1
03/15/2019 08:00,0,1
03/15/2019 09:00,0,1
03/15/2019 10:00,1,0
03/15/2019 11:00,0,0
03/15/2019 12:00,1,0
03/15/2019 13:00,1,0
03/15/2019 14:00,0,0
03/15/2019 15:00,1,0
03/15/2019 16:00,1,0
03/15/2019 17:00,1,0
03/15/2019 18:00,1,0
03/15/2019 19:00,0,0
03/15/2019 20:00,0,0
03/15/2019 21:00,0,0
03/15/2019 22:00,0,0
03/15/2019 23:00,0,0
03/16/2019 00:00,0,0
03/16/2019 01:00,0,0
03/16/2019 02:00,1,0
03/16/2019 03:00,1,0
03/16/2019 04:00,1,0
03/16/2019 05:00,0,0
03/16/2019 06:00,0,0
03/16/2019 07:00,0,0
03/16/2019 08:00,1,0
03/16/2019 09:00,0,0
03/16/2019 10:00,1,0
03/16/2019 11:00,1,0
03/16/2019 12:00,1,0
03/16/2019 13:00,0,0
03/16/2019 14:00,0,0
03/16/2019 15:00,0,0
03/16/2019 16:00,0,0
03/16/2019 17:00,0,0
03/16/2019 18:00,0,0
03/16/2019 19:00,0,0
03/16/2019 20:00,0,0
03/16/2019 21:00,0,0
03/16/2019 22:00,0,0
03/16/2019 23:00,0,0
03/17/2019 00:00,1,0
03/17/2019 01:00,1,0
03/17/2019 02:00,1,0
03/17/2019 03:00,1,0
03/17/2019 04:00,1,0
03/17/2019 05:00,1,0
03/17/2019 06:00,1,0
03/17/2019 07:00,1,0
03/17/2019 08:00,0,0
03/17/2019 09:00,1,0
03/17/2019 10:00,1,0
03/17/2019 11:00,1,0
03/17/2019 12:00,1,0
03/17/2019 13:00,1,0
03/17/2019 14:00,0,0
03/17/2019 15:00,0,0
03/17/2019 16:00,1,0
03/17/2019 17:00,0,0
03/17/2019 18:00,0,0
03/17/2019 19:00,1,0
03/17/2019 20:00,0,0
03/17/2019 21:00,1,0
03/17/2019 22:00,1,1
03/17/2019 23:00,1,0
03/18/2019 00:00,1,0
03/18/2019 01:00,1,0
03/18/2019 02:00,1,1
03/18/2019 03:00,1,0
03/18/2019 04:00,1,0
03/18/2019 05:00,1,0
03/18/2019 06:00,0,0
03/18/2019 07:00,0,0
03/18/2019 08:00,0,0
03/18/2019 09:00,0,0
03/18/2019 10:00,1,0
03/18/2019 11:00,1,0
03/18/2019 12:00,1,0
03/18/2019 13:00,1,0
03/18/2019 14:00,1,0
03/18/2019 15:00,0,0
03/18/2019 16:00,0,0
03/18/2019 17:00,1,0
03/18/2019 18:00,1,0
03/18/2019 19:00,0,0
03/18/2019 20:00,0,0
03/18/2019 21:00,0,1
03/18/2019 22:00,1,1
03/18/2019 23:00,1,0
03/19/2019 00:00,1,0
03/19/2019 01:00,1,0
03/19/2019 02:00,1,0
03/19/2019 03:00,1,0
03/19/2019 04:00,1,0
03/19/2019 05:00,1,0
03/19/2019 06:00,1,0
03/19/2019 07:00,1,0
03/19/2019 08:00,1,0
03/19/2019 09:00,1,0
03/19/2019 10:00,1,0
03/19/2019 11:00,1,0
03/19/2019 12:00,1,0
03/19/2019 13:00,1,0
03/19/2019 14:00,1,0
03/19/2019 15:00,0,1
03/19/2019 16:00,0,0
03/19/2019 17:00,0,0
03/19/2019 18:00,0,0
03/19/2019 19:00,0,0
03/19/2019 20:00,0,0
03/19/2019 21:00,0,0
03/19/2019 22:00,0,0
03/19/2019 23:00,0,0
03/20/2019 00:00,0,0
03/20/2019 01:00,0,0
03/20/2019 02:00,0,0
03/20/2019 03:00,0,0
03/20/2019 04:00,0,0
03/20/2019 05:00,1,0
03/20/2019 06:00,0,0
03/20/2019 07:00,1,0
03/20/2019 08:00,1,0
03/20/2019 09:00,1,0
03/20/2019 10:00,1,0
03/20/2019 11:00,1,0
03/20/2019 12:00,1,0
03/20/2019 13:00,1,0
03/20/2019 14:00,1,0
03/20/2019 15:00,1,0
03/20/2019 16:00,1,0
03/20/2019 17:00,0,0
03/20/2019 18:00,0,0
03/20/2019 19:00,0,0
03/20/2019 20:00,0,0
03/20/2019 21:00,0,0
03/20/2019 22:00,0,0
03/20/2019 23:00,0,0
03/21/2019 00:00,1,1
03/21/2019 01:00,0,0
03/21/2019 02:00,1,0
03/21/2019 03:00,1,0
03/21/2019 04:00,1,0
03/21/2019 05:00,1,0
03/21/2019 06:00,0,0
03/21/2019 07:00,1,0
03/21/2019 08:00,1,0
03/21/2019 09:00,1,0
03/21/2019 10:00,1,0
03/21/2019 11:00,1,0
03/21/2019 12:00,1,0
03/21/2019 13:00,1,0
03/21/2019 14:00,1,0
03/21/2019 15:00,0,0
03/21/2019 16:00,0,0
03/21/2019 17:00,0,0
03/21/2019 18:00,1,0
03/21/2019 19:00,1,0
03/21/2019 20:00,1,0
03/21/2019 21:00,1,0
03/21/2019 22:00,1,0
03/21/2019 23:00,1,0
03/22/2019 00:00,1,0
03/22/2019 01:00,1,0
03/22/2019 02:00,1,0
03/22/2019 03:00,1,0
03/22/2019 04:00,1,0
03/22/2019 05:00,1,0
03/22/2019 06:00,1,0
03/22/2019 07:00,1,0
03/22/2019 08:00,0,0
03/22/2019 09:00,1,0
03/22/2019 10:00,1,0
03/22/2019 11:00,1,0
03/22/2019 12:00,1,0
03/22/2019 13:00,1,0
03/22/2019 14:00,0,0
03/22/2019 15:00,0,0
03/22/2019 16:00,1,0
03/22/2019 17:00,1,0
03/22/2019 18:00,1,0
03/22/2019 19:00,0,0
03/22/2019 20:00,1,0
03/22/2019 21:00,1,0
03/22/2019 22:00,1,0
03/22/2019 23:00,1,0
03/23/2019 00:00,0,0
03/23/2019 01:00,0,0
03/23/2019 02:00,1,0
03/23/2019 03:00,1,0
03/23/2019 04:00,1,0
03/23/2019 05:00,1,0
03/23/2019 06:00,1,0
03/23/2019 07:00,1,0
03/23/2019 08:00,1,0
03/23/2019 09:00,1,0
03/23/2019 10:00,1,0
03/23/2019 11:00,1,0
03/23/2019 12:00,1,0
03/23/2019 13:00,1,0
03/23/2019 14:00,1,0
03/23/2019 15:00,0,0
03/23/2019 16:00,1,0
03/23/2019 17:00,1,0
03/23/2019 18:00,0,0
03/23/2019 19:00,0,0
03/23/2019 20:00,0,0
03/23/2019 21:00,1,0
03/23/2019 22:00,1,0
03/23/2019 23:00,1,0
03/24/2019 00:00,0,0
03/24/2019 01:00,1,0
03/24/2019 02:00,1,0
03/24/2019 03:00,1,0
03/24/2019 04:00,1,0
03/24/2019 05:00,1,0
03/24/2019 06:00,1,0
03/24/2019 07:00,1,0
03/24/2019 08:00,1,0
03/24/2019 09:00,1,0
03/24/2019 10:00,1,0
03/24/2019 11:00,1,0
03/24/2019 12:00,1,0
03/24/2019 13:00,0,0
03/24/2019 14:00,0,0
03/24/2019 15:00,0,0
03/24/2019 16:00,1,0
03/24/2019 17:00,1,0
03/24/2019 18:00,1,0
03/24/2019 19:00,0,0
03/24/2019 20:00,0,0
03/24/2019 21:00,0,0
03/24/2019 22:00,0,0
03/24/2019 23:00,1,0
03/25/2019 00:00,1,0
03/25/2019 01:00,1,0
03/25/2019 02:00,1,0
03/25/2019 03:00,1,0
03/25/2019 04:00,1,0
03/25/2019 05:00,1,0
03/25/2019 06:00,1,0
03/25/2019 07:00,1,0
03/25/2019 08:00,1,0
03/25/2019 09:00,1,0
03/25/2019 10:00,1,0
03/25/2019 11:00,1,0
03/25/2019 12:00,1,0
03/25/2019 13:00,1,0
03/25/2019 14:00,0,0
03/25/2019 15:00,1,0
03/25/2019 16:00,0,0
03/25/2019 17:00,1,0
03/25/2019 18:00,1,0
03/25/2019 19:00,1,0
03/25/2019 20:00,1,0
03/25/2019 21:00,1,0
03/25/2019 22:00,1,0
03/25/2019 23:00,1,0
03/26/2019 00:00,1,0
03/26/2019 01:00,1,0
03/26/2019 02:00,1,0
03/26/2019 03:00,1,0
03/26/2019 04:00,1,0
03/26/2019 05:00,1,0
03/26/2019 06:00,0,0
03/26/2019 07:00,1,0
03/26/2019 08:00,1,0
03/26/2019 09:00,1,0
03/26/2019 10:00,1,0
03/26/2019 11:00,1,0
03/26/2019 12:00,1,0
03/26/2019 13:00,1,0
03/26/2019 14:00,1,0
03/26/2019 15:00,0,0
03/26/2019 16:00,1,0
03/26/2019 17:00,0,0
03/26/2019 18:00,0,0
03/26/2019 19:00,0,0
03/26/2019 20:00,1,0
03/26/2019 21:00,1,0
03/26/2019 22:00,1,0
03/26/2019 23:00,1,0
03/27/2019 00:00,1,1
03/27/2019 01:00,1,0
03/27/2019 02:00,1,0
03/27/2019 03:00,1,0
03/27/2019 04:00,1,0
03/27/2019 05:00,1,0
03/27/2019 06:00,1,0
03/27/2019 07:00,1,0
03/27/2019 08:00,1,0
03/27/2019 09:00,1,0
03/27/2019 10:00,0,0
03/27/2019 11:00,0,0
03/27/2019 12:00,1,0
03/27/2019 13:00,0,0
03/27/2019 14:00,0,0
03/27/2019 15:00,0,0
03/27/2019 16:00,0,0
03/27/2019 17:00,1,0
03/27/2019 18:00,0,0
03/27/2019 19:00,1,0
03/27/2019 20:00,1,0
03/27/2019 21:00,1,0
03/27/2019 22:00,1,0
03/27/2019 23:00,1,0
03/28/2019 00:00,0,0
03/28/2019 01:00,0,0
03/28/2019 02:00,1,0
03/28/2019 03:00,1,0
03/28/2019 04:00,1,0
03/28/2019 05:00,1,0
03/28/2019 06:00,1,0
03/28/2019 07:00,1,0
03/28/2019 08:00,1,0
03/28/2019 09:00,1,0
03/28/2019 10:00,1,0
03/28/2019 11:00,1,0
03/28/2019 12:00,1,0
03/28/2019 13:00,1,0
03/28/2019 14:00,1,0
03/28/2019 15:00,1,0
03/28/2019 16:00,1,0
03/28/2019 17:00,1,0
03/28/2019 18:00,0,0
03/28/2019 19:00,1,0
03/28/2019 20:00,1,0
03/28/2019 21:00,1,0
03/28/2019 22:00,0,0
03/28/2019 23:00,0,1
03/29/2019 00:00,1,0
03/29/2019 01:00,1,0
03/29/2019 02:00,1,0
03/29/2019 03:00,1,0
03/29/2019 04:00,1,0
03/29/2019 05:00,1,0
03/29/2019 06:00,1,0
03/29/2019 07:00,1,0
03/29/2019 08:00,1,0
03/29/2019 09:00,1,0
03/29/2019 10:00,1,0
03/29/2019 11:00,1,0
03/29/2019 12:00,1,0
03/29/2019 13:00,1,0
03/29/2019 14:00,1,0
03/29/2019 15:00,1,0
03/29/2019 16:00,1,0
03/29/2019 17:00,1,0
03/29/2019 18:00,0,0
03/29/2019 19:00,0,0
03/29/2019 20:00,0,0
03/29/2019 21:00,0,0
03/29/2019 22:00,1,0
03/29/2019 23:00,1,0
03/30/2019 00:00,1,0
03/30/2019 01:00,0,0
03/30/2019 02:00,0,0
03/30/2019 03:00,1,0
03/30/2019 04:00,1,0
03/30/2019 05:00,1,0
03/30/2019 06:00,1,0
03/30/2019 07:00,1,0
03/30/2019 08:00,0,0
03/30/2019 09:00,0,0
03/30/2019 10:00,0,0
03/30/2019 11:00,1,0
03/30/2019 12:00,1,0
03/30/2019 13:00,1,0
03/30/2019 14:00,1,0
03/30/2019 15:00,0,0
03/30/2019 16:00,0,0
03/30/2019 17:00,0,0
03/30/2019 18:00,0,0
03/30/2019 19:00,0,0
03/30/2019 20:00,0,0
03/30/2019 21:00,0,0
03/30/2019 22:00,0,0
03/30/2019 23:00,1,0
03/31/2019 00:00,1,0
03/31/2019 01:00,1,0
03/31/2019 02:00,1,0
03/31/2019 03:00,1,0
03/31/2019 04:00,1,0
03/31/2019 05:00,1,0
03/31/2019 06:00,1,0
03/31/2019 07:00,0,0
03/31/2019 08:00,0,0
03/31/2019 09:00,0,0
03/31/2019 10:00,1,0
03/31/2019 11:00,1,0
03/31/2019 12:00,0,0
03/31/2019 13:00,0,0
03/31/2019 14:00,0,0
03/31/2019 15:00,0,0
03/31/2019 16:00,0,0
03/31/2019 17:00,0,0
03/31/2019 18:00,0,0
03/31/2019 19:00,0,0
03/31/2019 20:00,0,0
03/31/2019 21:00,1,0
03/31/2019 22:00,0,0
03/31/2019 23:00,1,0
04/01/2019 00:00,1,0
04/01/2019 01:00,1,0
04/01/2019 02:00,1,0
04/01/2019 03:00,1,0
04/01/2019 04:00,1,0
04/01/2019 05:00,1,0
04/01/2019 06:00,1,0
04/01/2019 07:00,0,0
04/01/2019 08:00,0,0
04/01/2019 09:00,0,0
04/01/2019 10:00,0,0
04/01/2019 11:00,1,0
04/01/2019 12:00,1,0
04/01/2019 13:00,1,0
04/01/2019 14:00,0,0
04/01/2019 15:00,0,0
04/01/2019 16:00,0,0
04/01/2019 17:00,0,0
04/01/2019 18:00,0,0
04/01/2019 19:00,0,0
04/01/2019 20:00,1,0
04/01/2019 21:00,1,0
04/01/2019 22:00,1,0
04/01/2019 23:00,1,0
04/02/2019 00:00,1,0
04/02/2019 01:00,1,0
04/02/2019 02:00,1,0
04/02/2019 03:00,1,0
04/02/2019 04:00,1,0
04/02/2019 05:00,1,0
04/02/2019 06:00,1,0
04/02/2019 07:00,1,0
04/02/2019 08:00,1,0
04/02/2019 09:00,1,0
04/02/2019 10:00,1,0
04/02/2019 11:00,1,0
04/02/2019 12:00,1,0
04/02/2019 13:00,1,0
04/02/2019 14:00,1,0
04/02/2019 15:00,1,0
04/02/2019 16:00,0,0
04/02/2019 17:00,0,0
04/02/2019 18:00,0,0
04/02/2019 19:00,0,0
04/02/2019 20:00,0,0
04/02/2019 21:00,1,0
04/02/2019 22:00,1,0
04/02/2019 23:00,1,0
04/03/2019 00:00,1,0
04/03/2019 01:00,1,0
04/03/2019 02:00,0,0
04/03/2019 03:00,1,0
04/03/2019 04:00,1,0
04/03/2019 05:00,0,0
04/03/2019 06:00,0,0
04/03/2019 07:00,0,0
04/03/2019 08:00,1,0
04/03/2019 09:00,0,0
04/03/2019 10:00,0,0
04/03/2019 11:00,0,0
04/03/2019 12:00,0,0
04/03/2019 13:00,0,0
04/03/2019 14:00,0,0
04/03/2019 15:00,0,0
04/03/2019 16:00,0,0
04/03/2019 17:00,0,0
04/03/2019 18:00,1,0
04/03/2019 19:00,1,0
04/03/2019 20:00,0,0
04/03/2019 21:00,0,0
04/03/2019 22:00,1,0
04/03/2019 23:00,1,0
04/04/2019 00:00,0,0
04/04/2019 01:00,0,0
04/04/2019 02:00,0,0
04/04/2019 03:00,0,0
04/04/2019 04:00,1,0
04/04/2019 05:00,1,0
04/04/2019 06:00,0,0
04/04/2019 07:00,0,0
04/04/2019 08:00,1,0
04/04/2019 09:00,1,0
04/04/2019 10:00,1,0
04/04/2019 11:00,1,0
04/04/2019 12:00,1,0
04/04/2019 13:00,1,0
04/04/2019 14:00,0,0
04/04/2019 15:00,0,0
04/04/2019 16:00,1,0
04/04/2019 17:00,1,0
04/04/2019 18:00,0,0
04/04/2019 19:00,0,0
04/04/2019 20:00,1,0
04/04/2019 21:00,1,0
04/04/2019 22:00,1,0
04/04/2019 23:00,1,0
04/05/2019 00:00,0,0
04/05/2019 01:00,0,0
04/05/2019 02:00,0,0
04/05/2019 03:00,0,0
04/05/2019 04:00,1,0
04/05/2019 05:00,1,0
04/05/2019 06:00,1,0
04/05/2019 07:00,1,0
04/05/2019 08:00,1,0
04/05/2019 09:00,1,0
04/05/2019 10:00,1,0
04/05/2019 11:00,1,0
04/05/2019 12:00,1,0
04/05/2019 13:00,1,0
04/05/2019 14:00,1,0
04/05/2019 15:00,1,0
04/05/2019 16:00,1,0
04/05/2019 17:00,1,0
04/05/2019 18:00,0,0
04/05/2019 19:00,0,0
04/05/2019 20:00,0,0
04/05/2019 21:00,0,0
04/05/2019 22:00,0,0
04/05/2019 23:00,0,0
04/06/2019 00:00,0,0
04/06/2019 01:00,0,0
04/06/2019 02:00,0,0
04/06/2019 03:00,1,0
04/06/2019 04:00,1,0
04/06/2019 05:00,1,0
04/06/2019 06:00,1,0
04/06/2019 07:00,0,0
04/06/2019 08:00,0,0
04/06/2019 09:00,0,0
04/06/2019 10:00,1,0
04/06/2019 11:00,1,0
04/06/2019 12:00,1,0
04/06/2019 13:00,1,0
04/06/2019 14:00,0,0
04/06/2019 15:00,1,0
04/06/2019 16:00,0,0
04/06/2019 17:00,0,0
04/06/2019 18:00,1,0
04/06/2019 19:00,1,0
04/06/2019 20:00,0,0
04/06/2019 21:00,0,0
04/06/2019 22:00,1,0
04/06/2019 23:00,0,0
04/07/2019 00:00,1,0
04/07/2019 01:00,0,0
04/07/2019 02:00,0,0
04/07/2019 03:00,1,0
04/07/2019 04:00,1,0
04/07/2019 05:00,1,0
04/07/2019 06:00,1,0
04/07/2019 07:00,0,0
04/07/2019 08:00,0,0
04/07/2019 09:00,0,0
04/07/2019 10:00,0,0
04/07/2019 11:00,0,0
04/07/2019 12:00,0,0
04/07/2019 13:00,1,0
04/07/2019 14:00,1,0
04/07/2019 15:00,0,0
04/07/2019 16:00,0,0
04/07/2019 17:00,1,0
04/07/2019 18:00,1,0
04/07/2019 19:00,1,0
04/07/2019 20:00,0,0
04/07/2019 21:00,0,0
04/07/2019 22:00,0,0
04/07/2019 23:00,1,0
04/08/2019 00:00,1,0
04/08/2019 01:00,1,0
04/08/2019 02:00,1,0
04/08/2019 03:00,1,0
04/08/2019 04:00,1,0
04/08/2019 05:00,1,0
04/08/2019 06:00,1,0
04/08/2019 07:00,1,0
04/08/2019 08:00,1,0
04/08/2019 09:00,1,0
04/08/2019 10:00,1,0
04/08/2019 11:00,0,0
04/08/2019 12:00,1,0
04/08/2019 13:00,0,0
04/08/2019 14:00,0,0
04/08/2019 15:00,0,0
04/08/2019 16:00,0,0
04/08/2019 17:00,0,0
04/08/2019 18:00,0,0
04/08/2019 19:00,0,0
04/08/2019 20:00,0,0
04/08/2019 21:00,0,0
04/08/2019 22:00,1,0
04/08/2019 23:00,1,0
04/09/2019 00:00,1,0
04/09/2019 01:00,1,0
04/09/2019 02:00,1,0
04/09/2019 03:00,1,0
04/09/2019 04:00,1,0
04/09/2019 05:00,1,0
04/09/2019 06:00,1,0
04/09/2019 07:00,1,0
04/09/2019 08:00,1,0
04/09/2019 09:00,1,0
04/09/2019 10:00,1,0
04/09/2019 11:00,1,0
04/09/2019 12:00,0,0
04/09/2019 13:00,0,0
04/09/2019 14:00,1,0
04/09/2019 15:00,0,0
04/09/2019 16:00,0,0
04/09/2019 17:00,0,0
04/09/2019 18:00,0,0
04/09/2019 19:00,0,0
04/09/2019 20:00,0,0
04/09/2019 21:00,0,0
04/09/2019 22:00,0,0
04/09/2019 23:00,1,0
04/10/2019 00:00,1,0
04/10/2019 01:00,1,0
04/10/2019 02:00,1,0
04/10/2019 03:00,1,0
04/10/2019 04:00,1,0
04/10/2019 05:00,1,0
04/10/2019 06:00,1,0
04/10/2019 07:00,0,0
04/10/2019 08:00,0,0
04/10/2019 09:00,0,0
04/10/2019 10:00,0,0
04/10/2019 11:00,0,0
04/10/2019 12:00,0,0
04/10/2019 13:00,0,0
04/10/2019 14:00,0,0
04/10/2019 15:00,0,0
04/10/2019 16:00,0,0
04/10/2019 17:00,0,0
04/10/2019 18:00,0,0
04/10/2019 19:00,0,0
04/10/2019 20:00,0,0
04/10/2019 21:00,0,0
04/10/2019 22:00,0,0
04/10/2019 23:00,0,0
04/11/2019 00:00,0,0
04/11/2019 01:00,0,0
04/11/2019 02:00,0,0
04/11/2019 03:00,0,0
04/11/2019 04:00,1,0
04/11/2019 05:00,0,0
04/11/2019 06:00,1,0
04/11/2019 07:00,0,0
04/11/2019 08:00,0,0
04/11/2019 09:00,0,0
04/11/2019 10:00,0,0
04/11/2019 11:00,0,0
04/11/2019 12:00,0,0
04/11/2019 13:00,0,0
04/11/2019 14:00,0,0
04/11/2019 15:00,0,0
04/11/2019 16:00,0,0
04/11/2019 17:00,0,0
04/11/2019 18:00,0,0
04/11/2019 19:00,0,0
04/11/2019 20:00,0,0
04/11/2019 21:00,0,0
04/11/2019 22:00,0,0
04/11/2019 23:00,1,0
04/12/2019 00:00,1,0
04/12/2019 01:00,0,0
04/12/2019 02:00,1,0
04/12/2019 03:00,1,0
04/12/2019 04:00,1,0
04/12/2019 05:00,1,0
04/12/2019 06:00,1,0
04/12/2019 07:00,1,0
04/12/2019 08:00,1,0
04/12/2019 09:00,1,0
04/12/2019 10:00,0,0
04/12/2019 11:00,1,0
04/12/2019 12:00,0,0
04/12/2019 13:00,1,0
04/12/2019 14:00,1,0
04/12/2019 15:00,0,0
04/12/2019 16:00,0,0
04/12/2019 17:00,0,0
04/12/2019 18:00,0,0
04/12/2019 19:00,0,0
04/12/2019 20:00,0,0
04/12/2019 21:00,0,0
04/12/2019 22:00,0,0
04/12/2019 23:00,0,0
04/13/2019 00:00,0,0
04/13/2019 01:00,0,0
04/13/2019 02:00,0,0
04/13/2019 03:00,1,0
04/13/2019 04:00,1,0
04/13/2019 05:00,1,0
04/13/2019 06:00,1,0
04/13/2019 07:00,1,0
04/13/2019 08:00,1,0
04/13/2019 09:00,1,0
04/13/2019 10:00,1,0
04/13/2019 11:00,1,0
04/13/2019 12:00,1,0
04/13/2019 13:00,0,0
04/13/2019 14:00,0,0
04/13/2019 15:00,0,0
04/13/2019 16:00,0,0
04/13/2019 17:00,0,0
04/13/2019 18:00,1,0
04/13/2019 19:00,0,0
04/13/2019 20:00,0,0
04/13/2019 21:00,0,0
04/13/2019 22:00,0,0
04/13/2019 23:00,0,0
04/14/2019 00:00,0,0
04/14/2019 01:00,1,0
04/14/2019 02:00,1,0
04/14/2019 03:00,0,0
04/14/2019 04:00,1,0
04/14/2019 05:00,1,0
04/14/2019 06:00,1,0
04/14/2019 07:00,1,0
04/14/2019 08:00,1,0
04/14/2019 09:00,1,0
04/14/2019 10:00,0,0
04/14/2019 11:00,1,0
04/14/2019 12:00,1,0
04/14/2019 13:00,1,0
04/14/2019 14:00,1,0
04/14/2019 15:00,1,0
04/14/2019 16:00,0,0
04/14/2019 17:00,0,0
04/14/2019 18:00,0,0
04/14/2019 19:00,0,0
04/14/2019 20:00,1,0
04/14/2019 21:00,0,0
04/14/2019 22:00,1,0
04/14/2019 23:00,0,0
04/15/2019 00:00,0,0
04/15/2019 01:00,0,0
04/15/2019 02:00,0,0
04/15/2019 03:00,1,0
04/15/2019 04:00,1,0
04/15/2019 05:00,1,0
04/15/2019 06:00,1,0
04/15/2019 07:00,0,0
04/15/2019 08:00,0,0
04/15/2019 09:00,0,0
04/15/2019 10:00,1,0
04/15/2019 11:00,0,0
04/15/2019 12:00,0,0
04/15/2019 13:00,0,0
04/15/2019 14:00,0,0
04/15/2019 15:00,0,0
04/15/2019 16:00,0,0
04/15/2019 17:00,0,0
04/15/2019 18:00,0,0
04/15/2019 19:00,0,0
04/15/2019 20:00,0,0
04/15/2019 21:00,0,0
04/15/2019 22:00,0,0
04/15/2019 23:00,0,0
04/16/2019 00:00,1,0
04/16/2019 01:00,1,0
04/16/2019 02:00,1,0
04/16/2019 03:00,1,0
04/16/2019 04:00,1,0
04/16/2019 05:00,1,0
04/16/2019 06:00,1,0
04/16/2019 07:00,1,0
04/16/2019 08:00,1,0
04/16/2019 09:00,1,0
04/16/2019 10:00,1,0
04/16/2019 11:00,0,0
04/16/2019 12:00,1,0
04/16/2019 13:00,0,0
04/16/2019 14:00,1,0
04/16/2019 15:00,0,0
04/16/2019 16:00,0,0
04/16/2019 17:00,0,0
04/16/2019 18:00,0,0
04/16/2019 19:00,0,0
04/16/2019 20:00,0,0
04/16/2019 21:00,1,0
04/16/2019 22:00,0,0
04/16/2019 23:00,1,0
04/17/2019 00:00,1,0
04/17/2019 01:00,1,0
04/17/2019 02:00,0,0
04/17/2019 03:00,1,0
04/17/2019 04:00,1,0
04/17/2019 05:00,1,0
04/17/2019 06:00,1,0
04/17/2019 07:00,1,0
04/17/2019 08:00,1,0
04/17/2019 09:00,1,0
04/17/2019 10:00,1,0
04/17/2019 11:00,1,0
04/17/2019 12:00,1,0
04/17/2019 13:00,1,0
04/17/2019 14:00,0,0
04/17/2019 15:00,0,0
04/17/2019 16:00,0,0
04/17/2019 17:00,0,0
04/17/2019 18:00,0,0
04/17/2019 19:00,0,0
04/17/2019 20:00,0,0
04/17/2019 21:00,0,0
04/17/2019 22:00,0,0
04/17/2019 23:00,0,0
04/18/2019 00:00,0,0
04/18/2019 01:00,0,1
04/18/2019 02:00,0,0
04/18/2019 03:00,1,0
04/18/2019 04:00,1,0
04/18/2019 05:00,1,0
04/18/2019 06:00,0,0
04/18/2019 07:00,0,0
04/18/2019 08:00,0,0
04/18/2019 09:00,0,0
04/18/2019 10:00,0,0
04/18/2019 11:00,1,0
04/18/2019 12:00,0,0
04/18/2019 13:00,0,0
04/18/2019 14:00,0,0
04/18/2019 15:00,0,0
04/18/2019 16:00,0,0
04/18/2019 17:00,0,0
04/18/2019 18:00,0,0
04/18/2019 19:00,0,0
04/18/2019 20:00,0,0
04/18/2019 21:00,0,0
04/18/2019 22:00,1,0
04/18/2019 23:00,0,0
04/19/2019 00:00,0,0
04/19/2019 01:00,0,0
04/19/2019 02:00,0,0
04/19/2019 03:00,1,0
04/19/2019 04:00,1,0
04/19/2019 05:00,1,0
04/19/2019 06:00,1,0
04/19/2019 07:00,0,0
04/19/2019 08:00,1,0
04/19/2019 09:00,1,0
04/19/2019 10:00,1,0
04/19/2019 11:00,0,0
04/19/2019 12:00,1,0
04/19/2019 13:00,0,0
04/19/2019 14:00,0,0
04/19/2019 15:00,0,0
04/19/2019 16:00,0,0
04/19/2019 17:00,0,0
04/19/2019 18:00,0,0
04/19/2019 19:00,1,0
04/19/2019 20:00,0,0
04/19/2019 21:00,0,0
04/19/2019 22:00,0,0
04/19/2019 23:00,0,1
04/20/2019 00:00,0,1
04/20/2019 01:00,0,0
04/20/2019 02:00,0,0
04/20/2019 03:00,0,0
04/20/2019 04:00,1,0
04/20/2019 05:00,1,0
04/20/2019 06:00,1,0
04/20/2019 07:00,1,0
04/20/2019 08:00,1,0
04/20/2019 09:00,1,0
04/20/2019 10:00,1,0
04/20/2019 11:00,1,0
04/20/2019 12:00,1,0
04/20/2019 13:00,0,0
04/20/2019 14:00,0,0
04/20/2019 15:00,0,0
04/20/2019 16:00,0,1
04/20/2019 17:00,0,0
04/20/2019 18:00,0,0
04/20/2019 19:00,0,0
04/20/2019 20:00,1,0
04/20/2019 21:00,0,0
04/20/2019 22:00,1,0
04/20/2019 23:00,0,0
04/21/2019 00:00,0,0
04/21/2019 01:00,1,0
04/21/2019 02:00,0,1
04/21/2019 03:00,1,0
04/21/2019 04:00,1,0
04/21/2019 05:00,1,0
04/21/2019 06:00,1,0
04/21/2019 07:00,1,0
04/21/2019 08:00,1,0
04/21/2019 09:00,1,0
04/21/2019 10:00,0,1
04/21/2019 11:00,0,0
04/21/2019 12:00,1,0
04/21/2019 13:00,1,0
04/21/2019 14:00,1,0
04/21/2019 15:00,0,0
04/21/2019 16:00,0,0
04/21/2019 17:00,0,0
04/21/2019 18:00,0,0
04/21/2019 19:00,0,0
04/21/2019 20:00,0,0
04/21/2019 21:00,0,0
04/21/2019 22:00,0,0
04/21/2019 23:00,0,0
04/22/2019 00:00,1,0
04/22/2019 01:00,1,0
04/22/2019 02:00,0,0
04/22/2019 03:00,1,0
04/22/2019 04:00,1,0
04/22/2019 05:00,1,0
04/22/2019 06:00,1,0
04/22/2019 07:00,1,0
04/22/2019 08:00,1,0
04/22/2019 09:00,1,0
04/22/2019 10:00,1,0
04/22/2019 11:00,1,0
04/22/2019 12:00,1,0
04/22/2019 13:00,1,0
04/22/2019 14:00,0,0
04/22/2019 15:00,0,0
04/22/2019 16:00,1,0
04/22/2019 17:00,1,0
04/22/2019 18:00,1,0
04/22/2019 19:00,1,0
04/22/2019 20:00,1,0
04/22/2019 21:00,1,0
04/22/2019 22:00,1,0
04/22/2019 23:00,1,0
04/23/2019 00:00,1,0
04/23/2019 01:00,1,0
04/23/2019 02:00,1,0
04/23/2019 03:00,1,0
04/23/2019 04:00,1,0
04/23/2019 05:00,1,0
04/23/2019 06:00,1,0
04/23/2019 07:00,1,0
04/23/2019 08:00,1,0
04/23/2019 09:00,1,0
04/23/2019 10:00,1,0
04/23/2019 11:00,1,0
04/23/2019 12:00,1,0
04/23/2019 13:00,1,0
04/23/2019 14:00,0,0
04/23/2019 15:00,0,0
04/23/2019 16:00,1,0
04/23/2019 17:00,0,0
04/23/2019 18:00,0,0
04/23/2019 19:00,0,0
04/23/2019 20:00,0,0
04/23/2019 21:00,0,0
04/23/2019 22:00,1,0
04/23/2019 23:00,1,0
04/24/2019 00:00,1,0
04/24/2019 01:00,0,0
04/24/2019 02:00,0,0
04/24/2019 03:00,1,0
04/24/2019 04:00,1,0
04/24/2019 05:00,1,0
04/24/2019 06:00,1,0
04/24/2019 07:00,1,0
04/24/2019 08:00,1,0
04/24/2019 09:00,1,0
04/24/2019 10:00,1,0
04/24/2019 11:00,1,0
04/24/2019 12:00,1,0
04/24/2019 13:00,0,0
04/24/2019 14:00,0,0
04/24/2019 15:00,0,0
04/24/2019 16:00,0,0
04/24/2019 17:00,0,0
04/24/2019 18:00,0,0
04/24/2019 19:00,0,0
04/24/2019 20:00,0,0
04/24/2019 21:00,0,0
04/24/2019 22:00,1,0
04/24/2019 23:00,0,0
04/25/2019 00:00,0,0
04/25/2019 01:00,1,0
04/25/2019 02:00,1,0
04/25/2019 03:00,1,0
04/25/2019 04:00,1,0
04/25/2019 05:00,1,0
04/25/2019 06:00,1,0
04/25/2019 07:00,1,0
04/25/2019 08:00,0,0
04/25/2019 09:00,1,0
04/25/2019 10:00,1,0
04/25/2019 11:00,0,0
04/25/2019 12:00,0,0
04/25/2019 13:00,0,0
04/25/2019 14:00,0,0
04/25/2019 15:00,0,0
04/25/2019 16:00,1,0
04/25/2019 17:00,1,0
04/25/2019 18:00,1,0
04/25/2019 19:00,1,0
04/25/2019 20:00,0,0
04/25/2019 21:00,0,0
04/25/2019 22:00,1,0
04/25/2019 23:00,1,0
04/26/2019 00:00,1,0
04/26/2019 01:00,1,0
04/26/2019 02:00,0,0
04/26/2019 03:00,1,0
04/26/2019 04:00,0,0
04/26/2019 05:00,0,0
04/26/2019 06:00,0,0
04/26/2019 07:00,1,0
04/26/2019 08:00,0,0
04/26/2019 09:00,0,0
04/26/2019 10:00,0,0
04/26/2019 11:00,0,0
04/26/2019 12:00,0,0
04/26/2019 13:00,0,0
04/26/2019 14:00,0,0
04/26/2019 15:00,0,0
04/26/2019 16:00,1,0
04/26/2019 17:00,1,0
04/26/2019 18:00,0,0
04/26/2019 19:00,1,0
04/26/2019 20:00,1,0
04/26/2019 21:00,1,0
04/26/2019 22:00,1,0
04/26/2019 23:00,1,0
04/27/2019 00:00,1,0
04/27/2019 01:00,0,0
04/27/2019 02:00,1,0
04/27/2019 03:00,1,0
04/27/2019 04:00,1,0
04/27/2019 05:00,0,0
04/27/2019 06:00,0,0
04/27/2019 07:00,1,0
04/27/2019 08:00,0,0
04/27/2019 09:00,0,0
04/27/2019 10:00,0,0
04/27/2019 11:00,1,0
04/27/2019 12:00,0,0
04/27/2019 13:00,0,0
04/27/2019 14:00,0,0
04/27/2019 15:00,0,0
04/27/2019 16:00,1,0
04/27/2019 17:00,0,0
04/27/2019 18:00,0,0
04/27/2019 19:00,1,0
04/27/2019 20:00,0,0
04/27/2019 21:00,1,0
04/27/2019 22:00,1,0
04/27/2019 23:00,1,0
04/28/2019 00:00,1,0
04/28/2019 01:00,0,0
04/28/2019 02:00,0,0
04/28/2019 03:00,0,0
04/28/2019 04:00,0,0
04/28/2019 05:00,1,0
04/28/2019 06:00,1,0
04/28/2019 07:00,0,0
04/28/2019 08:00,0,0
04/28/2019 09:00,0,0
04/28/2019 10:00,0,0
04/28/2019 11:00,0,0
04/28/2019 12:00,0,0
04/28/2019 13:00,1,0
04/28/2019 14:00,1,0
04/28/2019 15:00,0,0
04/28/2019 16:00,0,0
04/28/2019 17:00,1,0
04/28/2019 18:00,1,0
04/28/2019 19:00,1,0
04/28/2019 20:00,1,0
04/28/2019 21:00,1,0
04/28/2019 22:00,1,0
04/28/2019 23:00,0,0
04/29/2019 00:00,1,0
04/29/2019 01:00,0,0
04/29/2019 02:00,0,0
04/29/2019 03:00,1,0
04/29/2019 04:00,1,0
04/29/2019 05:00,1,0
04/29/2019 06:00,1,0
04/29/2019 07:00,1,0
04/29/2019 08:00,1,0
04/29/2019 09:00,0,0
04/29/2019 10:00,0,0
04/29/2019 11:00,0,0
04/29/2019 12:00,0,0
04/29/2019 13:00,0,0
04/29/2019 14:00,0,0
04/29/2019 15:00,0,0
04/29/2019 16:00,0,0
04/29/2019 17:00,0,0
04/29/2019 18:00,1,0
04/29/2019 19:00,1,0
04/29/2019 20:00,1,0
04/29/2019 21:00,1,0
04/29/2019 22:00,1,0
04/29/2019 23:00,1,0
04/30/2019 00:00,1,0
04/30/2019 01:00,1,0
04/30/2019 02:00,1,0
04/30/2019 03:00,0,0
04/30/2019 04:00,0,0
04/30/2019 05:00,0,0
04/30/2019 06:00,0,0
04/30/2019 07:00,1,0
04/30/2019 08:00,1,0
04/30/2019 09:00,1,0
04/30/2019 10:00,0,0
04/30/2019 11:00,0,0
04/30/2019 12:00,0,0
04/30/2019 13:00,0,0
04/30/2019 14:00,0,0
04/30/2019 15:00,0,0
04/30/2019 16:00,0,0
04/30/2019 17:00,0,0
04/30/2019 18:00,0,0
04/30/2019 19:00,1,0
04/30/2019 20:00,1,0
04/30/2019 21:00,1,0
04/30/2019 22:00,1,0
04/30/2019 23:00,1,0
05/01/2019 00:00,1,0
05/01/2019 01:00,0,0
05/01/2019 02:00,1,0
05/01/2019 03:00,0,0
05/01/2019 04:00,1,0
05/01/2019 05:00,1,0
05/01/2019 06:00,1,0
05/01/2019 07:00,1,0
05/01/2019 08:00,0,0
05/01/2019 09:00,0,0
05/01/2019 10:00,0,0
05/01/2019 11:00,0,0
05/01/2019 12:00,1,0
05/01/2019 13:00,0,0
05/01/2019 14:00,0,0
05/01/2019 15:00,0,0
05/01/2019 16:00,1,0
05/01/2019 17:00,1,0
05/01/2019 18:00,0,0
05/01/2019 19:00,0,0
05/01/2019 20:00,0,0
05/01/2019 21:00,0,0
05/01/2019 22:00,0,0
05/01/2019 23:00,0,0
05/02/2019 00:00,0,0
05/02/2019 01:00,0,0
05/02/2019 02:00,0,0
05/02/2019 03:00,0,0
05/02/2019 04:00,0,0
05/02/2019 05:00,0,0
05/02/2019 06:00,1,0
05/02/2019 07:00,1,0
05/02/2019 08:00,0,0
05/02/2019 09:00,0,0
05/02/2019 10:00,1,0
05/02/2019 11:00,1,0
05/02/2019 12:00,0,0
05/02/2019 13:00,0,0
05/02/2019 14:00,0,0
05/02/2019 15:00,0,0
05/02/2019 16:00,0,0
05/02/2019 17:00,0,0
05/02/2019 18:00,0,0
05/02/2019 19:00,1,0
05/02/2019 20:00,0,0
05/02/2019 21:00,0,0
05/02/2019 22:00,0,0
05/02/2019 23:00,0,0
05/03/2019 00:00,1,0
05/03/2019 01:00,0,0
05/03/2019 02:00,0,0
05/03/2019 03:00,1,0
05/03/2019 04:00,1,0
05/03/2019 05:00,1,0
05/03/2019 06:00,1,0
05/03/2019 07:00,1,0
05/03/2019 08:00,1,0
05/03/2019 09:00,1,0
05/03/2019 10:00,1,0
05/03/2019 11:00,1,0
05/03/2019 12:00,1,0
05/03/2019 13:00,0,0
05/03/2019 14:00,0,0
05/03/2019 15:00,0,0
05/03/2019 16:00,0,0
05/03/2019 17:00,0,0
05/03/2019 18:00,0,0
05/03/2019 19:00,0,0
05/03/2019 20:00,0,0
05/03/2019 21:00,0,0
05/03/2019 22:00,0,0
05/03/2019 23:00,1,0
05/04/2019 00:00,0,0
05/04/2019 01:00,0,0
05/04/2019 02:00,1,0
05/04/2019 03:00,0,0
05/04/2019 04:00,1,0
05/04/2019 05:00,1,0
05/04/2019 06:00,0,0
05/04/2019 07:00,1,0
05/04/2019 08:00,1,0
05/04/2019 09:00,0,0
05/04/2019 10:00,1,0
05/04/2019 11:00,0,0
05/04/2019 12:00,0,0
05/04/2019 13:00,1,0
05/04/2019 14:00,0,0
05/04/2019 15:00,0,0
05/04/2019 16:00,1,0
05/04/2019 17:00,1,0
05/04/2019 18:00,0,0
05/04/2019 19:00,0,0
05/04/2019 20:00,1,0
05/04/2019 21:00,0,0
05/04/2019 22:00,1,0
05/04/2019 23:00,1,0
05/05/2019 00:00,1,0
05/05/2019 01:00,1,0
05/05/2019 02:00,0,0
05/05/2019 03:00,1,0
05/05/2019 04:00,1,0
05/05/2019 05:00,1,0
05/05/2019 06:00,0,0
05/05/2019 07:00,0,0
05/05/2019 08:00,0,0
05/05/2019 09:00,0,0
05/05/2019 10:00,1,0
05/05/2019 11:00,1,0
05/05/2019 12:00,1,0
05/05/2019 13:00,0,0
05/05/2019 14:00,0,0
05/05/2019 15:00,0,0
05/05/2019 16:00,0,0
05/05/2019 17:00,0,0
05/05/2019 18:00,0,0
05/05/2019 19:00,0,0
05/05/2019 20:00,0,0
05/05/2019 21:00,0,0
05/05/2019 22:00,0,0
05/05/2019 23:00,0,0
05/06/2019 00:00,0,0
05/06/2019 01:00,0,0
05/06/2019 02:00,1,0
05/06/2019 03:00,1,0
05/06/2019 04:00,1,0
05/06/2019 05:00,0,0
05/06/2019 06:00,1,0
05/06/2019 07:00,0,0
05/06/2019 08:00,1,0
05/06/2019 09:00,0,0
05/06/2019 10:00,1,0
05/06/2019 11:00,1,0
05/06/2019 12:00,1,0
05/06/2019 13:00,1,0
05/06/2019 14:00,0,0
05/06/2019 15:00,0,0
05/06/2019 16:00,1,0
05/06/2019 17:00,0,0
05/06/2019 18:00,0,0
05/06/2019 19:00,0,0
05/06/2019 20:00,0,0
05/06/2019 21:00,0,0
05/06/2019 22:00,0,0
05/06/2019 23:00,0,0
05/07/2019 00:00,0,0
05/07/2019 01:00,0,0
05/07/2019 02:00,1,0
05/07/2019 03:00,0,0
05/07/2019 04:00,0,0
05/07/2019 05:00,0,0
05/07/2019 06:00,0,0
05/07/2019 07:00,0,0
05/07/2019 08:00,0,0
05/07/2019 09:00,0,0
05/07/2019 10:00,0,0
05/07/2019 11:00,0,0
05/07/2019 12:00,1,0
05/07/2019 13:00,0,0
05/07/2019 14:00,0,0
05/07/2019 15:00,1,0
05/07/2019 16:00,0,0
05/07/2019 17:00,0,0
05/07/2019 18:00,0,0
05/07/2019 19:00,0,0
05/07/2019 20:00,0,0
05/07/2019 21:00,0,0
05/07/2019 22:00,0,0
05/07/2019 23:00,0,0
05/08/2019 00:00,0,0
05/08/2019 01:00,0,0
05/08/2019 02:00,0,0
05/08/2019 03:00,1,0
05/08/2019 04:00,0,0
05/08/2019 05:00,0,0
05/08/2019 06:00,0,0
05/08/2019 07:00,0,0
05/08/2019 08:00,0,0
05/08/2019 09:00,0,0
05/08/2019 10:00,0,0
05/08/2019 11:00,0,0
05/08/2019 12:00,1,0
05/08/2019 13:00,0,0
05/08/2019 14:00,0,0
05/08/2019 15:00,1,0
05/08/2019 16:00,0,0
05/08/2019 17:00,0,0
05/08/2019 18:00,0,0
05/08/2019 19:00,0,0
05/08/2019 20:00,0,0
05/08/2019 21:00,0,0
05/08/2019 22:00,0,0
05/08/2019 23:00,0,0
05/09/2019 00:00,0,0
05/09/2019 01:00,0,0
05/09/2019 02:00,0,0
05/09/2019 03:00,0,0
05/09/2019 04:00,0,0
05/09/2019 05:00,0,0
05/09/2019 06:00,0,0
05/09/2019 07:00,0,0
05/09/2019 08:00,0,0
05/09/2019 09:00,0,0
05/09/2019 10:00,0,0
05/09/2019 11:00,0,0
05/09/2019 12:00,0,0
05/09/2019 13:00,0,0
05/09/2019 14:00,0,0
05/09/2019 15:00,0,0
05/09/2019 16:00,0,0
05/09/2019 17:00,0,0
05/09/2019 18:00,0,0
05/09/2019 19:00,0,0
05/09/2019 20:00,0,0
05/09/2019 21:00,0,0
05/09/2019 22:00,0,0
05/09/2019 23:00,0,0
05/10/2019 00:00,0,0
05/10/2019 01:00,0,0
05/10/2019 02:00,0,0
05/10/2019 03:00,0,0
05/10/2019 04:00,1,0
05/10/2019 05:00,1,0
05/10/2019 06:00,1,0
05/10/2019 07:00,0,0
05/10/2019 08:00,0,0
05/10/2019 09:00,1,0
05/10/2019 10:00,1,0
05/10/2019 11:00,1,0
05/10/2019 12:00,1,0
05/10/2019 13:00,0,0
05/10/2019 14:00,0,0
05/10/2019 15:00,0,0
05/10/2019 16:00,0,0
05/10/2019 17:00,0,0
05/10/2019 18:00,0,0
05/10/2019 19:00,0,0
05/10/2019 20:00,0,0
05/10/2019 21:00,0,0
05/10/2019 22:00,1,0
05/10/2019 23:00,1,0
05/11/2019 00:00,0,0
05/11/2019 01:00,0,0
05/11/2019 02:00,0,0
05/11/2019 03:00,0,0
05/11/2019 04:00,0,0
05/11/2019 05:00,0,0
05/11/2019 06:00,0,0
05/11/2019 07:00,0,0
05/11/2019 08:00,0,0
05/11/2019 09:00,0,0
05/11/2019 10:00,0,0
05/11/2019 11:00,0,0
05/11/2019 12:00,0,0
05/11/2019 13:00,0,0
05/11/2019 14:00,0,0
05/11/2019 15:00,0,0
05/11/2019 16:00,0,0
05/11/2019 17:00,0,0
05/11/2019 18:00,0,0
05/11/2019 19:00,1,0
05/11/2019 20:00,0,0
05/11/2019 21:00,0,0
05/11/2019 22:00,1,0
05/11/2019 23:00,0,0
05/12/2019 00:00,0,0
05/12/2019 01:00,0,0
05/12/2019 02:00,0,0
05/12/2019 03:00,0,0
05/12/2019 04:00,1,0
05/12/2019 05:00,0,0
05/12/2019 06:00,1,0
05/12/2019 07:00,0,0
05/12/2019 08:00,0,0
05/12/2019 09:00,0,0
05/12/2019 10:00,0,0
05/12/2019 11:00,0,0
05/12/2019 12:00,0,0
05/12/2019 13:00,0,0
05/12/2019 14:00,0,0
05/12/2019 15:00,0,0
05/12/2019 16:00,0,0
05/12/2019 17:00,0,0
05/12/2019 18:00,0,0
05/12/2019 19:00,0,0
05/12/2019 20:00,0,0
05/12/2019 21:00,0,0
05/12/2019 22:00,0,0
05/12/2019 23:00,0,0
05/13/2019 00:00,0,0
05/13/2019 01:00,0,0
05/13/2019 02:00,0,0
05/13/2019 03:00,0,0
05/13/2019 04:00,1,0
05/13/2019 05:00,1,0
05/13/2019 06:00,1,0
05/13/2019 07:00,1,0
05/13/2019 08:00,0,0
05/13/2019 09:00,1,0
05/13/2019 10:00,1,0
05/13/2019 11:00,1,0
05/13/2019 12:00,1,0
05/13/2019 13:00,1,0
05/13/2019 14:00,1,0
05/13/2019 15:00,1,0
05/13/2019 16:00,0,0
05/13/2019 17:00,0,0
05/13/2019 18:00,0,0
05/13/2019 19:00,0,0
05/13/2019 20:00,0,0
05/13/2019 21:00,0,0
05/13/2019 22:00,0,0
05/13/2019 23:00,0,0
05/14/2019 00:00,0,0
05/14/2019 01:00,0,0
05/14/2019 02:00,0,0
05/14/2019 03:00,0,1
05/14/2019 04:00,0,1
05/14/2019 05:00,0,0
05/14/2019 06:00,0,0
05/14/2019 07:00,0,0
05/14/2019 08:00,1,0
05/14/2019 09:00,0,0
05/14/2019 10:00,0,0
05/14/2019 11:00,0,0
05/14/2019 12:00,0,0
05/14/2019 13:00,1,0
05/14/2019 14:00,1,0
05/14/2019 15:00,0,0
05/14/2019 16:00,1,0
05/14/2019 17:00,0,0
05/14/2019 18:00,0,0
05/14/2019 19:00,0,0
05/14/2019 20:00,1,0
05/14/2019 21:00,0,0
05/14/2019 22:00,1,0
05/14/2019 23:00,0,0
05/15/2019 00:00,0,0
05/15/2019 01:00,0,0
05/15/2019 02:00,1,0
05/15/2019 03:00,1,0
05/15/2019 04:00,1,0
05/15/2019 05:00,0,0
05/15/2019 06:00,1,0
05/15/2019 07:00,1,0
05/15/2019 08:00,0,0
05/15/2019 09:00,1,0
05/15/2019 10:00,1,0
05/15/2019 11:00,1,0
05/15/2019 12:00,1,0
05/15/2019 13:00,0,0
05/15/2019 14:00,0,0
05/15/2019 15:00,0,0
05/15/2019 16:00,0,0
05/15/2019 17:00,0,0
05/15/2019 18:00,0,0
05/15/2019 19:00,1,0
05/15/2019 20:00,1,0
05/15/2019 21:00,0,0
05/15/2019 22:00,0,0
05/15/2019 23:00,0,0
05/16/2019 00:00,0,0
05/16/2019 01:00,1,0
05/16/2019 02:00,0,0
05/16/2019 03:00,1,0
05/16/2019 04:00,1,0
05/16/2019 05:00,0,0
05/16/2019 06:00,0,0
05/16/2019 07:00,0,0
05/16/2019 08:00,0,0
05/16/2019 09:00,0,0
05/16/2019 10:00,0,0
05/16/2019 11:00,0,0
05/16/2019 12:00,0,0
05/16/2019 13:00,0,0
05/16/2019 14:00,0,0
05/16/2019 15:00,0,0
05/16/2019 16:00,0,0
05/16/2019 17:00,0,0
05/16/2019 18:00,0,0
05/16/2019 19:00,0,0
05/16/2019 20:00,0,0
05/16/2019 21:00,0,0
05/16/2019 22:00,0,0
05/16/2019 23:00,0,0
05/17/2019 00:00,0,0
05/17/2019 01:00,0,0
05/17/2019 02:00,0,0
05/17/2019 03:00,0,0
05/17/2019 04:00,1,0
05/17/2019 05:00,1,0
05/17/2019 06:00,1,0
05/17/2019 07:00,0,0
05/17/2019 08:00,0,0
05/17/2019 09:00,1,0
05/17/2019 10:00,0,0
05/17/2019 11:00,0,0
05/17/2019 12:00,0,0
05/17/2019 13:00,0,0
05/17/2019 14:00,0,0
05/17/2019 15:00,0,0
05/17/2019 16:00,0,0
05/17/2019 17:00,0,0
05/17/2019 18:00,0,0
05/17/2019 19:00,0,0
05/17/2019 20:00,0,0
05/17/2019 21:00,0,0
05/17/2019 22:00,0,0
05/17/2019 23:00,0,0
05/18/2019 00:00,0,0
05/18/2019 01:00,0,0
05/18/2019 02:00,0,0
05/18/2019 03:00,0,0
05/18/2019 04:00,1,0
05/18/2019 05:00,0,0
05/18/2019 06:00,0,0
05/18/2019 07:00,0,0
05/18/2019 08:00,0,0
05/18/2019 09:00,0,0
05/18/2019 10:00,0,0
05/18/2019 11:00,0,0
05/18/2019 12:00,0,0
05/18/2019 13:00,0,0
05/18/2019 14:00,0,0
05/18/2019 15:00,0,0
05/18/2019 16:00,0,0
05/18/2019 17:00,0,0
05/18/2019 18:00,0,0
05/18/2019 19:00,0,0
05/18/2019 20:00,0,0
05/18/2019 21:00,0,0
05/18/2019 22:00,0,0
05/18/2019 23:00,0,0
05/19/2019 00:00,0,0
05/19/2019 01:00,0,0
05/19/2019 02:00,0,0
05/19/2019 03:00,0,0
05/19/2019 04:00,0,0
05/19/2019 05:00,0,0
05/19/2019 06:00,0,0
05/19/2019 07:00,0,0
05/19/2019 08:00,0,0
05/19/2019 09:00,0,0
05/19/2019 10:00,0,0
05/19/2019 11:00,0,0
05/19/2019 12:00,0,0
05/19/2019 13:00,0,0
05/19/2019 14:00,0,0
05/19/2019 15:00,0,0
05/19/2019 16:00,0,0
05/19/2019 17:00,0,0
05/19/2019 18:00,0,0
05/19/2019 19:00,1,0
05/19/2019 20:00,0,0
05/19/2019 21:00,0,0
05/19/2019 22:00,0,0
05/19/2019 23:00,0,0
05/20/2019 00:00,1,0
05/20/2019 01:00,0,0
05/20/2019 02:00,0,0
05/20/2019 03:00,0,0
05/20/2019 04:00,0,0
05/20/2019 05:00,0,0
05/20/2019 06:00,0,0
05/20/2019 07:00,0,0
05/20/2019 08:00,0,0
05/20/2019 09:00,0,0
05/20/2019 10:00,0,0
05/20/2019 11:00,0,0
05/20/2019 12:00,0,0
05/20/2019 13:00,0,0
05/20/2019 14:00,0,0
05/20/2019 15:00,0,0
05/20/2019 16:00,0,0
05/20/2019 17:00,0,0
05/20/2019 18:00,0,0
05/20/2019 19:00,0,0
05/20/2019 20:00,0,0
05/20/2019 21:00,0,0
05/20/2019 22:00,0,0
05/20/2019 23:00,0,0
05/21/2019 00:00,0,0
05/21/2019 01:00,0,0
05/21/2019 02:00,0,0
05/21/2019 03:00,0,0
05/21/2019 04:00,0,0
05/21/2019 05:00,0,0
05/21/2019 06:00,0,0
05/21/2019 07:00,0,0
05/21/2019 08:00,0,0
05/21/2019 09:00,0,0
05/21/2019 10:00,0,0
05/21/2019 11:00,0,0
05/21/2019 12:00,0,0
05/21/2019 13:00,0,0
05/21/2019 14:00,0,0
05/21/2019 15:00,0,0
05/21/2019 16:00,0,0
05/21/2019 17:00,0,0
05/21/2019 18:00,0,0
05/21/2019 19:00,0,0
05/21/2019 20:00,0,0
05/21/2019 21:00,0,0
05/21/2019 22:00,0,0
05/21/2019 23:00,0,0
05/22/2019 00:00,0,0
05/22/2019 01:00,0,0
05/22/2019 02:00,0,0
05/22/2019 03:00,0,0
05/22/2019 04:00,0,0
05/22/2019 05:00,0,0
05/22/2019 06:00,0,0
05/22/2019 07:00,0,0
05/22/2019 08:00,0,0
05/22/2019 09:00,0,0
05/22/2019 10:00,0,0
05/22/2019 11:00,0,0
05/22/2019 12:00,0,0
05/22/2019 13:00,0,0
05/22/2019 14:00,0,0
05/22/2019 15:00,0,0
05/22/2019 16:00,0,0
05/22/2019 17:00,0,0
05/22/2019 18:00,0,0
05/22/2019 19:00,0,0
05/22/2019 20:00,0,0
05/22/2019 21:00,0,0
05/22/2019 22:00,0,0
05/22/2019 23:00,0,0
05/23/2019 00:00,0,0
05/23/2019 01:00,0,0
05/23/2019 02:00,0,0
05/23/2019 03:00,0,0
05/23/2019 04:00,0,0
05/23/2019 05:00,0,0
05/23/2019 06:00,0,0
05/23/2019 07:00,0,0
05/23/2019 08:00,0,0
05/23/2019 09:00,0,0
05/23/2019 10:00,0,0
05/23/2019 11:00,0,0
05/23/2019 12:00,0,0
05/23/2019 13:00,0,0
05/23/2019 14:00,0,0
05/23/2019 15:00,0,0
05/23/2019 16:00,0,0
05/23/2019 17:00,0,0
05/23/2019 18:00,0,0
05/23/2019 19:00,0,0
05/23/2019 20:00,0,0
05/23/2019 21:00,0,0
05/23/2019 22:00,0,0
05/23/2019 23:00,0,0
05/24/2019 00:00,0,0
05/24/2019 01:00,0,0
05/24/2019 02:00,0,0
05/24/2019 03:00,0,0
05/24/2019 04:00,0,0
05/24/2019 05:00,0,0
05/24/2019 06:00,0,0
05/24/2019 07:00,0,0
05/24/2019 08:00,0,0
05/24/2019 09:00,0,0
05/24/2019 10:00,0,0
05/24/2019 11:00,0,0
05/24/2019 12:00,0,0
05/24/2019 13:00,0,0
05/24/2019 14:00,0,0
05/24/2019 15:00,0,0
05/24/2019 16:00,0,0
05/24/2019 17:00,0,0
05/24/2019 18:00,0,0
05/24/2019 19:00,0,0
05/24/2019 20:00,0,0
05/24/2019 21:00,0,0
05/24/2019 22:00,0,0
05/24/2019 23:00,0,0
05/25/2019 00:00,0,0
05/25/2019 01:00,0,0
05/25/2019 02:00,0,0
05/25/2019 03:00,0,0
05/25/2019 04:00,0,0
05/25/2019 05:00,0,0
05/25/2019 06:00,0,0
05/25/2019 07:00,0,0
05/25/2019 08:00,0,0
05/25/2019 09:00,0,0
05/25/2019 10:00,0,0
05/25/2019 11:00,0,0
05/25/2019 12:00,0,0
05/25/2019 13:00,0,0
05/25/2019 14:00,0,0
05/25/2019 15:00,0,0
05/25/2019 16:00,0,0
05/25/2019 17:00,0,0
05/25/2019 18:00,0,0
05/25/2019 19:00,0,0
05/25/2019 20:00,0,0
05/25/2019 21:00,0,0
05/25/2019 22:00,0,0
05/25/2019 23:00,0,0
05/26/2019 00:00,0,0
05/26/2019 01:00,0,0
05/26/2019 02:00,0,0
05/26/2019 03:00,0,0
05/26/2019 04:00,0,0
05/26/2019 05:00,0,0
05/26/2019 06:00,0,0
05/26/2019 07:00,0,0
05/26/2019 08:00,0,0
05/26/2019 09:00,0,0
05/26/2019 10:00,0,0
05/26/2019 11:00,0,0
05/26/2019 12:00,0,0
05/26/2019 13:00,0,0
05/26/2019 14:00,0,0
05/26/2019 15:00,0,0
05/26/2019 16:00,0,0
05/26/2019 17:00,0,0
05/26/2019 18:00,0,0
05/26/2019 19:00,0,0
05/26/2019 20:00,0,0
05/26/2019 21:00,0,0
05/26/2019 22:00,0,0
05/26/2019 23:00,0,0
05/27/2019 00:00,0,0
05/27/2019 01:00,0,0
05/27/2019 02:00,0,0
05/27/2019 03:00,0,0
05/27/2019 04:00,0,0
05/27/2019 05:00,0,1
05/27/2019 06:00,0,0
05/27/2019 07:00,0,0
05/27/2019 08:00,0,0
05/27/2019 09:00,0,0
05/27/2019 10:00,0,0
05/27/2019 11:00,0,0
05/27/2019 12:00,0,0
05/27/2019 13:00,0,0
05/27/2019 14:00,0,0
05/27/2019 15:00,0,0
05/27/2019 16:00,0,0
05/27/2019 17:00,0,0
05/27/2019 18:00,0,0
05/27/2019 19:00,0,0
05/27/2019 20:00,0,0
05/27/2019 21:00,0,0
05/27/2019 22:00,0,0
05/27/2019 23:00,0,0
05/28/2019 00:00,0,0
05/28/2019 01:00,0,0
05/28/2019 02:00,0,0
05/28/2019 03:00,0,0
05/28/2019 04:00,0,0
05/28/2019 05:00,0,0
05/28/2019 06:00,0,0
05/28/2019 07:00,0,0
05/28/2019 08:00,0,0
05/28/2019 09:00,0,0
05/28/2019 10:00,0,0
05/28/2019 11:00,0,0
05/28/2019 12:00,0,0
05/28/2019 13:00,0,0
05/28/2019 14:00,0,0
05/28/2019 15:00,0,0
05/28/2019 16:00,0,0
05/28/2019 17:00,0,0
05/28/2019 18:00,0,0
05/28/2019 19:00,0,0
05/28/2019 20:00,0,0
05/28/2019 21:00,0,0
05/28/2019 22:00,0,0
05/28/2019 23:00,0,0
05/29/2019 00:00,0,0
05/29/2019 01:00,0,0
05/29/2019 02:00,0,0
05/29/2019 03:00,0,0
05/29/2019 04:00,0,0
05/29/2019 05:00,0,0
05/29/2019 06:00,0,0
05/29/2019 07:00,0,0
05/29/2019 08:00,0,0
05/29/2019 09:00,0,0
05/29/2019 10:00,0,0
05/29/2019 11:00,0,0
05/29/2019 12:00,0,0
05/29/2019 13:00,0,0
05/29/2019 14:00,0,0
05/29/2019 15:00,0,0
05/29/2019 16:00,0,0
05/29/2019 17:00,0,0
05/29/2019 18:00,0,0
05/29/2019 19:00,0,0
05/29/2019 20:00,0,0
05/29/2019 21:00,0,0
05/29/2019 22:00,0,0
05/29/2019 23:00,0,0
05/30/2019 00:00,0,0
05/30/2019 01:00,0,0
05/30/2019 02:00,0,0
05/30/2019 03:00,0,0
05/30/2019 04:00,0,0
05/30/2019 05:00,0,0
05/30/2019 06:00,0,0
05/30/2019 07:00,0,0
05/30/2019 08:00,0,0
05/30/2019 09:00,0,0
05/30/2019 10:00,0,0
05/30/2019 11:00,0,0
05/30/2019 12:00,0,0
05/30/2019 13:00,0,0
05/30/2019 14:00,0,0
05/30/2019 15:00,0,0
05/30/2019 16:00,0,0
05/30/2019 17:00,0,0
05/30/2019 18:00,0,0
05/30/2019 19:00,0,0
05/30/2019 20:00,0,0
05/30/2019 21:00,0,0
05/30/2019 22:00,0,0
05/30/2019 23:00,0,0
05/31/2019 00:00,0,0
05/31/2019 01:00,0,0
05/31/2019 02:00,0,0
05/31/2019 03:00,0,0
05/31/2019 04:00,0,0
05/31/2019 05:00,0,0
05/31/2019 06:00,0,0
05/31/2019 07:00,0,0
05/31/2019 08:00,0,0
05/31/2019 09:00,0,0
05/31/2019 10:00,0,0
05/31/2019 11:00,0,0
05/31/2019 12:00,0,0
05/31/2019 13:00,0,0
05/31/2019 14:00,0,0
05/31/2019 15:00,0,0
05/31/2019 16:00,0,0
05/31/2019 17:00,0,0
05/31/2019 18:00,0,0
05/31/2019 19:00,0,0
05/31/2019 20:00,0,0
05/31/2019 21:00,0,0
05/31/2019 22:00,0,0
05/31/2019 23:00,0,0
06/01/2019 00:00,0,0
06/01/2019 01:00,0,0
06/01/2019 02:00,0,0
06/01/2019 03:00,0,0
06/01/2019 04:00,0,0
06/01/2019 05:00,0,0
06/01/2019 06:00,0,0
06/01/2019 07:00,0,0
06/01/2019 08:00,0,0
06/01/2019 09:00,0,0
06/01/2019 10:00,0,0
06/01/2019 11:00,0,0
06/01/2019 12:00,0,0
06/01/2019 13:00,0,0
06/01/2019 14:00,0,0
06/01/2019 15:00,0,0
06/01/2019 16:00,0,0
06/01/2019 17:00,0,0
06/01/2019 18:00,0,0
06/01/2019 19:00,0,0
06/01/2019 20:00,0,0
06/01/2019 21:00,0,0
06/01/2019 22:00,0,0
06/01/2019 23:00,0,0
06/02/2019 00:00,0,0
06/02/2019 01:00,0,0
06/02/2019 02:00,0,0
06/02/2019 03:00,0,0
06/02/2019 04:00,0,0
06/02/2019 05:00,0,0
06/02/2019 06:00,1,0
06/02/2019 07:00,0,0
06/02/2019 08:00,0,0
06/02/2019 09:00,0,0
06/02/2019 10:00,0,0
06/02/2019 11:00,0,0
06/02/2019 12:00,0,0
06/02/2019 13:00,0,0
06/02/2019 14:00,0,0
06/02/2019 15:00,0,0
06/02/2019 16:00,0,0
06/02/2019 17:00,0,0
06/02/2019 18:00,0,0
06/02/2019 19:00,0,0
06/02/2019 20:00,0,0
06/02/2019 21:00,0,0
06/02/2019 22:00,0,0
06/02/2019 23:00,0,0
06/03/2019 00:00,0,0
06/03/2019 01:00,0,0
06/03/2019 02:00,0,0
06/03/2019 03:00,0,0
06/03/2019 04:00,0,0
06/03/2019 05:00,0,0
06/03/2019 06:00,0,0
06/03/2019 07:00,0,0
06/03/2019 08:00,0,0
06/03/2019 09:00,0,1
06/03/2019 10:00,0,0
06/03/2019 11:00,0,0
06/03/2019 12:00,0,0
06/03/2019 13:00,1,1
06/03/2019 14:00,0,0
06/03/2019 15:00,0,0
06/03/2019 16:00,0,0
06/03/2019 17:00,0,0
06/03/2019 18:00,0,0
06/03/2019 19:00,0,0
06/03/2019 20:00,0,0
06/03/2019 21:00,0,0
06/03/2019 22:00,0,0
06/03/2019 23:00,0,0
06/04/2019 00:00,0,0
06/04/2019 01:00,0,0
06/04/2019 02:00,0,0
06/04/2019 03:00,0,1
06/04/2019 04:00,0,0
06/04/2019 05:00,0,0
06/04/2019 06:00,0,0
06/04/2019 07:00,0,0
06/04/2019 08:00,0,0
06/04/2019 09:00,0,0
06/04/2019 10:00,0,0
06/04/2019 11:00,0,0
06/04/2019 12:00,0,0
06/04/2019 13:00,0,0
06/04/2019 14:00,0,0
06/04/2019 15:00,0,0
06/04/2019 16:00,0,0
06/04/2019 17:00,0,0
06/04/2019 18:00,0,0
06/04/2019 19:00,0,0
06/04/2019 20:00,0,0
06/04/2019 21:00,0,0
06/04/2019 22:00,0,0
06/04/2019 23:00,0,0
06/05/2019 00:00,0,0
06/05/2019 01:00,0,0
06/05/2019 02:00,0,0
06/05/2019 03:00,0,0
06/05/2019 04:00,0,0
06/05/2019 05:00,0,0
06/05/2019 06:00,0,0
06/05/2019 07:00,0,0
06/05/2019 08:00,0,0
06/05/2019 09:00,0,0
06/05/2019 10:00,0,0
06/05/2019 11:00,0,0
06/05/2019 12:00,0,0
06/05/2019 13:00,0,0
06/05/2019 14:00,0,0
06/05/2019 15:00,0,0
06/05/2019 16:00,0,0
06/05/2019 17:00,0,0
06/05/2019 18:00,0,0
06/05/2019 19:00,0,0
06/05/2019 20:00,0,0
06/05/2019 21:00,0,0
06/05/2019 22:00,0,0
06/05/2019 23:00,0,0
06/06/2019 00:00,0,0
06/06/2019 01:00,0,0
06/06/2019 02:00,0,0
06/06/2019 03:00,0,0
06/06/2019 04:00,0,0
06/06/2019 05:00,0,0
06/06/2019 06:00,0,1
06/06/2019 07:00,0,0
06/06/2019 08:00,0,0
06/06/2019 09:00,0,0
06/06/2019 10:00,0,0
06/06/2019 11:00,0,1
06/06/2019 12:00,0,0
06/06/2019 13:00,0,0
06/06/2019 14:00,0,0
06/06/2019 15:00,0,0
06/06/2019 16:00,0,0
06/06/2019 17:00,0,0
06/06/2019 18:00,0,0
06/06/2019 19:00,0,0
06/06/2019 20:00,0,0
06/06/2019 21:00,0,0
06/06/2019 22:00,0,0
06/06/2019 23:00,0,0
06/07/2019 00:00,0,0
06/07/2019 01:00,0,0
06/07/2019 02:00,0,0
06/07/2019 03:00,0,0
06/07/2019 04:00,0,0
06/07/2019 05:00,0,0
06/07/2019 06:00,0,0
06/07/2019 07:00,0,0
06/07/2019 08:00,0,0
06/07/2019 09:00,0,0
06/07/2019 10:00,0,0
06/07/2019 11:00,0,0
06/07/2019 12:00,0,0
06/07/2019 13:00,0,0
06/07/2019 14:00,0,0
06/07/2019 15:00,0,0
06/07/2019 16:00,0,0
06/07/2019 17:00,0,0
06/07/2019 18:00,0,0
06/07/2019 19:00,0,0
06/07/2019 20:00,0,0
06/07/2019 21:00,0,0
06/07/2019 22:00,0,0
06/07/2019 23:00,0,0
06/08/2019 00:00,0,0
06/08/2019 01:00,0,0
06/08/2019 02:00,0,0
06/08/2019 03:00,0,0
06/08/2019 04:00,0,0
06/08/2019 05:00,0,0
06/08/2019 06:00,0,0
06/08/2019 07:00,0,0
06/08/2019 08:00,0,0
06/08/2019 09:00,0,0
06/08/2019 10:00,0,0
06/08/2019 11:00,0,0
06/08/2019 12:00,0,0
06/08/2019 13:00,0,0
06/08/2019 14:00,0,0
06/08/2019 15:00,0,0
06/08/2019 16:00,0,0
06/08/2019 17:00,0,0
06/08/2019 18:00,0,0
06/08/2019 19:00,0,0
06/08/2019 20:00,0,0
06/08/2019 21:00,0,0
06/08/2019 22:00,0,0
06/08/2019 23:00,0,0
06/09/2019 00:00,0,0
06/09/2019 01:00,0,0
06/09/2019 02:00,0,0
06/09/2019 03:00,0,0
06/09/2019 04:00,0,0
06/09/2019 05:00,0,0
06/09/2019 06:00,0,0
06/09/2019 07:00,0,0
06/09/2019 08:00,0,0
06/09/2019 09:00,0,0
06/09/2019 10:00,0,0
06/09/2019 11:00,0,0
06/09/2019 12:00,0,0
06/09/2019 13:00,0,0
06/09/2019 14:00,0,0
06/09/2019 15:00,0,0
06/09/2019 16:00,0,0
06/09/2019 17:00,0,0
06/09/2019 18:00,0,0
06/09/2019 19:00,0,0
06/09/2019 20:00,0,0
06/09/2019 21:00,0,0
06/09/2019 22:00,0,0
06/09/2019 23:00,0,0
06/10/2019 00:00,0,1
06/10/2019 01:00,0,0
06/10/2019 02:00,0,0
06/10/2019 03:00,0,0
06/10/2019 04:00,0,0
06/10/2019 05:00,0,0
06/10/2019 06:00,0,0
06/10/2019 07:00,0,0
06/10/2019 08:00,0,0
06/10/2019 09:00,0,0
06/10/2019 10:00,0,0
06/10/2019 11:00,0,0
06/10/2019 12:00,0,0
06/10/2019 13:00,0,0
06/10/2019 14:00,0,1
06/10/2019 15:00,0,0
06/10/2019 16:00,0,0
06/10/2019 17:00,0,0
