Hour,Song Presence,Non Song Presence
10/02/2020 00:00,1,0
10/02/2020 01:00,1,0
10/02/2020 02:00,1,0
10/02/2020 03:00,1,0
10/02/2020 04:00,1,0
10/02/2020 05:00,1,0
10/02/2020 06:00,1,0
10/02/2020 07:00,0,0
10/02/2020 08:00,0,0
10/02/2020 09:00,1,0
10/02/2020 10:00,1,0
10/02/2020 11:00,1,0
10/02/2020 12:00,1,0
10/02/2020 13:00,1,0
10/02/2020 14:00,1,0
10/02/2020 15:00,1,0
10/02/2020 16:00,1,0
10/02/2020 17:00,1,0
10/02/2020 18:00,1,0
10/02/2020 19:00,1,0
10/02/2020 20:00,1,0
10/02/2020 21:00,1,0
10/02/2020 22:00,1,0
10/02/2020 23:00,1,0
10/03/2020 00:00,1,0
10/03/2020 01:00,1,0
10/03/2020 02:00,1,0
10/03/2020 03:00,1,0
10/03/2020 04:00,1,0
10/03/2020 05:00,1,0
10/03/2020 06:00,1,0
10/03/2020 07:00,1,0
10/03/2020 08:00,1,0
10/03/2020 09:00,1,0
10/03/2020 10:00,0,0
10/03/2020 11:00,1,0
10/03/2020 12:00,1,0
10/03/2020 13:00,1,0
10/03/2020 14:00,1,0
10/03/2020 15:00,1,0
10/03/2020 16:00,1,0
10/03/2020 17:00,1,0
10/03/2020 18:00,1,0
10/03/2020 19:00,1,0
10/03/2020 20:00,1,0
10/03/2020 21:00,1,0
10/03/2020 22:00,1,0
10/03/2020 23:00,1,0
10/04/2020 00:00,1,0
10/04/2020 01:00,1,0
10/04/2020 02:00,1,0
10/04/2020 03:00,1,0
10/04/2020 04:00,1,0
10/04/2020 05:00,1,0
10/04/2020 06:00,1,0
10/04/2020 07:00,1,0
10/04/2020 08:00,1,0
10/04/2020 09:00,1,0
10/04/2020 10:00,1,0
10/04/2020 11:00,1,0
10/04/2020 12:00,1,0
10/04/2020 13:00,1,0
10/04/2020 14:00,1,0
10/04/2020 15:00,1,0
10/04/2020 16:00,1,0
10/04/2020 17:00,1,0
10/04/2020 18:00,1,0
10/04/2020 19:00,1,0
10/04/2020 20:00,1,0
10/04/2020 21:00,0,0
10/04/2020 22:00,1,0
10/04/2020 23:00,1,0
10/05/2020 00:00,1,0
10/05/2020 01:00,1,0
10/05/2020 02:00,1,0
10/05/2020 03:00,1,0
10/05/2020 04:00,1,0
10/05/2020 05:00,1,0
10/05/2020 06:00,1,0
10/05/2020 07:00,1,0
10/05/2020 08:00,1,0
10/05/2020 09:00,1,0
10/05/2020 10:00,1,0
10/05/2020 11:00,0,0
10/05/2020 12:00,0,0
10/05/2020 13:00,1,0
10/05/2020 14:00,1,0
10/05/2020 15:00,1,0
10/05/2020 16:00,1,0
10/05/2020 17:00,1,0
10/05/2020 18:00,1,0
10/05/2020 19:00,1,0
10/05/2020 20:00,1,0
10/05/2020 21:00,1,0
10/05/2020 22:00,0,0
10/05/2020 23:00,1,0
10/06/2020 00:00,1,0
10/06/2020 01:00,1,0
10/06/2020 02:00,1,0
10/06/2020 03:00,1,0
10/06/2020 04:00,1,0
10/06/2020 05:00,1,0
10/06/2020 06:00,1,0
10/06/2020 07:00,1,0
10/06/2020 08:00,1,0
10/06/2020 09:00,1,0
10/06/2020 10:00,1,0
10/06/2020 11:00,1,0
10/06/2020 12:00,1,0
10/06/2020 13:00,1,0
10/06/2020 14:00,1,0
10/06/2020 15:00,1,0
10/06/2020 16:00,1,0
10/06/2020 17:00,1,0
10/06/2020 18:00,1,0
10/06/2020 19:00,1,0
10/06/2020 20:00,1,0
10/06/2020 21:00,1,0
10/06/2020 22:00,1,0
10/06/2020 23:00,1,0
10/07/2020 00:00,1,0
10/07/2020 01:00,1,0
10/07/2020 02:00,1,0
10/07/2020 03:00,1,0
10/07/2020 04:00,1,0
10/07/2020 05:00,1,0
10/07/2020 06:00,1,0
10/07/2020 07:00,1,0
10/07/2020 08:00,1,0
10/07/2020 09:00,1,0
10/07/2020 10:00,1,0
10/07/2020 11:00,1,0
10/07/2020 12:00,1,0
10/07/2020 13:00,1,0
10/07/2020 14:00,1,0
10/07/2020 15:00,1,0
10/07/2020 16:00,1,0
10/07/2020 17:00,1,0
10/07/2020 18:00,1,0
10/07/2020 19:00,1,0
10/07/2020 20:00,1,0
10/07/2020 21:00,1,0
10/07/2020 22:00,1,0
10/07/2020 23:00,1,0
10/08/2020 00:00,1,0
10/08/2020 01:00,1,0
10/08/2020 02:00,1,0
10/08/2020 03:00,1,0
10/08/2020 04:00,1,0
10/08/2020 05:00,1,0
10/08/2020 06:00,1,0
10/08/2020 07:00,1,0
10/08/2020 08:00,1,0
10/08/2020 09:00,1,0
10/08/2020 10:00,1,0
10/08/2020 11:00,1,0
10/08/2020 12:00,1,0
10/08/2020 13:00,1,0
10/08/2020 14:00,1,0
10/08/2020 15:00,1,0
10/08/2020 16:00,1,0
10/08/2020 17:00,1,0
10/08/2020 18:00,1,0
10/08/2020 19:00,1,0
10/08/2020 20:00,1,0
10/08/2020 21:00,1,0
10/08/2020 22:00,1,0
10/08/2020 23:00,1,0
10/09/2020 00:00,1,0
10/09/2020 01:00,1,0
10/09/2020 02:00,1,0
10/09/2020 03:00,1,0
10/09/2020 04:00,1,0
10/09/2020 05:00,1,0
10/09/2020 06:00,1,0
10/09/2020 07:00,1,0
10/09/2020 08:00,1,0
10/09/2020 09:00,1,0
10/09/2020 10:00,1,0
10/09/2020 11:00,1,0
10/09/2020 12:00,1,0
10/09/2020 13:00,1,0
10/09/2020 14:00,1,0
10/09/2020 15:00,1,0
10/09/2020 16:00,1,0
10/09/2020 17:00,1,0
10/09/2020 18:00,1,0
10/09/2020 19:00,1,0
10/09/2020 20:00,1,0
10/09/2020 21:00,1,0
10/09/2020 22:00,1,0
10/09/2020 23:00,1,0
10/10/2020 00:00,1,0
10/10/2020 01:00,1,0
10/10/2020 02:00,1,0
10/10/2020 03:00,1,0
10/10/2020 04:00,1,0
10/10/2020 05:00,1,0
10/10/2020 06:00,1,0
10/10/2020 07:00,1,0
10/10/2020 08:00,1,0
10/10/2020 09:00,1,0
10/10/2020 10:00,1,0
10/10/2020 11:00,1,0
10/10/2020 12:00,1,0
10/10/2020 13:00,1,0
10/10/2020 14:00,1,0
10/10/2020 15:00,1,0
10/10/2020 16:00,1,0
10/10/2020 17:00,1,0
10/10/2020 18:00,1,0
10/10/2020 19:00,1,0
10/10/2020 20:00,1,0
10/10/2020 21:00,1,0
10/10/2020 22:00,1,0
10/10/2020 23:00,1,0
10/11/2020 00:00,1,0
10/11/2020 01:00,1,0
10/11/2020 02:00,1,0
10/11/2020 03:00,1,0
10/11/2020 04:00,1,0
10/11/2020 05:00,1,0
10/11/2020 06:00,1,0
10/11/2020 07:00,1,0
10/11/2020 08:00,1,0
10/11/2020 09:00,1,0
10/11/2020 10:00,1,0
10/11/2020 11:00,1,0
10/11/2020 12:00,1,0
10/11/2020 13:00,1,0
10/11/2020 14:00,1,0
10/11/2020 15:00,0,0
10/11/2020 16:00,0,0
10/11/2020 17:00,1,0
10/11/2020 18:00,0,0
10/11/2020 19:00,1,0
10/11/2020 20:00,1,0
10/11/2020 21:00,1,0
10/11/2020 22:00,1,0
10/11/2020 23:00,1,0
10/12/2020 00:00,1,0
10/12/2020 01:00,1,0
10/12/2020 02:00,1,0
10/12/2020 03:00,1,0
10/12/2020 04:00,1,0
10/12/2020 05:00,1,0
10/12/2020 06:00,1,0
10/12/2020 07:00,1,0
10/12/2020 08:00,1,0
10/12/2020 09:00,1,0
10/12/2020 10:00,1,0
10/12/2020 11:00,1,0
10/12/2020 12:00,1,0
10/12/2020 13:00,1,0
10/12/2020 14:00,1,0
10/12/2020 15:00,0,0
10/12/2020 16:00,0,0
10/12/2020 17:00,0,0
10/12/2020 18:00,0,0
10/12/2020 19:00,1,0
10/12/2020 20:00,1,0
10/12/2020 21:00,1,0
10/12/2020 22:00,1,0
10/12/2020 23:00,1,0
10/13/2020 00:00,1,0
10/13/2020 01:00,1,0
10/13/2020 02:00,1,0
10/13/2020 03:00,1,0
10/13/2020 04:00,1,0
10/13/2020 05:00,1,0
10/13/2020 06:00,1,0
10/13/2020 07:00,1,0
10/13/2020 08:00,1,0
10/13/2020 09:00,1,0
10/13/2020 10:00,1,0
10/13/2020 11:00,1,0
10/13/2020 12:00,1,0
10/13/2020 13:00,1,0
10/13/2020 14:00,1,0
10/13/2020 15:00,1,0
10/13/2020 16:00,1,0
10/13/2020 17:00,1,0
10/13/2020 18:00,1,0
10/13/2020 19:00,0,0
10/13/2020 20:00,1,0
10/13/2020 21:00,1,0
10/13/2020 22:00,1,0
10/13/2020 23:00,1,0
10/14/2020 00:00,1,0
10/14/2020 01:00,1,0
10/14/2020 02:00,1,0
10/14/2020 03:00,1,0
10/14/2020 04:00,1,0
10/14/2020 05:00,1,0
10/14/2020 06:00,1,0
10/14/2020 07:00,1,0
10/14/2020 08:00,1,0
10/14/2020 09:00,1,0
10/14/2020 10:00,1,0
10/14/2020 11:00,1,0
10/14/2020 12:00,1,0
10/14/2020 13:00,1,0
10/14/2020 14:00,1,0
10/14/2020 15:00,1,0
10/14/2020 16:00,1,0
10/14/2020 17:00,1,0
10/14/2020 18:00,1,0
10/14/2020 19:00,0,0
10/14/2020 20:00,1,0
10/14/2020 21:00,1,0
10/14/2020 22:00,1,0
10/14/2020 23:00,1,0
10/15/2020 00:00,1,0
10/15/2020 01:00,0,0
10/15/2020 02:00,1,0
10/15/2020 03:00,1,0
10/15/2020 04:00,1,0
10/15/2020 05:00,1,0
10/15/2020 06:00,1,0
10/15/2020 07:00,1,0
10/15/2020 08:00,1,0
10/15/2020 09:00,1,0
10/15/2020 10:00,1,0
10/15/2020 11:00,1,0
10/15/2020 12:00,1,0
10/15/2020 13:00,1,0
10/15/2020 14:00,1,0
10/15/2020 15:00,1,0
10/15/2020 16:00,1,0
10/15/2020 17:00,1,0
10/15/2020 18:00,1,0
10/15/2020 19:00,1,0
10/15/2020 20:00,1,0
10/15/2020 21:00,1,0
10/15/2020 22:00,1,0
10/15/2020 23:00,1,0
10/16/2020 00:00,1,0
10/16/2020 01:00,1,0
10/16/2020 02:00,1,0
10/16/2020 03:00,1,0
10/16/2020 04:00,1,0
10/16/2020 05:00,1,0
10/16/2020 06:00,1,0
10/16/2020 07:00,1,0
10/16/2020 08:00,1,0
10/16/2020 09:00,1,0
10/16/2020 10:00,1,0
10/16/2020 11:00,1,0
10/16/2020 12:00,1,0
10/16/2020 13:00,1,0
10/16/2020 14:00,1,0
10/16/2020 15:00,1,0
10/16/2020 16:00,1,0
10/16/2020 17:00,1,0
10/16/2020 18:00,1,0
10/16/2020 19:00,1,0
10/16/2020 20:00,1,0
10/16/2020 21:00,1,0
10/16/2020 22:00,1,0
10/16/2020 23:00,1,0
10/17/2020 00:00,1,0
10/17/2020 01:00,1,0
10/17/2020 02:00,1,0
10/17/2020 03:00,1,0
10/17/2020 04:00,1,0
10/17/2020 05:00,1,0
10/17/2020 06:00,1,0
10/17/2020 07:00,1,0
10/17/2020 08:00,1,0
10/17/2020 09:00,1,0
10/17/2020 10:00,1,0
10/17/2020 11:00,1,0
10/17/2020 12:00,1,0
10/17/2020 13:00,1,0
10/17/2020 14:00,1,0
10/17/2020 15:00,1,0
10/17/2020 16:00,1,0
10/17/2020 17:00,1,0
10/17/2020 18:00,1,0
10/17/2020 19:00,1,0
10/17/2020 20:00,1,0
10/17/2020 21:00,1,0
10/17/2020 22:00,1,0
10/17/2020 23:00,1,0
10/18/2020 00:00,1,0
10/18/2020 01:00,1,0
10/18/2020 02:00,1,0
10/18/2020 03:00,1,0
10/18/2020 04:00,1,0
10/18/2020 05:00,1,0
10/18/2020 06:00,1,0
10/18/2020 07:00,1,0
10/18/2020 08:00,1,0
10/18/2020 09:00,1,0
10/18/2020 10:00,1,0
10/18/2020 11:00,1,0
10/18/2020 12:00,1,0
10/18/2020 13:00,1,0
10/18/2020 14:00,1,0
10/18/2020 15:00,1,0
10/18/2020 16:00,1,0
10/18/2020 17:00,1,0
10/18/2020 18:00,1,0
10/18/2020 19:00,1,0
10/18/2020 20:00,1,0
10/18/2020 21:00,1,0
10/18/2020 22:00,1,0
10/18/2020 23:00,1,0
10/19/2020 00:00,1,0
10/19/2020 01:00,1,0
10/19/2020 02:00,1,0
10/19/2020 03:00,1,0
10/19/2020 04:00,1,0
10/19/2020 05:00,1,0
10/19/2020 06:00,1,0
10/19/2020 07:00,1,0
10/19/2020 08:00,1,0
10/19/2020 09:00,1,0
10/19/2020 10:00,1,0
10/19/2020 11:00,0,0
10/19/2020 12:00,1,0
10/19/2020 13:00,1,0
10/19/2020 14:00,1,0
10/19/2020 15:00,1,0
10/19/2020 16:00,1,0
10/19/2020 17:00,1,0
10/19/2020 18:00,1,0
10/19/2020 19:00,1,0
10/19/2020 20:00,1,0
10/19/2020 21:00,1,0
10/19/2020 22:00,1,0
10/19/2020 23:00,1,0
10/20/2020 00:00,1,0
10/20/2020 01:00,1,0
10/20/2020 02:00,1,0
10/20/2020 03:00,1,0
10/20/2020 04:00,1,0
10/20/2020 05:00,1,0
10/20/2020 06:00,1,0
10/20/2020 07:00,1,0
10/20/2020 08:00,1,0
10/20/2020 09:00,1,0
10/20/2020 10:00,1,0
10/20/2020 11:00,1,0
10/20/2020 12:00,1,0
10/20/2020 13:00,1,0
10/20/2020 14:00,1,0
10/20/2020 15:00,1,0
10/20/2020 16:00,1,0
10/20/2020 17:00,1,0
10/20/2020 18:00,1,0
10/20/2020 19:00,1,0
10/20/2020 20:00,1,0
10/20/2020 21:00,1,0
10/20/2020 22:00,1,0
10/20/2020 23:00,1,0
10/21/2020 00:00,1,0
10/21/2020 01:00,1,0
10/21/2020 02:00,1,0
10/21/2020 03:00,1,0
10/21/2020 04:00,1,0
10/21/2020 05:00,1,0
10/21/2020 06:00,1,0
10/21/2020 07:00,1,0
10/21/2020 08:00,1,0
10/21/2020 09:00,1,0
10/21/2020 10:00,1,0
10/21/2020 11:00,1,0
10/21/2020 12:00,1,0
10/21/2020 13:00,1,0
10/21/2020 14:00,1,0
10/21/2020 15:00,1,0
10/21/2020 16:00,1,0
10/21/2020 17:00,1,0
10/21/2020 18:00,1,0
10/21/2020 19:00,1,0
10/21/2020 20:00,1,0
10/21/2020 21:00,1,0
10/21/2020 22:00,1,0
10/21/2020 23:00,1,0
10/22/2020 00:00,1,0
10/22/2020 01:00,1,0
10/22/2020 02:00,1,0
10/22/2020 03:00,1,0
10/22/2020 04:00,1,0
10/22/2020 05:00,1,0
10/22/2020 06:00,1,0
10/22/2020 07:00,1,0
10/22/2020 08:00,1,0
10/22/2020 09:00,1,0
10/22/2020 10:00,1,0
10/22/2020 11:00,1,0
10/22/2020 12:00,1,0
10/22/2020 13:00,1,0
10/22/2020 14:00,1,0
10/22/2020 15:00,1,0
10/22/2020 16:00,1,0
10/22/2020 17:00,1,0
10/22/2020 18:00,1,0
10/22/2020 19:00,1,0
10/22/2020 20:00,1,0
10/22/2020 21:00,1,0
10/22/2020 22:00,1,0
10/22/2020 23:00,1,0
10/23/2020 00:00,1,0
10/23/2020 01:00,1,0
10/23/2020 02:00,1,0
10/23/2020 03:00,1,0
10/23/2020 04:00,1,0
10/23/2020 05:00,1,0
10/23/2020 06:00,1,0
10/23/2020 07:00,1,0
10/23/2020 08:00,1,0
10/23/2020 09:00,1,0
10/23/2020 10:00,1,0
10/23/2020 11:00,1,0
10/23/2020 12:00,1,0
10/23/2020 13:00,1,0
10/23/2020 14:00,1,0
10/23/2020 15:00,1,0
10/23/2020 16:00,1,0
10/23/2020 17:00,1,0
10/23/2020 18:00,1,0
10/23/2020 19:00,1,0
10/23/2020 20:00,1,0
10/23/2020 21:00,1,0
10/23/2020 22:00,1,0
10/23/2020 23:00,1,0
10/24/2020 00:00,1,0
10/24/2020 01:00,1,0
10/24/2020 02:00,1,0
10/24/2020 03:00,1,0
10/24/2020 04:00,1,0
10/24/2020 05:00,1,0
10/24/2020 06:00,1,0
10/24/2020 07:00,1,0
10/24/2020 08:00,1,0
10/24/2020 09:00,1,0
10/24/2020 10:00,1,0
10/24/2020 11:00,1,0
10/24/2020 12:00,1,0
10/24/2020 13:00,1,0
10/24/2020 14:00,1,0
10/24/2020 15:00,1,0
10/24/2020 16:00,1,0
10/24/2020 17:00,1,0
10/24/2020 18:00,1,0
10/24/2020 19:00,1,0
10/24/2020 20:00,1,0
10/24/2020 21:00,1,0
10/24/2020 22:00,1,0
10/24/2020 23:00,1,0
10/25/2020 00:00,1,0
10/25/2020 01:00,1,0
10/25/2020 02:00,1,0
10/25/2020 03:00,1,0
10/25/2020 04:00,1,0
10/25/2020 05:00,1,0
10/25/2020 06:00,1,0
10/25/2020 07:00,1,0
10/25/2020 08:00,1,0
10/25/2020 09:00,1,0
10/25/2020 10:00,1,0
10/25/2020 11:00,1,0
10/25/2020 12:00,1,0
10/25/2020 13:00,1,0
10/25/2020 14:00,1,0
10/25/2020 15:00,1,0
10/25/2020 16:00,1,0
10/25/2020 17:00,1,0
10/25/2020 18:00,1,0
10/25/2020 19:00,1,0
10/25/2020 20:00,1,0
10/25/2020 21:00,1,0
10/25/2020 22:00,1,0
10/25/2020 23:00,1,0
10/26/2020 00:00,1,0
10/26/2020 01:00,1,0
10/26/2020 02:00,1,0
10/26/2020 03:00,1,0
10/26/2020 04:00,1,0
10/26/2020 05:00,1,0
10/26/2020 06:00,1,0
10/26/2020 07:00,1,0
10/26/2020 08:00,1,0
10/26/2020 09:00,1,0
10/26/2020 10:00,1,0
10/26/2020 11:00,1,0
10/26/2020 12:00,1,0
10/26/2020 13:00,1,0
10/26/2020 14:00,1,0
10/26/2020 15:00,1,0
10/26/2020 16:00,1,0
10/26/2020 17:00,1,0
10/26/2020 18:00,1,0
10/26/2020 19:00,1,0
10/26/2020 20:00,1,0
10/26/2020 21:00,1,0
10/26/2020 22:00,1,0
10/26/2020 23:00,1,0
10/27/2020 00:00,1,0
10/27/2020 01:00,1,0
10/27/2020 02:00,1,0
10/27/2020 03:00,1,0
10/27/2020 04:00,1,0
10/27/2020 05:00,1,0
10/27/2020 06:00,1,0
10/27/2020 07:00,1,0
10/27/2020 08:00,1,0
10/27/2020 09:00,1,0
10/27/2020 10:00,1,0
10/27/2020 11:00,1,0
10/27/2020 12:00,1,0
10/27/2020 13:00,1,0
10/27/2020 14:00,1,0
10/27/2020 15:00,1,0
10/27/2020 16:00,1,0
10/27/2020 17:00,1,0
10/27/2020 18:00,1,0
10/27/2020 19:00,1,0
10/27/2020 20:00,1,0
10/27/2020 21:00,1,0
10/27/2020 22:00,1,0
10/27/2020 23:00,1,0
10/28/2020 00:00,1,0
10/28/2020 01:00,1,0
10/28/2020 02:00,1,0
10/28/2020 03:00,1,0
10/28/2020 04:00,1,0
10/28/2020 05:00,1,0
10/28/2020 06:00,1,0
10/28/2020 07:00,1,0
10/28/2020 08:00,1,0
10/28/2020 09:00,1,0
10/28/2020 10:00,1,0
10/28/2020 11:00,1,0
10/28/2020 12:00,1,0
10/28/2020 13:00,1,0
10/28/2020 14:00,1,0
10/28/2020 15:00,1,0
10/28/2020 16:00,1,0
10/28/2020 17:00,1,0
10/28/2020 18:00,1,0
10/28/2020 19:00,1,0
10/28/2020 20:00,1,0
10/28/2020 21:00,1,0
10/28/2020 22:00,1,0
10/28/2020 23:00,1,0
10/29/2020 00:00,1,0
10/29/2020 01:00,1,0
10/29/2020 02:00,1,0
10/29/2020 03:00,1,0
10/29/2020 04:00,1,0
10/29/2020 05:00,1,0
10/29/2020 06:00,1,0
10/29/2020 07:00,1,0
10/29/2020 08:00,1,0
10/29/2020 09:00,1,0
10/29/2020 10:00,1,0
10/29/2020 11:00,1,0
10/29/2020 12:00,1,0
10/29/2020 13:00,1,0
10/29/2020 14:00,1,0
10/29/2020 15:00,1,0
10/29/2020 16:00,1,0
10/29/2020 17:00,1,0
10/29/2020 18:00,1,0
10/29/2020 19:00,1,0
10/29/2020 20:00,1,0
10/29/2020 21:00,1,0
10/29/2020 22:00,1,0
10/29/2020 23:00,1,0
10/30/2020 00:00,1,0
10/30/2020 01:00,1,0
10/30/2020 02:00,1,0
10/30/2020 03:00,1,0
10/30/2020 04:00,1,0
10/30/2020 05:00,1,0
10/30/2020 06:00,1,0
10/30/2020 07:00,1,0
10/30/2020 08:00,1,0
10/30/2020 09:00,1,0
10/30/2020 10:00,1,0
10/30/2020 11:00,1,0
10/30/2020 12:00,1,0
10/30/2020 13:00,1,0
10/30/2020 14:00,1,0
10/30/2020 15:00,1,0
10/30/2020 16:00,1,0
10/30/2020 17:00,1,0
10/30/2020 18:00,1,0
10/30/2020 19:00,1,0
10/30/2020 20:00,1,0
10/30/2020 21:00,1,0
10/30/2020 22:00,1,0
10/30/2020 23:00,1,0
10/31/2020 00:00,1,0
10/31/2020 01:00,1,0
10/31/2020 02:00,1,0
10/31/2020 03:00,1,0
10/31/2020 04:00,1,0
10/31/2020 05:00,1,0
10/31/2020 06:00,1,0
10/31/2020 07:00,1,0
10/31/2020 08:00,1,0
10/31/2020 09:00,1,0
10/31/2020 10:00,1,0
10/31/2020 11:00,1,0
10/31/2020 12:00,1,0
10/31/2020 13:00,1,0
10/31/2020 14:00,1,0
10/31/2020 15:00,1,0
10/31/2020 16:00,1,0
10/31/2020 17:00,1,0
10/31/2020 18:00,1,0
10/31/2020 19:00,1,0
10/31/2020 20:00,1,0
10/31/2020 21:00,1,0
10/31/2020 22:00,1,0
10/31/2020 23:00,1,0
11/01/2020 00:00,1,0
11/01/2020 01:00,1,0
11/01/2020 02:00,1,0
11/01/2020 03:00,1,0
11/01/2020 04:00,1,0
11/01/2020 05:00,1,0
11/01/2020 06:00,1,0
11/01/2020 07:00,1,0
11/01/2020 08:00,1,0
11/01/2020 09:00,1,0
11/01/2020 10:00,1,0
11/01/2020 11:00,1,0
11/01/2020 12:00,1,0
11/01/2020 13:00,1,0
11/01/2020 14:00,1,0
11/01/2020 15:00,1,0
11/01/2020 16:00,1,0
11/01/2020 17:00,1,0
11/01/2020 18:00,1,0
11/01/2020 19:00,1,0
11/01/2020 20:00,1,0
11/01/2020 21:00,1,0
11/01/2020 22:00,1,0
11/01/2020 23:00,1,0
11/02/2020 00:00,1,0
11/02/2020 01:00,1,0
11/02/2020 02:00,1,0
11/02/2020 03:00,1,0
11/02/2020 04:00,1,0
11/02/2020 05:00,1,0
11/02/2020 06:00,1,0
11/02/2020 07:00,1,0
11/02/2020 08:00,1,0
11/02/2020 09:00,1,0
11/02/2020 10:00,0,0
11/02/2020 11:00,1,0
11/02/2020 12:00,1,0
11/02/2020 13:00,1,0
11/02/2020 14:00,1,0
11/02/2020 15:00,1,0
11/02/2020 16:00,1,0
11/02/2020 17:00,1,0
11/02/2020 18:00,1,0
11/02/2020 19:00,1,0
11/02/2020 20:00,1,0
11/02/2020 21:00,1,0
11/02/2020 22:00,1,0
11/02/2020 23:00,1,0
11/03/2020 00:00,1,0
11/03/2020 01:00,1,0
11/03/2020 02:00,1,0
11/03/2020 03:00,1,0
11/03/2020 04:00,1,0
11/03/2020 05:00,1,0
11/03/2020 06:00,1,0
11/03/2020 07:00,1,0
11/03/2020 08:00,1,0
11/03/2020 09:00,1,0
11/03/2020 10:00,1,0
11/03/2020 11:00,1,0
11/03/2020 12:00,1,0
11/03/2020 13:00,1,0
11/03/2020 14:00,1,0
11/03/2020 15:00,1,0
11/03/2020 16:00,1,0
11/03/2020 17:00,1,0
11/03/2020 18:00,1,0
11/03/2020 19:00,1,0
11/03/2020 20:00,1,0
11/03/2020 21:00,1,0
11/03/2020 22:00,1,0
11/03/2020 23:00,1,0
11/04/2020 00:00,1,0
11/04/2020 01:00,1,0
11/04/2020 02:00,1,0
11/04/2020 03:00,1,0
11/04/2020 04:00,1,0
11/04/2020 05:00,1,0
11/04/2020 06:00,1,0
11/04/2020 07:00,1,0
11/04/2020 08:00,1,0
11/04/2020 09:00,1,0
11/04/2020 10:00,1,0
11/04/2020 11:00,1,0
11/04/2020 12:00,1,0
11/04/2020 13:00,1,0
11/04/2020 14:00,1,0
11/04/2020 15:00,1,0
11/04/2020 16:00,1,0
11/04/2020 17:00,1,0
11/04/2020 18:00,1,0
11/04/2020 19:00,1,0
11/04/2020 20:00,1,0
11/04/2020 21:00,1,0
11/04/2020 22:00,1,0
11/04/2020 23:00,1,0
11/05/2020 00:00,1,0
11/05/2020 01:00,1,0
11/05/2020 02:00,1,0
11/05/2020 03:00,1,0
11/05/2020 04:00,1,0
11/05/2020 05:00,1,0
11/05/2020 06:00,1,0
11/05/2020 07:00,1,0
11/05/2020 08:00,1,0
11/05/2020 09:00,1,0
11/05/2020 10:00,1,0
11/05/2020 11:00,1,0
11/05/2020 12:00,1,0
11/05/2020 13:00,1,0
11/05/2020 14:00,1,0
11/05/2020 15:00,1,0
11/05/2020 16:00,1,0
11/05/2020 17:00,1,0
11/05/2020 18:00,1,0
11/05/2020 19:00,1,0
11/05/2020 20:00,1,0
11/05/2020 21:00,1,0
11/05/2020 22:00,1,0
11/05/2020 23:00,1,0
11/06/2020 00:00,1,0
11/06/2020 01:00,1,0
11/06/2020 02:00,1,0
11/06/2020 03:00,1,0
11/06/2020 04:00,1,0
11/06/2020 05:00,1,0
11/06/2020 06:00,1,0
11/06/2020 07:00,1,0
11/06/2020 08:00,1,0
11/06/2020 09:00,1,0
11/06/2020 10:00,1,0
11/06/2020 11:00,1,0
11/06/2020 12:00,1,0
11/06/2020 13:00,1,0
11/06/2020 14:00,1,0
11/06/2020 15:00,1,0
11/06/2020 16:00,1,0
11/06/2020 17:00,1,0
11/06/2020 18:00,1,0
11/06/2020 19:00,1,0
11/06/2020 20:00,1,0
11/06/2020 21:00,1,0
11/06/2020 22:00,1,0
11/06/2020 23:00,1,0
11/07/2020 00:00,1,0
11/07/2020 01:00,1,0
11/07/2020 02:00,1,0
11/07/2020 03:00,1,0
11/07/2020 04:00,1,0
11/07/2020 05:00,1,0
11/07/2020 06:00,1,0
11/07/2020 07:00,1,0
11/07/2020 08:00,1,0
11/07/2020 09:00,1,0
11/07/2020 10:00,1,0
11/07/2020 11:00,1,0
11/07/2020 12:00,1,0
11/07/2020 13:00,1,0
11/07/2020 14:00,0,0
11/07/2020 15:00,0,0
11/07/2020 16:00,1,0
11/07/2020 17:00,1,0
11/07/2020 18:00,1,0
11/07/2020 19:00,1,0
11/07/2020 20:00,1,0
11/07/2020 21:00,1,0
11/07/2020 22:00,1,0
11/07/2020 23:00,1,0
11/08/2020 00:00,1,0
11/08/2020 01:00,1,0
11/08/2020 02:00,1,0
11/08/2020 03:00,1,0
11/08/2020 04:00,1,0
11/08/2020 05:00,1,0
11/08/2020 06:00,1,0
11/08/2020 07:00,1,0
11/08/2020 08:00,1,0
11/08/2020 09:00,1,0
11/08/2020 10:00,1,0
11/08/2020 11:00,1,0
11/08/2020 12:00,1,0
11/08/2020 13:00,1,0
11/08/2020 14:00,1,0
11/08/2020 15:00,0,0
11/08/2020 16:00,1,0
11/08/2020 17:00,1,0
11/08/2020 18:00,0,0
11/08/2020 19:00,1,0
11/08/2020 20:00,1,0
11/08/2020 21:00,1,0
11/08/2020 22:00,1,0
11/08/2020 23:00,1,0
11/09/2020 00:00,1,0
11/09/2020 01:00,1,0
11/09/2020 02:00,1,0
11/09/2020 03:00,1,0
11/09/2020 04:00,1,0
11/09/2020 05:00,1,0
11/09/2020 06:00,1,0
11/09/2020 07:00,1,0
11/09/2020 08:00,1,0
11/09/2020 09:00,1,0
11/09/2020 10:00,1,0
11/09/2020 11:00,1,0
11/09/2020 12:00,1,0
11/09/2020 13:00,1,0
11/09/2020 14:00,1,0
11/09/2020 15:00,1,0
11/09/2020 16:00,1,0
11/09/2020 17:00,1,0
11/09/2020 18:00,1,0
11/09/2020 19:00,1,0
11/09/2020 20:00,1,0
11/09/2020 21:00,1,0
11/09/2020 22:00,1,0
11/09/2020 23:00,1,0
11/10/2020 00:00,1,0
11/10/2020 01:00,1,0
11/10/2020 02:00,1,0
11/10/2020 03:00,1,0
11/10/2020 04:00,1,0
11/10/2020 05:00,1,0
11/10/2020 06:00,1,0
11/10/2020 07:00,1,0
11/10/2020 08:00,1,0
11/10/2020 09:00,1,0
11/10/2020 10:00,1,0
11/10/2020 11:00,1,0
11/10/2020 12:00,1,0
11/10/2020 13:00,1,0
11/10/2020 14:00,1,0
11/10/2020 15:00,1,0
11/10/2020 16:00,1,0
11/10/2020 17:00,1,0
11/10/2020 18:00,1,0
11/10/2020 19:00,1,0
11/10/2020 20:00,1,0
11/10/2020 21:00,1,0
11/10/2020 22:00,1,0
11/10/2020 23:00,1,0
11/11/2020 00:00,1,0
11/11/2020 01:00,1,0
11/11/2020 02:00,1,0
11/11/2020 03:00,1,0
11/11/2020 04:00,1,0
11/11/2020 05:00,1,0
11/11/2020 06:00,1,0
11/11/2020 07:00,1,0
11/11/2020 08:00,1,0
11/11/2020 09:00,1,0
11/11/2020 10:00,1,0
11/11/2020 11:00,1,0
11/11/2020 12:00,1,0
11/11/2020 13:00,1,0
11/11/2020 14:00,1,0
11/11/2020 15:00,1,0
11/11/2020 16:00,1,0
11/11/2020 17:00,1,0
11/11/2020 18:00,1,0
11/11/2020 19:00,1,0
11/11/2020 20:00,1,0
11/11/2020 21:00,1,0
11/11/2020 22:00,1,0
11/11/2020 23:00,1,0
11/12/2020 00:00,1,0
11/12/2020 01:00,1,0
11/12/2020 02:00,1,0
11/12/2020 03:00,1,0
11/12/2020 04:00,1,0
11/12/2020 05:00,1,0
11/12/2020 06:00,1,0
11/12/2020 07:00,1,0
11/12/2020 08:00,1,0
11/12/2020 09:00,1,0
11/12/2020 10:00,1,0
11/12/2020 11:00,1,0
11/12/2020 12:00,1,0
11/12/2020 13:00,1,0
11/12/2020 14:00,1,0
11/12/2020 15:00,1,0
11/12/2020 16:00,1,0
11/12/2020 17:00,1,0
11/12/2020 18:00,1,0
11/12/2020 19:00,1,0
11/12/2020 20:00,1,0
11/12/2020 21:00,1,0
11/12/2020 22:00,1,0
11/12/2020 23:00,1,0
11/13/2020 00:00,1,0
11/13/2020 01:00,1,0
11/13/2020 02:00,1,0
11/13/2020 03:00,1,0
11/13/2020 04:00,1,0
11/13/2020 05:00,1,0
11/13/2020 06:00,1,0
11/13/2020 07:00,1,0
11/13/2020 08:00,1,0
11/13/2020 09:00,1,0
11/13/2020 10:00,1,0
11/13/2020 11:00,1,0
11/13/2020 12:00,1,0
11/13/2020 13:00,1,0
11/13/2020 14:00,1,0
11/13/2020 15:00,1,0
11/13/2020 16:00,1,0
11/13/2020 17:00,1,0
11/13/2020 18:00,1,0
11/13/2020 19:00,1,0
11/13/2020 20:00,1,0
11/13/2020 21:00,1,0
11/13/2020 22:00,1,0
11/13/2020 23:00,1,0
11/14/2020 00:00,1,0
11/14/2020 01:00,1,0
11/14/2020 02:00,1,0
11/14/2020 03:00,1,0
11/14/2020 04:00,1,0
11/14/2020 05:00,1,0
11/14/2020 06:00,1,0
11/14/2020 07:00,1,0
11/14/2020 08:00,1,0
11/14/2020 09:00,1,0
11/14/2020 10:00,1,0
11/14/2020 11:00,1,0
11/14/2020 12:00,1,0
11/14/2020 13:00,1,0
11/14/2020 14:00,1,0
11/14/2020 15:00,1,0
11/14/2020 16:00,1,0
11/14/2020 17:00,1,0
11/14/2020 18:00,1,0
11/14/2020 19:00,1,0
11/14/2020 20:00,1,0
11/14/2020 21:00,1,0
11/14/2020 22:00,1,0
11/14/2020 23:00,1,0
11/15/2020 00:00,1,0
11/15/2020 01:00,1,0
11/15/2020 02:00,1,0
11/15/2020 03:00,1,0
11/15/2020 04:00,1,0
11/15/2020 05:00,1,0
11/15/2020 06:00,1,0
11/15/2020 07:00,1,0
11/15/2020 08:00,1,0
11/15/2020 09:00,1,0
11/15/2020 10:00,1,0
11/15/2020 11:00,1,0
11/15/2020 12:00,1,0
11/15/2020 13:00,1,0
11/15/2020 14:00,1,0
11/15/2020 15:00,1,0
11/15/2020 16:00,1,0
11/15/2020 17:00,1,0
11/15/2020 18:00,1,0
11/15/2020 19:00,1,0
11/15/2020 20:00,0,0
11/15/2020 21:00,1,0
11/15/2020 22:00,1,0
11/15/2020 23:00,1,0
11/16/2020 00:00,1,0
11/16/2020 01:00,1,0
11/16/2020 02:00,1,0
11/16/2020 03:00,1,0
11/16/2020 04:00,1,0
11/16/2020 05:00,1,0
11/16/2020 06:00,1,0
11/16/2020 07:00,1,0
11/16/2020 08:00,1,0
11/16/2020 09:00,1,0
11/16/2020 10:00,1,0
11/16/2020 11:00,1,0
11/16/2020 12:00,1,0
11/16/2020 13:00,1,0
11/16/2020 14:00,1,0
11/16/2020 15:00,1,0
11/16/2020 16:00,1,0
11/16/2020 17:00,1,0
11/16/2020 18:00,1,0
11/16/2020 19:00,1,0
11/16/2020 20:00,1,0
11/16/2020 21:00,1,0
11/16/2020 22:00,1,0
11/16/2020 23:00,1,0
11/17/2020 00:00,1,0
11/17/2020 01:00,1,0
11/17/2020 02:00,1,0
11/17/2020 03:00,1,0
11/17/2020 04:00,1,0
11/17/2020 05:00,1,0
11/17/2020 06:00,1,0
11/17/2020 07:00,1,0
11/17/2020 08:00,1,0
11/17/2020 09:00,1,0
11/17/2020 10:00,1,0
11/17/2020 11:00,1,0
11/17/2020 12:00,1,0
11/17/2020 13:00,1,0
11/17/2020 14:00,1,0
11/17/2020 15:00,1,0
11/17/2020 16:00,1,0
11/17/2020 17:00,1,0
11/17/2020 18:00,1,0
11/17/2020 19:00,1,0
11/17/2020 20:00,1,0
11/17/2020 21:00,1,0
11/17/2020 22:00,1,0
11/17/2020 23:00,1,0
11/18/2020 00:00,1,0
11/18/2020 01:00,1,0
11/18/2020 02:00,1,0
11/18/2020 03:00,1,0
11/18/2020 04:00,1,0
11/18/2020 05:00,1,0
11/18/2020 06:00,1,0
11/18/2020 07:00,1,0
11/18/2020 08:00,1,0
11/18/2020 09:00,1,0
11/18/2020 10:00,0,0
11/18/2020 11:00,0,0
11/18/2020 12:00,1,0
11/18/2020 13:00,1,0
11/18/2020 14:00,1,0
11/18/2020 15:00,1,0
11/18/2020 16:00,1,0
11/18/2020 17:00,1,0
11/18/2020 18:00,1,0
11/18/2020 19:00,1,0
11/18/2020 20:00,1,0
11/18/2020 21:00,1,0
11/18/2020 22:00,1,0
11/18/2020 23:00,1,0
11/19/2020 00:00,1,0
11/19/2020 01:00,1,0
11/19/2020 02:00,1,0
11/19/2020 03:00,1,0
11/19/2020 04:00,1,0
11/19/2020 05:00,1,0
11/19/2020 06:00,1,0
11/19/2020 07:00,1,0
11/19/2020 08:00,1,0
11/19/2020 09:00,1,0
11/19/2020 10:00,1,0
11/19/2020 11:00,1,0
11/19/2020 12:00,1,0
11/19/2020 13:00,1,0
11/19/2020 14:00,1,0
11/19/2020 15:00,1,0
11/19/2020 16:00,1,0
11/19/2020 17:00,1,0
11/19/2020 18:00,1,0
11/19/2020 19:00,1,0
11/19/2020 20:00,1,0
11/19/2020 21:00,1,0
11/19/2020 22:00,1,0
11/19/2020 23:00,1,0
11/20/2020 00:00,1,0
11/20/2020 01:00,1,0
11/20/2020 02:00,1,0
11/20/2020 03:00,1,0
11/20/2020 04:00,1,0
11/20/2020 05:00,1,0
11/20/2020 06:00,1,0
11/20/2020 07:00,1,0
11/20/2020 08:00,1,0
11/20/2020 09:00,1,0
11/20/2020 10:00,1,0
11/20/2020 11:00,1,0
11/20/2020 12:00,1,0
11/20/2020 13:00,0,0
11/20/2020 14:00,1,0
11/20/2020 15:00,1,0
11/20/2020 16:00,1,0
11/20/2020 17:00,1,0
11/20/2020 18:00,1,0
11/20/2020 19:00,1,0
11/20/2020 20:00,1,0
11/20/2020 21:00,1,0
11/20/2020 22:00,1,0
11/20/2020 23:00,1,0
11/21/2020 00:00,1,0
11/21/2020 01:00,1,0
11/21/2020 02:00,1,0
11/21/2020 03:00,1,0
11/21/2020 04:00,1,0
11/21/2020 05:00,1,0
11/21/2020 06:00,1,0
11/21/2020 07:00,1,0
11/21/2020 08:00,1,0
11/21/2020 09:00,1,0
11/21/2020 10:00,1,0
11/21/2020 11:00,1,0
11/21/2020 12:00,1,0
11/21/2020 13:00,1,0
11/21/2020 14:00,1,0
11/21/2020 15:00,1,0
11/21/2020 16:00,1,0
11/21/2020 17:00,1,0
11/21/2020 18:00,1,0
11/21/2020 19:00,1,0
11/21/2020 20:00,1,0
11/21/2020 21:00,1,0
11/21/2020 22:00,1,0
11/21/2020 23:00,1,0
11/22/2020 00:00,1,0
11/22/2020 01:00,1,0
11/22/2020 02:00,1,0
11/22/2020 03:00,1,0
11/22/2020 04:00,1,0
11/22/2020 05:00,1,0
11/22/2020 06:00,1,0
11/22/2020 07:00,1,0
11/22/2020 08:00,0,0
11/22/2020 09:00,1,0
11/22/2020 10:00,1,0
11/22/2020 11:00,1,0
11/22/2020 12:00,1,0
11/22/2020 13:00,1,0
11/22/2020 14:00,1,0
11/22/2020 15:00,1,0
11/22/2020 16:00,1,0
11/22/2020 17:00,1,0
11/22/2020 18:00,1,0
11/22/2020 19:00,1,0
11/22/2020 20:00,1,0
11/22/2020 21:00,1,0
11/22/2020 22:00,1,0
11/22/2020 23:00,1,0
11/23/2020 00:00,1,0
11/23/2020 01:00,1,0
11/23/2020 02:00,1,0
11/23/2020 03:00,1,0
11/23/2020 04:00,1,0
11/23/2020 05:00,1,0
11/23/2020 06:00,1,0
11/23/2020 07:00,1,0
11/23/2020 08:00,1,0
11/23/2020 09:00,1,0
11/23/2020 10:00,1,0
11/23/2020 11:00,1,0
11/23/2020 12:00,1,0
11/23/2020 13:00,1,0
11/23/2020 14:00,1,0
11/23/2020 15:00,1,0
11/23/2020 16:00,1,0
11/23/2020 17:00,1,0
11/23/2020 18:00,1,0
11/23/2020 19:00,1,0
11/23/2020 20:00,1,0
11/23/2020 21:00,1,0
11/23/2020 22:00,1,0
11/23/2020 23:00,1,0
11/24/2020 00:00,1,0
11/24/2020 01:00,1,0
11/24/2020 02:00,1,0
11/24/2020 03:00,1,0
11/24/2020 04:00,1,0
11/24/2020 05:00,1,0
11/24/2020 06:00,1,0
11/24/2020 07:00,1,0
11/24/2020 08:00,1,0
11/24/2020 09:00,1,0
11/24/2020 10:00,1,0
11/24/2020 11:00,1,0
11/24/2020 12:00,1,0
11/24/2020 13:00,1,0
11/24/2020 14:00,1,0
11/24/2020 15:00,0,0
11/24/2020 16:00,1,0
11/24/2020 17:00,1,0
11/24/2020 18:00,1,0
11/24/2020 19:00,1,0
11/24/2020 20:00,1,0
11/24/2020 21:00,1,0
11/24/2020 22:00,1,0
11/24/2020 23:00,1,0
11/25/2020 00:00,1,0
11/25/2020 01:00,1,0
11/25/2020 02:00,1,0
11/25/2020 03:00,1,0
11/25/2020 04:00,1,0
11/25/2020 05:00,1,0
11/25/2020 06:00,1,0
11/25/2020 07:00,1,0
11/25/2020 08:00,1,0
11/25/2020 09:00,1,0
11/25/2020 10:00,1,0
11/25/2020 11:00,1,0
11/25/2020 12:00,1,0
11/25/2020 13:00,1,0
11/25/2020 14:00,1,0
11/25/2020 15:00,1,0
11/25/2020 16:00,0,0
11/25/2020 17:00,1,0
11/25/2020 18:00,1,0
11/25/2020 19:00,1,0
11/25/2020 20:00,1,0
11/25/2020 21:00,1,0
11/25/2020 22:00,1,0
11/25/2020 23:00,1,0
11/26/2020 00:00,1,0
11/26/2020 01:00,1,0
11/26/2020 02:00,1,0
11/26/2020 03:00,1,0
11/26/2020 04:00,1,0
11/26/2020 05:00,1,0
11/26/2020 06:00,1,0
11/26/2020 07:00,1,0
11/26/2020 08:00,1,0
11/26/2020 09:00,1,0
11/26/2020 10:00,1,0
11/26/2020 11:00,1,0
11/26/2020 12:00,1,0
11/26/2020 13:00,1,0
11/26/2020 14:00,1,0
11/26/2020 15:00,1,0
11/26/2020 16:00,1,0
11/26/2020 17:00,1,0
11/26/2020 18:00,1,0
11/26/2020 19:00,1,0
11/26/2020 20:00,1,0
11/26/2020 21:00,1,0
11/26/2020 22:00,1,0
11/26/2020 23:00,1,0
11/27/2020 00:00,1,0
11/27/2020 01:00,1,0
11/27/2020 02:00,1,0
11/27/2020 03:00,1,0
11/27/2020 04:00,1,0
11/27/2020 05:00,1,0
11/27/2020 06:00,1,0
11/27/2020 07:00,1,0
11/27/2020 08:00,0,0
11/27/2020 09:00,0,0
11/27/2020 10:00,1,0
11/27/2020 11:00,1,0
11/27/2020 12:00,1,0
11/27/2020 13:00,1,0
11/27/2020 14:00,1,0
11/27/2020 15:00,1,0
11/27/2020 16:00,1,0
11/27/2020 17:00,1,0
11/27/2020 18:00,1,0
11/27/2020 19:00,1,0
11/27/2020 20:00,1,0
11/27/2020 21:00,1,0
11/27/2020 22:00,1,0
11/27/2020 23:00,1,0
11/28/2020 00:00,1,0
11/28/2020 01:00,1,0
11/28/2020 02:00,1,0
11/28/2020 03:00,1,0
11/28/2020 04:00,1,0
11/28/2020 05:00,1,0
11/28/2020 06:00,1,0
11/28/2020 07:00,1,0
11/28/2020 08:00,1,0
11/28/2020 09:00,1,0
11/28/2020 10:00,1,0
11/28/2020 11:00,1,0
11/28/2020 12:00,1,0
11/28/2020 13:00,1,0
11/28/2020 14:00,1,0
11/28/2020 15:00,1,0
11/28/2020 16:00,1,0
11/28/2020 17:00,1,0
11/28/2020 18:00,1,0
11/28/2020 19:00,1,0
11/28/2020 20:00,1,0
11/28/2020 21:00,1,0
11/28/2020 22:00,1,0
11/28/2020 23:00,1,0
11/29/2020 00:00,1,0
11/29/2020 01:00,1,0
11/29/2020 02:00,1,0
11/29/2020 03:00,1,0
11/29/2020 04:00,1,0
11/29/2020 05:00,1,0
11/29/2020 06:00,1,0
11/29/2020 07:00,1,0
11/29/2020 08:00,1,0
11/29/2020 09:00,1,0
11/29/2020 10:00,1,0
11/29/2020 11:00,1,0
11/29/2020 12:00,1,0
11/29/2020 13:00,1,0
11/29/2020 14:00,1,0
11/29/2020 15:00,1,0
11/29/2020 16:00,1,0
11/29/2020 17:00,1,0
11/29/2020 18:00,1,0
11/29/2020 19:00,1,0
11/29/2020 20:00,1,1
11/29/2020 21:00,1,0
11/29/2020 22:00,1,1
11/29/2020 23:00,1,0
11/30/2020 00:00,1,0
11/30/2020 01:00,1,0
11/30/2020 02:00,1,0
11/30/2020 03:00,1,0
11/30/2020 04:00,1,0
11/30/2020 05:00,1,0
11/30/2020 06:00,1,0
11/30/2020 07:00,1,0
11/30/2020 08:00,1,0
11/30/2020 09:00,1,0
11/30/2020 10:00,1,0
11/30/2020 11:00,1,0
11/30/2020 12:00,1,0
11/30/2020 13:00,1,0
11/30/2020 14:00,1,0
11/30/2020 15:00,1,0
11/30/2020 16:00,1,0
11/30/2020 17:00,1,0
11/30/2020 18:00,1,0
11/30/2020 19:00,1,0
11/30/2020 20:00,1,0
11/30/2020 21:00,1,0
11/30/2020 22:00,1,0
11/30/2020 23:00,1,0
12/01/2020 00:00,1,0
12/01/2020 01:00,1,0
12/01/2020 02:00,1,0
12/01/2020 03:00,1,0
12/01/2020 04:00,1,0
12/01/2020 05:00,1,0
12/01/2020 06:00,1,0
12/01/2020 07:00,1,0
12/01/2020 08:00,1,0
12/01/2020 09:00,1,0
12/01/2020 10:00,1,0
12/01/2020 11:00,1,0
12/01/2020 12:00,1,0
12/01/2020 13:00,1,0
12/01/2020 14:00,1,0
12/01/2020 15:00,1,0
12/01/2020 16:00,1,0
12/01/2020 17:00,1,0
12/01/2020 18:00,1,0
12/01/2020 19:00,1,0
12/01/2020 20:00,1,0
12/01/2020 21:00,1,0
12/01/2020 22:00,0,0
12/01/2020 23:00,1,0
12/02/2020 00:00,1,0
12/02/2020 01:00,1,0
12/02/2020 02:00,1,0
12/02/2020 03:00,1,0
12/02/2020 04:00,1,0
12/02/2020 05:00,1,0
12/02/2020 06:00,1,0
12/02/2020 07:00,1,0
12/02/2020 08:00,1,0
12/02/2020 09:00,1,0
12/02/2020 10:00,1,0
12/02/2020 11:00,1,0
12/02/2020 12:00,1,0
12/02/2020 13:00,1,0
12/02/2020 14:00,1,0
12/02/2020 15:00,1,0
12/02/2020 16:00,1,0
12/02/2020 17:00,1,0
12/02/2020 18:00,0,0
12/02/2020 19:00,1,0
12/02/2020 20:00,1,0
12/02/2020 21:00,1,0
12/02/2020 22:00,1,0
12/02/2020 23:00,1,0
12/03/2020 00:00,1,0
12/03/2020 01:00,1,0
12/03/2020 02:00,1,0
12/03/2020 03:00,1,0
12/03/2020 04:00,1,0
12/03/2020 05:00,1,0
12/03/2020 06:00,1,0
12/03/2020 07:00,1,0
12/03/2020 08:00,1,0
12/03/2020 09:00,1,0
12/03/2020 10:00,1,0
12/03/2020 11:00,1,0
12/03/2020 12:00,1,0
12/03/2020 13:00,1,0
12/03/2020 14:00,1,0
12/03/2020 15:00,0,0
12/03/2020 16:00,1,0
12/03/2020 17:00,1,0
12/03/2020 18:00,1,0
12/03/2020 19:00,1,0
12/03/2020 20:00,1,0
12/03/2020 21:00,1,0
12/03/2020 22:00,1,0
12/03/2020 23:00,1,0
12/04/2020 00:00,1,0
12/04/2020 01:00,1,0
12/04/2020 02:00,1,0
12/04/2020 03:00,1,0
12/04/2020 04:00,1,0
12/04/2020 05:00,1,0
12/04/2020 06:00,1,0
12/04/2020 07:00,0,0
12/04/2020 08:00,1,0
12/04/2020 09:00,1,0
12/04/2020 10:00,0,0
12/04/2020 11:00,0,0
12/04/2020 12:00,1,0
12/04/2020 13:00,1,0
12/04/2020 14:00,1,0
12/04/2020 15:00,1,0
12/04/2020 16:00,1,0
12/04/2020 17:00,1,0
12/04/2020 18:00,1,0
12/04/2020 19:00,1,0
12/04/2020 20:00,1,0
12/04/2020 21:00,1,0
12/04/2020 22:00,1,0
12/04/2020 23:00,1,0
12/05/2020 00:00,1,0
12/05/2020 01:00,1,0
12/05/2020 02:00,1,0
12/05/2020 03:00,1,0
12/05/2020 04:00,1,0
12/05/2020 05:00,1,0
12/05/2020 06:00,1,0
12/05/2020 07:00,1,0
12/05/2020 08:00,1,0
12/05/2020 09:00,1,0
12/05/2020 10:00,1,0
12/05/2020 11:00,0,0
12/05/2020 12:00,0,0
12/05/2020 13:00,0,0
12/05/2020 14:00,0,0
12/05/2020 15:00,1,0
12/05/2020 16:00,1,0
12/05/2020 17:00,1,0
12/05/2020 18:00,1,0
12/05/2020 19:00,1,0
12/05/2020 20:00,1,0
12/05/2020 21:00,1,0
12/05/2020 22:00,1,0
12/05/2020 23:00,1,0
12/06/2020 00:00,1,0
12/06/2020 01:00,1,0
12/06/2020 02:00,1,0
12/06/2020 03:00,1,0
12/06/2020 04:00,1,0
12/06/2020 05:00,1,0
12/06/2020 06:00,1,0
12/06/2020 07:00,0,0
12/06/2020 08:00,1,0
12/06/2020 09:00,1,0
12/06/2020 10:00,1,0
12/06/2020 11:00,1,0
12/06/2020 12:00,1,0
12/06/2020 13:00,1,0
12/06/2020 14:00,1,0
12/06/2020 15:00,1,0
12/06/2020 16:00,1,0
12/06/2020 17:00,0,0
12/06/2020 18:00,0,0
12/06/2020 19:00,1,0
12/06/2020 20:00,0,0
12/06/2020 21:00,1,0
12/06/2020 22:00,1,0
12/06/2020 23:00,1,0
12/07/2020 00:00,1,0
12/07/2020 01:00,1,0
12/07/2020 02:00,1,0
12/07/2020 03:00,1,0
12/07/2020 04:00,1,0
12/07/2020 05:00,1,0
12/07/2020 06:00,1,0
12/07/2020 07:00,1,0
12/07/2020 08:00,1,0
12/07/2020 09:00,1,0
12/07/2020 10:00,1,0
12/07/2020 11:00,1,0
12/07/2020 12:00,1,0
12/07/2020 13:00,1,0
12/07/2020 14:00,0,0
12/07/2020 15:00,1,0
12/07/2020 16:00,1,0
12/07/2020 17:00,1,0
12/07/2020 18:00,1,0
12/07/2020 19:00,1,0
12/07/2020 20:00,1,0
12/07/2020 21:00,1,0
12/07/2020 22:00,1,0
12/07/2020 23:00,1,0
12/08/2020 00:00,1,0
12/08/2020 01:00,1,0
12/08/2020 02:00,1,0
12/08/2020 03:00,1,0
12/08/2020 04:00,1,0
12/08/2020 05:00,1,0
12/08/2020 06:00,1,0
12/08/2020 07:00,1,0
12/08/2020 08:00,1,0
12/08/2020 09:00,1,0
12/08/2020 10:00,1,0
12/08/2020 11:00,1,0
12/08/2020 12:00,1,0
12/08/2020 13:00,1,0
12/08/2020 14:00,1,0
12/08/2020 15:00,1,0
12/08/2020 16:00,1,0
12/08/2020 17:00,1,0
12/08/2020 18:00,1,0
12/08/2020 19:00,1,0
12/08/2020 20:00,1,0
12/08/2020 21:00,1,0
12/08/2020 22:00,1,0
12/08/2020 23:00,1,0
12/09/2020 00:00,1,0
12/09/2020 01:00,1,0
12/09/2020 02:00,1,0
12/09/2020 03:00,1,0
12/09/2020 04:00,1,0
12/09/2020 05:00,1,0
12/09/2020 06:00,1,0
12/09/2020 07:00,1,0
12/09/2020 08:00,1,0
12/09/2020 09:00,1,0
12/09/2020 10:00,1,0
12/09/2020 11:00,1,0
12/09/2020 12:00,1,0
12/09/2020 13:00,1,0
12/09/2020 14:00,1,0
12/09/2020 15:00,1,0
12/09/2020 16:00,1,0
12/09/2020 17:00,1,0
12/09/2020 18:00,1,0
12/09/2020 19:00,1,0
12/09/2020 20:00,1,0
12/09/2020 21:00,1,0
12/09/2020 22:00,1,0
12/09/2020 23:00,1,0
12/10/2020 00:00,1,0
12/10/2020 01:00,1,0
12/10/2020 02:00,1,0
12/10/2020 03:00,1,0
12/10/2020 04:00,1,0
12/10/2020 05:00,1,0
12/10/2020 06:00,1,0
12/10/2020 07:00,1,0
12/10/2020 08:00,1,0
12/10/2020 09:00,1,0
12/10/2020 10:00,1,0
12/10/2020 11:00,1,0
12/10/2020 12:00,1,0
12/10/2020 13:00,1,0
12/10/2020 14:00,1,0
12/10/2020 15:00,0,0
12/10/2020 16:00,0,0
12/10/2020 17:00,0,0
12/10/2020 18:00,1,0
12/10/2020 19:00,1,0
12/10/2020 20:00,1,0
12/10/2020 21:00,1,0
12/10/2020 22:00,1,0
12/10/2020 23:00,1,0
12/11/2020 00:00,1,0
12/11/2020 01:00,1,0
12/11/2020 02:00,1,0
12/11/2020 03:00,1,0
12/11/2020 04:00,1,0
12/11/2020 05:00,1,0
12/11/2020 06:00,1,0
12/11/2020 07:00,1,0
12/11/2020 08:00,1,0
12/11/2020 09:00,1,0
12/11/2020 10:00,1,0
12/11/2020 11:00,1,0
12/11/2020 12:00,1,0
12/11/2020 13:00,1,0
12/11/2020 14:00,1,0
12/11/2020 15:00,1,0
12/11/2020 16:00,1,0
12/11/2020 17:00,1,0
12/11/2020 18:00,1,0
12/11/2020 19:00,1,0
12/11/2020 20:00,1,0
12/11/2020 21:00,1,0
12/11/2020 22:00,1,0
12/11/2020 23:00,1,0
12/12/2020 00:00,0,0
12/12/2020 01:00,1,0
12/12/2020 02:00,1,0
12/12/2020 03:00,1,0
12/12/2020 04:00,1,0
12/12/2020 05:00,1,0
12/12/2020 06:00,1,0
12/12/2020 07:00,1,0
12/12/2020 08:00,1,0
12/12/2020 09:00,1,0
12/12/2020 10:00,1,0
12/12/2020 11:00,1,0
12/12/2020 12:00,1,0
12/12/2020 13:00,1,0
12/12/2020 14:00,1,0
12/12/2020 15:00,1,0
12/12/2020 16:00,1,0
12/12/2020 17:00,1,0
12/12/2020 18:00,1,0
12/12/2020 19:00,1,0
12/12/2020 20:00,1,0
12/12/2020 21:00,1,0
12/12/2020 22:00,1,0
12/12/2020 23:00,1,0
12/13/2020 00:00,1,0
12/13/2020 01:00,1,0
12/13/2020 02:00,1,0
12/13/2020 03:00,1,0
12/13/2020 04:00,1,0
12/13/2020 05:00,1,0
12/13/2020 06:00,1,0
12/13/2020 07:00,1,0
12/13/2020 08:00,1,0
12/13/2020 09:00,1,0
12/13/2020 10:00,1,0
12/13/2020 11:00,1,0
12/13/2020 12:00,1,0
12/13/2020 13:00,1,0
12/13/2020 14:00,1,0
12/13/2020 15:00,1,0
12/13/2020 16:00,1,0
12/13/2020 17:00,1,0
12/13/2020 18:00,1,0
12/13/2020 19:00,1,0
12/13/2020 20:00,1,0
12/13/2020 21:00,1,0
12/13/2020 22:00,1,0
12/13/2020 23:00,1,0
12/14/2020 00:00,1,0
12/14/2020 01:00,1,0
12/14/2020 02:00,1,0
12/14/2020 03:00,1,0
12/14/2020 04:00,1,0
12/14/2020 05:00,1,0
12/14/2020 06:00,1,0
12/14/2020 07:00,1,0
12/14/2020 08:00,1,0
12/14/2020 09:00,1,0
12/14/2020 10:00,1,0
12/14/2020 11:00,1,0
12/14/2020 12:00,1,0
12/14/2020 13:00,1,0
12/14/2020 14:00,1,0
12/14/2020 15:00,1,0
12/14/2020 16:00,1,0
12/14/2020 17:00,1,0
12/14/2020 18:00,1,0
12/14/2020 19:00,1,0
12/14/2020 20:00,1,0
12/14/2020 21:00,1,0
12/14/2020 22:00,0,0
12/14/2020 23:00,1,0
12/15/2020 00:00,1,0
12/15/2020 01:00,1,0
12/15/2020 02:00,1,0
12/15/2020 03:00,1,0
12/15/2020 04:00,1,0
12/15/2020 05:00,1,0
12/15/2020 06:00,1,0
12/15/2020 07:00,1,0
12/15/2020 08:00,1,0
12/15/2020 09:00,1,0
12/15/2020 10:00,1,0
12/15/2020 11:00,1,0
12/15/2020 12:00,1,0
12/15/2020 13:00,1,0
12/15/2020 14:00,1,0
12/15/2020 15:00,1,0
12/15/2020 16:00,1,0
12/15/2020 17:00,1,0
12/15/2020 18:00,1,0
12/15/2020 19:00,1,0
12/15/2020 20:00,1,0
12/15/2020 21:00,1,0
12/15/2020 22:00,1,0
12/15/2020 23:00,1,0
12/16/2020 00:00,1,0
12/16/2020 01:00,1,0
12/16/2020 02:00,1,0
12/16/2020 03:00,1,0
12/16/2020 04:00,1,0
12/16/2020 05:00,1,0
12/16/2020 06:00,1,0
12/16/2020 07:00,1,0
12/16/2020 08:00,1,0
12/16/2020 09:00,1,0
12/16/2020 10:00,1,0
12/16/2020 11:00,1,0
12/16/2020 12:00,1,0
12/16/2020 13:00,1,0
12/16/2020 14:00,1,0
12/16/2020 15:00,1,0
12/16/2020 16:00,1,0
12/16/2020 17:00,1,0
12/16/2020 18:00,1,0
12/16/2020 19:00,1,0
12/16/2020 20:00,1,0
12/16/2020 21:00,1,0
12/16/2020 22:00,1,0
12/16/2020 23:00,1,0
12/17/2020 00:00,1,0
12/17/2020 01:00,1,0
12/17/2020 02:00,1,0
12/17/2020 03:00,1,0
12/17/2020 04:00,0,0
12/17/2020 05:00,0,0
12/17/2020 06:00,1,0
12/17/2020 07:00,1,0
12/17/2020 08:00,1,0
12/17/2020 09:00,0,0
12/17/2020 10:00,0,0
12/17/2020 11:00,0,0
12/17/2020 12:00,1,0
12/17/2020 13:00,1,0
12/17/2020 14:00,1,0
12/17/2020 15:00,1,0
12/17/2020 16:00,1,0
12/17/2020 17:00,1,0
12/17/2020 18:00,1,0
12/17/2020 19:00,1,0
12/17/2020 20:00,1,0
12/17/2020 21:00,1,0
12/17/2020 22:00,1,0
12/17/2020 23:00,1,0
12/18/2020 00:00,1,0
12/18/2020 01:00,1,0
12/18/2020 02:00,1,0
12/18/2020 03:00,1,0
12/18/2020 04:00,1,0
12/18/2020 05:00,1,0
12/18/2020 06:00,1,0
12/18/2020 07:00,1,0
12/18/2020 08:00,1,0
12/18/2020 09:00,1,0
12/18/2020 10:00,1,0
12/18/2020 11:00,0,0
12/18/2020 12:00,1,0
12/18/2020 13:00,1,0
12/18/2020 14:00,1,0
12/18/2020 15:00,1,0
12/18/2020 16:00,0,0
12/18/2020 17:00,1,0
12/18/2020 18:00,1,0
12/18/2020 19:00,1,0
12/18/2020 20:00,1,0
12/18/2020 21:00,1,0
12/18/2020 22:00,1,0
12/18/2020 23:00,1,0
12/19/2020 00:00,1,0
12/19/2020 01:00,1,0
12/19/2020 02:00,1,0
12/19/2020 03:00,1,0
12/19/2020 04:00,1,0
12/19/2020 05:00,1,0
12/19/2020 06:00,1,0
12/19/2020 07:00,1,0
12/19/2020 08:00,1,0
12/19/2020 09:00,1,0
12/19/2020 10:00,1,0
12/19/2020 11:00,1,0
12/19/2020 12:00,1,0
12/19/2020 13:00,0,0
12/19/2020 14:00,0,0
12/19/2020 15:00,1,0
12/19/2020 16:00,1,0
12/19/2020 17:00,1,0
12/19/2020 18:00,0,0
12/19/2020 19:00,1,0
12/19/2020 20:00,0,0
12/19/2020 21:00,1,0
12/19/2020 22:00,1,0
12/19/2020 23:00,1,0
12/20/2020 00:00,1,0
12/20/2020 01:00,1,0
12/20/2020 02:00,1,0
12/20/2020 03:00,1,0
12/20/2020 04:00,1,0
12/20/2020 05:00,1,0
12/20/2020 06:00,1,0
12/20/2020 07:00,1,0
12/20/2020 08:00,1,0
12/20/2020 09:00,1,0
12/20/2020 10:00,1,0
12/20/2020 11:00,1,0
12/20/2020 12:00,1,0
12/20/2020 13:00,1,0
12/20/2020 14:00,1,0
12/20/2020 15:00,1,0
12/20/2020 16:00,1,0
12/20/2020 17:00,1,0
12/20/2020 18:00,1,0
12/20/2020 19:00,1,0
12/20/2020 20:00,1,0
12/20/2020 21:00,0,0
12/20/2020 22:00,1,0
12/20/2020 23:00,1,0
12/21/2020 00:00,1,0
12/21/2020 01:00,1,0
12/21/2020 02:00,1,0
12/21/2020 03:00,1,0
12/21/2020 04:00,1,0
12/21/2020 05:00,1,0
12/21/2020 06:00,1,0
12/21/2020 07:00,0,0
12/21/2020 08:00,1,0
12/21/2020 09:00,1,0
12/21/2020 10:00,1,0
12/21/2020 11:00,1,0
12/21/2020 12:00,1,0
12/21/2020 13:00,1,0
12/21/2020 14:00,1,0
12/21/2020 15:00,1,0
12/21/2020 16:00,1,0
12/21/2020 17:00,1,0
12/21/2020 18:00,1,0
12/21/2020 19:00,1,0
12/21/2020 20:00,1,0
12/21/2020 21:00,1,0
12/21/2020 22:00,1,0
12/21/2020 23:00,1,0
12/22/2020 00:00,1,0
12/22/2020 01:00,1,0
12/22/2020 02:00,1,0
12/22/2020 03:00,1,0
12/22/2020 04:00,1,0
12/22/2020 05:00,1,0
12/22/2020 06:00,1,0
12/22/2020 07:00,1,0
12/22/2020 08:00,1,0
12/22/2020 09:00,1,0
12/22/2020 10:00,1,0
12/22/2020 11:00,1,0
12/22/2020 12:00,1,0
12/22/2020 13:00,0,0
12/22/2020 14:00,1,0
12/22/2020 15:00,1,0
12/22/2020 16:00,1,0
12/22/2020 17:00,1,0
12/22/2020 18:00,1,0
12/22/2020 19:00,1,0
12/22/2020 20:00,1,0
12/22/2020 21:00,1,0
12/22/2020 22:00,1,0
12/22/2020 23:00,1,0
12/23/2020 00:00,1,0
12/23/2020 01:00,1,0
12/23/2020 02:00,1,0
12/23/2020 03:00,1,0
12/23/2020 04:00,1,0
12/23/2020 05:00,1,0
12/23/2020 06:00,1,0
12/23/2020 07:00,1,0
12/23/2020 08:00,1,0
12/23/2020 09:00,1,0
12/23/2020 10:00,1,0
12/23/2020 11:00,1,0
12/23/2020 12:00,1,0
12/23/2020 13:00,1,0
12/23/2020 14:00,0,0
12/23/2020 15:00,0,0
12/23/2020 16:00,1,0
12/23/2020 17:00,1,0
12/23/2020 18:00,1,0
12/23/2020 19:00,1,0
12/23/2020 20:00,1,0
12/23/2020 21:00,1,0
12/23/2020 22:00,1,0
12/23/2020 23:00,0,0
12/24/2020 00:00,1,0
12/24/2020 01:00,1,0
12/24/2020 02:00,1,0
12/24/2020 03:00,1,0
12/24/2020 04:00,1,0
12/24/2020 05:00,1,0
12/24/2020 06:00,1,0
12/24/2020 07:00,1,0
12/24/2020 08:00,1,0
12/24/2020 09:00,1,0
12/24/2020 10:00,1,0
12/24/2020 11:00,1,0
12/24/2020 12:00,1,0
12/24/2020 13:00,1,0
12/24/2020 14:00,1,0
12/24/2020 15:00,1,0
12/24/2020 16:00,1,0
12/24/2020 17:00,1,0
12/24/2020 18:00,1,0
12/24/2020 19:00,1,0
12/24/2020 20:00,1,0
12/24/2020 21:00,1,0
12/24/2020 22:00,1,0
12/24/2020 23:00,1,0
12/25/2020 00:00,1,0
12/25/2020 01:00,1,0
12/25/2020 02:00,1,0
12/25/2020 03:00,1,0
12/25/2020 04:00,1,0
12/25/2020 05:00,1,0
12/25/2020 06:00,1,0
12/25/2020 07:00,1,0
12/25/2020 08:00,1,0
12/25/2020 09:00,1,0
12/25/2020 10:00,1,0
12/25/2020 11:00,1,0
12/25/2020 12:00,1,0
12/25/2020 13:00,1,0
12/25/2020 14:00,1,0
12/25/2020 15:00,0,0
12/25/2020 16:00,1,0
12/25/2020 17:00,1,0
12/25/2020 18:00,1,0
12/25/2020 19:00,1,0
12/25/2020 20:00,1,0
12/25/2020 21:00,1,0
12/25/2020 22:00,0,0
12/25/2020 23:00,1,0
12/26/2020 00:00,1,0
12/26/2020 01:00,1,0
12/26/2020 02:00,1,0
12/26/2020 03:00,1,0
12/26/2020 04:00,1,0
12/26/2020 05:00,1,0
12/26/2020 06:00,1,0
12/26/2020 07:00,1,0
12/26/2020 08:00,1,0
12/26/2020 09:00,1,0
12/26/2020 10:00,1,0
12/26/2020 11:00,1,0
12/26/2020 12:00,1,0
12/26/2020 13:00,1,0
12/26/2020 14:00,1,0
12/26/2020 15:00,1,0
12/26/2020 16:00,1,0
12/26/2020 17:00,1,0
12/26/2020 18:00,1,0
12/26/2020 19:00,1,0
12/26/2020 20:00,1,0
12/26/2020 21:00,1,0
12/26/2020 22:00,1,0
12/26/2020 23:00,0,0
12/27/2020 00:00,1,0
12/27/2020 01:00,1,0
12/27/2020 02:00,1,0
12/27/2020 03:00,1,0
12/27/2020 04:00,1,0
12/27/2020 05:00,1,0
12/27/2020 06:00,1,0
12/27/2020 07:00,1,0
12/27/2020 08:00,1,0
12/27/2020 09:00,1,0
12/27/2020 10:00,1,0
12/27/2020 11:00,1,0
12/27/2020 12:00,1,0
12/27/2020 13:00,1,0
12/27/2020 14:00,1,0
12/27/2020 15:00,1,0
12/27/2020 16:00,1,0
12/27/2020 17:00,1,0
12/27/2020 18:00,1,0
12/27/2020 19:00,1,0
12/27/2020 20:00,1,0
12/27/2020 21:00,1,0
12/27/2020 22:00,1,0
12/27/2020 23:00,1,0
12/28/2020 00:00,1,0
12/28/2020 01:00,1,0
12/28/2020 02:00,1,0
12/28/2020 03:00,1,0
12/28/2020 04:00,1,0
12/28/2020 05:00,0,0
12/28/2020 06:00,1,0
12/28/2020 07:00,1,0
12/28/2020 08:00,1,0
12/28/2020 09:00,1,0
12/28/2020 10:00,1,0
12/28/2020 11:00,1,0
12/28/2020 12:00,1,0
12/28/2020 13:00,1,0
12/28/2020 14:00,1,0
12/28/2020 15:00,1,0
12/28/2020 16:00,1,0
12/28/2020 17:00,1,0
12/28/2020 18:00,1,0
12/28/2020 19:00,1,0
12/28/2020 20:00,1,0
12/28/2020 21:00,1,0
12/28/2020 22:00,1,0
12/28/2020 23:00,1,0
12/29/2020 00:00,1,0
12/29/2020 01:00,1,0
12/29/2020 02:00,1,0
12/29/2020 03:00,1,0
12/29/2020 04:00,1,0
12/29/2020 05:00,1,0
12/29/2020 06:00,1,0
12/29/2020 07:00,1,0
12/29/2020 08:00,1,0
12/29/2020 09:00,1,0
12/29/2020 10:00,1,0
12/29/2020 11:00,1,0
12/29/2020 12:00,1,0
12/29/2020 13:00,1,0
12/29/2020 14:00,1,0
12/29/2020 15:00,1,0
12/29/2020 16:00,1,0
12/29/2020 17:00,1,0
12/29/2020 18:00,1,0
12/29/2020 19:00,1,0
12/29/2020 20:00,1,0
12/29/2020 21:00,1,0
12/29/2020 22:00,1,0
12/29/2020 23:00,1,0
12/30/2020 00:00,1,0
12/30/2020 01:00,1,0
12/30/2020 02:00,1,0
12/30/2020 03:00,1,0
12/30/2020 04:00,1,0
12/30/2020 05:00,1,0
12/30/2020 06:00,1,0
12/30/2020 07:00,1,0
12/30/2020 08:00,1,0
12/30/2020 09:00,1,0
12/30/2020 10:00,1,0
12/30/2020 11:00,1,0
12/30/2020 12:00,1,0
12/30/2020 13:00,1,0
12/30/2020 14:00,1,0
12/30/2020 15:00,1,0
12/30/2020 16:00,1,0
12/30/2020 17:00,1,0
12/30/2020 18:00,1,0
12/30/2020 19:00,1,0
12/30/2020 20:00,1,0
12/30/2020 21:00,1,0
12/30/2020 22:00,1,0
12/30/2020 23:00,1,0
12/31/2020 00:00,1,0
12/31/2020 01:00,1,0
12/31/2020 02:00,1,0
12/31/2020 03:00,1,0
12/31/2020 04:00,1,0
12/31/2020 05:00,1,0
12/31/2020 06:00,1,0
12/31/2020 07:00,1,0
12/31/2020 08:00,1,0
12/31/2020 09:00,1,0
12/31/2020 10:00,1,0
12/31/2020 11:00,1,0
12/31/2020 12:00,1,0
12/31/2020 13:00,1,0
12/31/2020 14:00,1,0
12/31/2020 15:00,1,0
12/31/2020 16:00,1,0
12/31/2020 17:00,1,0
12/31/2020 18:00,1,0
12/31/2020 19:00,1,0
12/31/2020 20:00,1,0
12/31/2020 21:00,1,0
12/31/2020 22:00,1,0
12/31/2020 23:00,1,0
01/01/2021 00:00,1,0
01/01/2021 01:00,1,0
01/01/2021 02:00,1,0
01/01/2021 03:00,1,0
01/01/2021 04:00,1,0
01/01/2021 05:00,1,0
01/01/2021 06:00,1,0
01/01/2021 07:00,1,0
01/01/2021 08:00,1,0
01/01/2021 09:00,1,0
01/01/2021 10:00,1,0
01/01/2021 11:00,0,0
01/01/2021 12:00,0,0
01/01/2021 13:00,1,0
01/01/2021 14:00,1,0
01/01/2021 15:00,1,0
01/01/2021 16:00,1,0
01/01/2021 17:00,1,0
01/01/2021 18:00,1,0
01/01/2021 19:00,1,0
01/01/2021 20:00,1,0
01/01/2021 21:00,1,0
01/01/2021 22:00,1,0
01/01/2021 23:00,1,0
01/02/2021 00:00,1,0
01/02/2021 01:00,1,0
01/02/2021 02:00,1,0
01/02/2021 03:00,1,0
01/02/2021 04:00,1,0
01/02/2021 05:00,1,0
01/02/2021 06:00,1,0
01/02/2021 07:00,1,0
01/02/2021 08:00,1,0
01/02/2021 09:00,1,0
01/02/2021 10:00,1,0
01/02/2021 11:00,1,0
01/02/2021 12:00,1,0
01/02/2021 13:00,1,0
01/02/2021 14:00,1,0
01/02/2021 15:00,1,0
01/02/2021 16:00,1,0
01/02/2021 17:00,1,0
01/02/2021 18:00,1,0
01/02/2021 19:00,1,0
01/02/2021 20:00,1,0
01/02/2021 21:00,1,0
01/02/2021 22:00,1,0
01/02/2021 23:00,1,0
01/03/2021 00:00,1,0
01/03/2021 01:00,1,0
01/03/2021 02:00,1,0
01/03/2021 03:00,1,0
01/03/2021 04:00,1,0
01/03/2021 05:00,1,0
01/03/2021 06:00,1,0
01/03/2021 07:00,1,0
01/03/2021 08:00,1,0
01/03/2021 09:00,1,0
01/03/2021 10:00,1,0
01/03/2021 11:00,1,0
01/03/2021 12:00,1,0
01/03/2021 13:00,1,0
01/03/2021 14:00,1,0
01/03/2021 15:00,1,0
01/03/2021 16:00,1,0
01/03/2021 17:00,0,0
01/03/2021 18:00,1,0
01/03/2021 19:00,1,0
01/03/2021 20:00,1,0
01/03/2021 21:00,1,0
01/03/2021 22:00,1,0
01/03/2021 23:00,1,0
01/04/2021 00:00,1,0
01/04/2021 01:00,1,0
01/04/2021 02:00,1,0
01/04/2021 03:00,1,0
01/04/2021 04:00,1,0
01/04/2021 05:00,1,0
01/04/2021 06:00,1,0
01/04/2021 07:00,1,0
01/04/2021 08:00,1,0
01/04/2021 09:00,1,0
01/04/2021 10:00,1,0
01/04/2021 11:00,1,0
01/04/2021 12:00,1,0
01/04/2021 13:00,1,0
01/04/2021 14:00,1,0
01/04/2021 15:00,1,0
01/04/2021 16:00,1,0
01/04/2021 17:00,1,0
01/04/2021 18:00,1,0
01/04/2021 19:00,1,0
01/04/2021 20:00,1,0
01/04/2021 21:00,1,0
01/04/2021 22:00,1,0
01/04/2021 23:00,1,0
01/05/2021 00:00,1,0
01/05/2021 01:00,1,0
01/05/2021 02:00,1,0
01/05/2021 03:00,1,0
01/05/2021 04:00,1,0
01/05/2021 05:00,1,0
01/05/2021 06:00,1,0
01/05/2021 07:00,1,0
01/05/2021 08:00,1,0
01/05/2021 09:00,1,0
01/05/2021 10:00,1,0
01/05/2021 11:00,1,0
01/05/2021 12:00,1,0
01/05/2021 13:00,1,0
01/05/2021 14:00,1,0
01/05/2021 15:00,1,0
01/05/2021 16:00,1,0
01/05/2021 17:00,1,0
01/05/2021 18:00,1,0
01/05/2021 19:00,1,0
01/05/2021 20:00,1,0
01/05/2021 21:00,1,0
01/05/2021 22:00,1,0
01/05/2021 23:00,1,0
01/06/2021 00:00,1,0
01/06/2021 01:00,1,0
01/06/2021 02:00,1,0
01/06/2021 03:00,1,0
01/06/2021 04:00,1,0
01/06/2021 05:00,1,0
01/06/2021 06:00,1,0
01/06/2021 07:00,1,0
01/06/2021 08:00,1,0
01/06/2021 09:00,1,0
01/06/2021 10:00,1,0
01/06/2021 11:00,1,0
01/06/2021 12:00,1,0
01/06/2021 13:00,1,0
01/06/2021 14:00,1,0
01/06/2021 15:00,1,0
01/06/2021 16:00,1,0
01/06/2021 17:00,1,0
01/06/2021 18:00,1,0
01/06/2021 19:00,1,0
01/06/2021 20:00,1,0
01/06/2021 21:00,1,0
01/06/2021 22:00,1,0
01/06/2021 23:00,1,0
01/07/2021 00:00,1,0
01/07/2021 01:00,1,0
01/07/2021 02:00,1,0
01/07/2021 03:00,1,0
01/07/2021 04:00,1,0
01/07/2021 05:00,1,0
01/07/2021 06:00,1,0
01/07/2021 07:00,1,0
01/07/2021 08:00,1,0
01/07/2021 09:00,1,0
01/07/2021 10:00,1,0
01/07/2021 11:00,1,0
01/07/2021 12:00,1,0
01/07/2021 13:00,1,0
01/07/2021 14:00,1,0
01/07/2021 15:00,1,0
01/07/2021 16:00,1,0
01/07/2021 17:00,1,0
01/07/2021 18:00,1,0
01/07/2021 19:00,1,0
01/07/2021 20:00,1,0
01/07/2021 21:00,1,0
01/07/2021 22:00,1,0
01/07/2021 23:00,1,0
01/08/2021 00:00,1,0
01/08/2021 01:00,1,0
01/08/2021 02:00,1,0
01/08/2021 03:00,1,0
01/08/2021 04:00,1,0
01/08/2021 05:00,1,0
01/08/2021 06:00,1,0
01/08/2021 07:00,1,0
01/08/2021 08:00,1,0
01/08/2021 09:00,1,0
01/08/2021 10:00,1,0
01/08/2021 11:00,1,0
01/08/2021 12:00,1,0
01/08/2021 13:00,1,0
01/08/2021 14:00,1,0
01/08/2021 15:00,1,0
01/08/2021 16:00,1,0
01/08/2021 17:00,1,0
01/08/2021 18:00,1,0
01/08/2021 19:00,1,0
01/08/2021 20:00,1,0
01/08/2021 21:00,1,0
01/08/2021 22:00,1,0
01/08/2021 23:00,1,0
01/09/2021 00:00,1,0
01/09/2021 01:00,1,0
01/09/2021 02:00,1,0
01/09/2021 03:00,1,0
01/09/2021 04:00,1,0
01/09/2021 05:00,1,0
01/09/2021 06:00,1,0
01/09/2021 07:00,1,0
01/09/2021 08:00,1,0
01/09/2021 09:00,1,0
01/09/2021 10:00,1,0
01/09/2021 11:00,1,0
01/09/2021 12:00,1,0
01/09/2021 13:00,1,0
01/09/2021 14:00,1,0
01/09/2021 15:00,1,0
01/09/2021 16:00,1,0
01/09/2021 17:00,1,0
01/09/2021 18:00,1,0
01/09/2021 19:00,1,0
01/09/2021 20:00,1,0
01/09/2021 21:00,1,0
01/09/2021 22:00,1,0
01/09/2021 23:00,1,0
01/10/2021 00:00,0,0
01/10/2021 01:00,1,0
01/10/2021 02:00,1,0
01/10/2021 03:00,1,0
01/10/2021 04:00,1,0
01/10/2021 05:00,1,0
01/10/2021 06:00,1,0
01/10/2021 07:00,1,0
01/10/2021 08:00,1,0
01/10/2021 09:00,1,0
01/10/2021 10:00,1,0
01/10/2021 11:00,1,0
01/10/2021 12:00,1,0
01/10/2021 13:00,1,0
01/10/2021 14:00,1,0
01/10/2021 15:00,1,0
01/10/2021 16:00,1,0
01/10/2021 17:00,1,0
01/10/2021 18:00,1,0
01/10/2021 19:00,1,0
01/10/2021 20:00,1,0
01/10/2021 21:00,1,0
01/10/2021 22:00,1,0
01/10/2021 23:00,1,0
01/11/2021 00:00,1,0
01/11/2021 01:00,1,0
01/11/2021 02:00,1,0
01/11/2021 03:00,1,0
01/11/2021 04:00,1,0
01/11/2021 05:00,1,0
01/11/2021 06:00,1,0
01/11/2021 07:00,1,0
01/11/2021 08:00,1,0
01/11/2021 09:00,1,0
01/11/2021 10:00,1,0
01/11/2021 11:00,1,0
01/11/2021 12:00,1,0
01/11/2021 13:00,1,0
01/11/2021 14:00,1,0
01/11/2021 15:00,0,0
01/11/2021 16:00,1,0
01/11/2021 17:00,1,0
01/11/2021 18:00,1,0
01/11/2021 19:00,1,0
01/11/2021 20:00,1,0
01/11/2021 21:00,1,0
01/11/2021 22:00,1,0
01/11/2021 23:00,1,0
01/12/2021 00:00,1,0
01/12/2021 01:00,1,0
01/12/2021 02:00,1,0
01/12/2021 03:00,1,0
01/12/2021 04:00,1,0
01/12/2021 05:00,1,0
01/12/2021 06:00,1,0
01/12/2021 07:00,0,0
01/12/2021 08:00,0,0
01/12/2021 09:00,1,0
01/12/2021 10:00,1,0
01/12/2021 11:00,1,0
01/12/2021 12:00,1,0
01/12/2021 13:00,1,0
01/12/2021 14:00,1,0
01/12/2021 15:00,1,0
01/12/2021 16:00,1,0
01/12/2021 17:00,1,0
01/12/2021 18:00,1,0
01/12/2021 19:00,1,0
01/12/2021 20:00,1,0
01/12/2021 21:00,1,0
01/12/2021 22:00,1,0
01/12/2021 23:00,1,0
01/13/2021 00:00,1,0
01/13/2021 01:00,1,0
01/13/2021 02:00,1,0
01/13/2021 03:00,1,0
01/13/2021 04:00,1,0
01/13/2021 05:00,1,0
01/13/2021 06:00,1,0
01/13/2021 07:00,1,0
01/13/2021 08:00,1,0
01/13/2021 09:00,1,0
01/13/2021 10:00,1,0
01/13/2021 11:00,1,0
01/13/2021 12:00,1,0
01/13/2021 13:00,1,0
01/13/2021 14:00,1,0
01/13/2021 15:00,1,0
01/13/2021 16:00,0,0
01/13/2021 17:00,1,0
01/13/2021 18:00,1,0
01/13/2021 19:00,1,0
01/13/2021 20:00,1,0
01/13/2021 21:00,1,0
01/13/2021 22:00,1,0
01/13/2021 23:00,1,0
01/14/2021 00:00,1,0
01/14/2021 01:00,1,0
01/14/2021 02:00,1,0
01/14/2021 03:00,1,0
01/14/2021 04:00,1,0
01/14/2021 05:00,1,0
01/14/2021 06:00,1,0
01/14/2021 07:00,1,0
01/14/2021 08:00,1,0
01/14/2021 09:00,1,0
01/14/2021 10:00,1,0
01/14/2021 11:00,1,0
01/14/2021 12:00,1,0
01/14/2021 13:00,1,0
01/14/2021 14:00,1,0
01/14/2021 15:00,1,0
01/14/2021 16:00,1,0
01/14/2021 17:00,1,0
01/14/2021 18:00,1,0
01/14/2021 19:00,1,0
01/14/2021 20:00,1,0
01/14/2021 21:00,1,0
01/14/2021 22:00,1,0
01/14/2021 23:00,1,0
01/15/2021 00:00,1,0
01/15/2021 01:00,1,0
01/15/2021 02:00,1,0
01/15/2021 03:00,1,0
01/15/2021 04:00,1,0
01/15/2021 05:00,1,0
01/15/2021 06:00,1,0
01/15/2021 07:00,1,0
01/15/2021 08:00,1,0
01/15/2021 09:00,1,0
01/15/2021 10:00,1,0
01/15/2021 11:00,1,0
01/15/2021 12:00,1,0
01/15/2021 13:00,1,0
01/15/2021 14:00,1,0
01/15/2021 15:00,1,0
01/15/2021 16:00,1,0
01/15/2021 17:00,1,0
01/15/2021 18:00,1,0
01/15/2021 19:00,1,0
01/15/2021 20:00,1,0
01/15/2021 21:00,1,0
01/15/2021 22:00,1,0
01/15/2021 23:00,1,0
01/16/2021 00:00,1,0
01/16/2021 01:00,1,0
01/16/2021 02:00,1,0
01/16/2021 03:00,1,0
01/16/2021 04:00,1,0
01/16/2021 05:00,1,0
01/16/2021 06:00,1,0
01/16/2021 07:00,1,0
01/16/2021 08:00,1,0
01/16/2021 09:00,1,0
01/16/2021 10:00,1,0
01/16/2021 11:00,1,0
01/16/2021 12:00,1,0
01/16/2021 13:00,1,0
01/16/2021 14:00,1,0
01/16/2021 15:00,1,0
01/16/2021 16:00,1,0
01/16/2021 17:00,1,0
01/16/2021 18:00,1,0
01/16/2021 19:00,1,0
01/16/2021 20:00,1,0
01/16/2021 21:00,1,0
01/16/2021 22:00,1,0
01/16/2021 23:00,1,0
01/17/2021 00:00,1,0
01/17/2021 01:00,1,0
01/17/2021 02:00,1,0
01/17/2021 03:00,1,0
01/17/2021 04:00,1,0
01/17/2021 05:00,1,0
01/17/2021 06:00,1,0
01/17/2021 07:00,1,0
01/17/2021 08:00,1,0
01/17/2021 09:00,1,0
01/17/2021 10:00,1,0
01/17/2021 11:00,1,0
01/17/2021 12:00,1,0
01/17/2021 13:00,1,0
01/17/2021 14:00,1,0
01/17/2021 15:00,1,0
01/17/2021 16:00,1,0
01/17/2021 17:00,1,0
01/17/2021 18:00,1,0
01/17/2021 19:00,1,0
01/17/2021 20:00,1,0
01/17/2021 21:00,1,0
01/17/2021 22:00,1,0
01/17/2021 23:00,1,0
01/18/2021 00:00,1,0
01/18/2021 01:00,1,0
01/18/2021 02:00,1,0
01/18/2021 03:00,1,0
01/18/2021 04:00,1,0
01/18/2021 05:00,1,0
01/18/2021 06:00,1,0
01/18/2021 07:00,1,0
01/18/2021 08:00,1,0
01/18/2021 09:00,1,0
01/18/2021 10:00,1,0
01/18/2021 11:00,1,0
01/18/2021 12:00,1,0
01/18/2021 13:00,1,0
01/18/2021 14:00,1,0
01/18/2021 15:00,1,0
01/18/2021 16:00,1,0
01/18/2021 17:00,1,0
01/18/2021 18:00,1,0
01/18/2021 19:00,1,0
01/18/2021 20:00,1,0
01/18/2021 21:00,1,0
01/18/2021 22:00,1,0
01/18/2021 23:00,1,0
01/19/2021 00:00,1,0
01/19/2021 01:00,1,0
01/19/2021 02:00,1,0
01/19/2021 03:00,1,0
01/19/2021 04:00,1,0
01/19/2021 05:00,1,0
01/19/2021 06:00,1,0
01/19/2021 07:00,1,0
01/19/2021 08:00,1,0
01/19/2021 09:00,1,0
01/19/2021 10:00,1,0
01/19/2021 11:00,1,0
01/19/2021 12:00,1,0
01/19/2021 13:00,1,0
01/19/2021 14:00,1,0
01/19/2021 15:00,1,0
01/19/2021 16:00,1,0
01/19/2021 17:00,1,0
01/19/2021 18:00,1,0
01/19/2021 19:00,1,0
01/19/2021 20:00,1,0
01/19/2021 21:00,1,0
01/19/2021 22:00,1,0
01/19/2021 23:00,1,0
01/20/2021 00:00,1,0
01/20/2021 01:00,1,0
01/20/2021 02:00,1,0
01/20/2021 03:00,1,0
01/20/2021 04:00,1,0
01/20/2021 05:00,1,0
01/20/2021 06:00,1,0
01/20/2021 07:00,1,0
01/20/2021 08:00,1,0
01/20/2021 09:00,1,0
01/20/2021 10:00,1,0
01/20/2021 11:00,1,0
01/20/2021 12:00,1,0
01/20/2021 13:00,1,0
01/20/2021 14:00,1,0
01/20/2021 15:00,1,0
01/20/2021 16:00,1,0
01/20/2021 17:00,1,0
01/20/2021 18:00,1,0
01/20/2021 19:00,1,0
01/20/2021 20:00,1,0
01/20/2021 21:00,1,0
01/20/2021 22:00,1,0
01/20/2021 23:00,1,0
01/21/2021 00:00,1,0
01/21/2021 01:00,1,0
01/21/2021 02:00,1,0
01/21/2021 03:00,1,0
01/21/2021 04:00,1,0
01/21/2021 05:00,1,0
01/21/2021 06:00,1,0
01/21/2021 07:00,1,0
01/21/2021 08:00,1,0
01/21/2021 09:00,1,0
01/21/2021 10:00,1,0
01/21/2021 11:00,1,0
01/21/2021 12:00,1,0
01/21/2021 13:00,0,0
01/21/2021 14:00,1,0
01/21/2021 15:00,1,0
01/21/2021 16:00,1,0
01/21/2021 17:00,1,0
01/21/2021 18:00,0,0
01/21/2021 19:00,0,0
01/21/2021 20:00,0,0
01/21/2021 21:00,1,0
01/21/2021 22:00,1,0
01/21/2021 23:00,1,0
01/22/2021 00:00,1,0
01/22/2021 01:00,1,0
01/22/2021 02:00,1,0
01/22/2021 03:00,1,0
01/22/2021 04:00,1,0
01/22/2021 05:00,1,0
01/22/2021 06:00,1,0
01/22/2021 07:00,1,0
01/22/2021 08:00,1,0
01/22/2021 09:00,1,0
01/22/2021 10:00,1,0
01/22/2021 11:00,1,0
01/22/2021 12:00,1,0
01/22/2021 13:00,1,0
01/22/2021 14:00,1,0
01/22/2021 15:00,1,0
01/22/2021 16:00,1,0
01/22/2021 17:00,1,0
01/22/2021 18:00,1,0
01/22/2021 19:00,1,0
01/22/2021 20:00,1,0
01/22/2021 21:00,1,0
01/22/2021 22:00,0,0
01/22/2021 23:00,1,0
01/23/2021 00:00,1,0
01/23/2021 01:00,1,0
01/23/2021 02:00,1,0
01/23/2021 03:00,1,0
01/23/2021 04:00,1,0
01/23/2021 05:00,1,0
01/23/2021 06:00,1,0
01/23/2021 07:00,1,0
01/23/2021 08:00,1,0
01/23/2021 09:00,1,0
01/23/2021 10:00,1,0
01/23/2021 11:00,1,0
01/23/2021 12:00,1,0
01/23/2021 13:00,1,0
01/23/2021 14:00,1,0
01/23/2021 15:00,1,0
01/23/2021 16:00,1,0
01/23/2021 17:00,1,0
01/23/2021 18:00,1,0
01/23/2021 19:00,1,0
01/23/2021 20:00,1,0
01/23/2021 21:00,1,0
01/23/2021 22:00,1,0
01/23/2021 23:00,1,0
01/24/2021 00:00,1,0
01/24/2021 01:00,1,0
01/24/2021 02:00,1,0
01/24/2021 03:00,1,0
01/24/2021 04:00,1,0
01/24/2021 05:00,1,0
01/24/2021 06:00,1,0
01/24/2021 07:00,1,0
01/24/2021 08:00,1,0
01/24/2021 09:00,1,0
01/24/2021 10:00,1,0
01/24/2021 11:00,1,0
01/24/2021 12:00,1,0
01/24/2021 13:00,1,0
01/24/2021 14:00,1,0
01/24/2021 15:00,1,0
01/24/2021 16:00,1,0
01/24/2021 17:00,1,0
01/24/2021 18:00,1,0
01/24/2021 19:00,1,0
01/24/2021 20:00,1,0
01/24/2021 21:00,1,0
01/24/2021 22:00,1,0
01/24/2021 23:00,1,0
01/25/2021 00:00,1,0
01/25/2021 01:00,1,0
01/25/2021 02:00,1,0
01/25/2021 03:00,1,0
01/25/2021 04:00,1,0
01/25/2021 05:00,1,0
01/25/2021 06:00,1,0
01/25/2021 07:00,1,0
01/25/2021 08:00,1,0
01/25/2021 09:00,1,0
01/25/2021 10:00,1,0
01/25/2021 11:00,1,0
01/25/2021 12:00,1,0
01/25/2021 13:00,0,0
01/25/2021 14:00,0,0
01/25/2021 15:00,0,0
01/25/2021 16:00,0,0
01/25/2021 17:00,0,0
01/25/2021 18:00,0,0
01/25/2021 19:00,0,0
01/25/2021 20:00,0,0
01/25/2021 21:00,1,0
01/25/2021 22:00,1,0
01/25/2021 23:00,1,0
01/26/2021 00:00,1,0
01/26/2021 01:00,0,0
01/26/2021 02:00,1,0
01/26/2021 03:00,1,0
01/26/2021 04:00,1,0
01/26/2021 05:00,1,0
01/26/2021 06:00,1,0
01/26/2021 07:00,1,0
01/26/2021 08:00,1,0
01/26/2021 09:00,1,0
01/26/2021 10:00,1,0
01/26/2021 11:00,1,0
01/26/2021 12:00,1,0
01/26/2021 13:00,1,0
01/26/2021 14:00,1,0
01/26/2021 15:00,1,0
01/26/2021 16:00,1,0
01/26/2021 17:00,1,0
01/26/2021 18:00,0,0
01/26/2021 19:00,1,0
01/26/2021 20:00,1,0
01/26/2021 21:00,1,0
01/26/2021 22:00,1,0
01/26/2021 23:00,1,0
01/27/2021 00:00,1,0
01/27/2021 01:00,0,0
01/27/2021 02:00,0,0
01/27/2021 03:00,1,0
01/27/2021 04:00,1,0
01/27/2021 05:00,1,0
01/27/2021 06:00,1,0
01/27/2021 07:00,1,0
01/27/2021 08:00,1,0
01/27/2021 09:00,1,0
01/27/2021 10:00,1,0
01/27/2021 11:00,1,0
01/27/2021 12:00,1,0
01/27/2021 13:00,1,0
01/27/2021 14:00,1,0
01/27/2021 15:00,1,0
01/27/2021 16:00,1,0
01/27/2021 17:00,1,0
01/27/2021 18:00,1,0
01/27/2021 19:00,1,0
01/27/2021 20:00,1,0
01/27/2021 21:00,1,0
01/27/2021 22:00,1,0
01/27/2021 23:00,1,0
01/28/2021 00:00,1,0
01/28/2021 01:00,1,0
01/28/2021 02:00,1,0
01/28/2021 03:00,1,0
01/28/2021 04:00,1,0
01/28/2021 05:00,1,0
01/28/2021 06:00,1,0
01/28/2021 07:00,1,0
01/28/2021 08:00,1,0
01/28/2021 09:00,1,0
01/28/2021 10:00,1,0
01/28/2021 11:00,1,0
01/28/2021 12:00,1,0
01/28/2021 13:00,1,0
01/28/2021 14:00,1,0
01/28/2021 15:00,1,0
01/28/2021 16:00,1,0
01/28/2021 17:00,1,0
01/28/2021 18:00,1,0
01/28/2021 19:00,1,0
01/28/2021 20:00,1,0
01/28/2021 21:00,1,0
01/28/2021 22:00,1,0
01/28/2021 23:00,1,0
01/29/2021 00:00,1,0
01/29/2021 01:00,1,0
01/29/2021 02:00,1,0
01/29/2021 03:00,1,0
01/29/2021 04:00,1,0
01/29/2021 05:00,1,0
01/29/2021 06:00,1,0
01/29/2021 07:00,1,0
01/29/2021 08:00,1,0
01/29/2021 09:00,1,0
01/29/2021 10:00,1,0
01/29/2021 11:00,1,0
01/29/2021 12:00,1,0
01/29/2021 13:00,1,0
01/29/2021 14:00,1,0
01/29/2021 15:00,1,0
01/29/2021 16:00,1,0
01/29/2021 17:00,1,0
01/29/2021 18:00,1,0
01/29/2021 19:00,1,0
01/29/2021 20:00,0,0
01/29/2021 21:00,1,0
01/29/2021 22:00,1,0
01/29/2021 23:00,1,0
01/30/2021 00:00,1,0
01/30/2021 01:00,1,0
01/30/2021 02:00,1,0
01/30/2021 03:00,1,0
01/30/2021 04:00,1,0
01/30/2021 05:00,1,0
01/30/2021 06:00,1,0
01/30/2021 07:00,1,0
01/30/2021 08:00,1,0
01/30/2021 09:00,0,0
01/30/2021 10:00,1,1
01/30/2021 11:00,0,0
01/30/2021 12:00,0,0
01/30/2021 13:00,1,0
01/30/2021 14:00,1,0
01/30/2021 15:00,1,0
01/30/2021 16:00,1,0
01/30/2021 17:00,1,0
01/30/2021 18:00,1,0
01/30/2021 19:00,1,0
01/30/2021 20:00,1,0
01/30/2021 21:00,1,0
01/30/2021 22:00,1,0
01/30/2021 23:00,1,0
01/31/2021 00:00,1,0
01/31/2021 01:00,1,0
01/31/2021 02:00,1,0
01/31/2021 03:00,1,0
01/31/2021 04:00,1,0
01/31/2021 05:00,1,0
01/31/2021 06:00,1,0
01/31/2021 07:00,1,0
01/31/2021 08:00,1,0
01/31/2021 09:00,1,0
01/31/2021 10:00,1,0
01/31/2021 11:00,1,0
01/31/2021 12:00,1,0
01/31/2021 13:00,1,0
01/31/2021 14:00,1,0
01/31/2021 15:00,1,0
01/31/2021 16:00,1,0
01/31/2021 17:00,1,0
01/31/2021 18:00,1,0
01/31/2021 19:00,1,0
01/31/2021 20:00,1,0
01/31/2021 21:00,1,0
01/31/2021 22:00,1,0
01/31/2021 23:00,1,0
02/01/2021 00:00,1,0
02/01/2021 01:00,1,0
02/01/2021 02:00,1,0
02/01/2021 03:00,1,0
02/01/2021 04:00,1,0
02/01/2021 05:00,1,0
02/01/2021 06:00,1,0
02/01/2021 07:00,1,0
02/01/2021 08:00,1,0
02/01/2021 09:00,1,0
02/01/2021 10:00,1,0
02/01/2021 11:00,1,0
02/01/2021 12:00,1,0
02/01/2021 13:00,1,0
02/01/2021 14:00,1,0
02/01/2021 15:00,1,0
02/01/2021 16:00,1,0
02/01/2021 17:00,1,0
02/01/2021 18:00,1,0
02/01/2021 19:00,1,0
02/01/2021 20:00,1,0
02/01/2021 21:00,1,0
02/01/2021 22:00,1,0
02/01/2021 23:00,1,0
02/02/2021 00:00,1,0
02/02/2021 01:00,1,0
02/02/2021 02:00,1,0
02/02/2021 03:00,1,0
02/02/2021 04:00,1,0
02/02/2021 05:00,1,0
02/02/2021 06:00,1,0
02/02/2021 07:00,1,0
02/02/2021 08:00,1,0
02/02/2021 09:00,1,0
02/02/2021 10:00,1,1
02/02/2021 11:00,1,0
02/02/2021 12:00,1,0
02/02/2021 13:00,1,0
02/02/2021 14:00,1,0
02/02/2021 15:00,1,0
02/02/2021 16:00,1,0
02/02/2021 17:00,1,0
02/02/2021 18:00,1,0
02/02/2021 19:00,1,0
02/02/2021 20:00,1,0
02/02/2021 21:00,1,0
02/02/2021 22:00,1,0
02/02/2021 23:00,1,0
02/03/2021 00:00,1,0
02/03/2021 01:00,1,0
02/03/2021 02:00,1,0
02/03/2021 03:00,1,0
02/03/2021 04:00,1,0
02/03/2021 05:00,1,0
02/03/2021 06:00,1,0
02/03/2021 07:00,1,0
02/03/2021 08:00,1,0
02/03/2021 09:00,1,0
02/03/2021 10:00,1,0
02/03/2021 11:00,1,0
02/03/2021 12:00,1,0
02/03/2021 13:00,1,0
02/03/2021 14:00,1,0
02/03/2021 15:00,1,0
02/03/2021 16:00,1,0
02/03/2021 17:00,0,0
02/03/2021 18:00,0,0
02/03/2021 19:00,0,0
02/03/2021 20:00,1,0
02/03/2021 21:00,0,0
02/03/2021 22:00,1,0
02/03/2021 23:00,1,0
02/04/2021 00:00,1,0
02/04/2021 01:00,1,0
02/04/2021 02:00,1,0
02/04/2021 03:00,1,0
02/04/2021 04:00,1,0
02/04/2021 05:00,1,0
02/04/2021 06:00,1,0
02/04/2021 07:00,1,0
02/04/2021 08:00,1,0
02/04/2021 09:00,1,0
02/04/2021 10:00,1,0
02/04/2021 11:00,1,0
02/04/2021 12:00,1,0
02/04/2021 13:00,1,0
02/04/2021 14:00,1,0
02/04/2021 15:00,1,0
02/04/2021 16:00,1,0
02/04/2021 17:00,1,0
02/04/2021 18:00,1,0
02/04/2021 19:00,1,0
02/04/2021 20:00,1,0
02/04/2021 21:00,1,0
02/04/2021 22:00,1,0
02/04/2021 23:00,1,0
02/05/2021 00:00,1,0
02/05/2021 01:00,1,0
02/05/2021 02:00,1,0
02/05/2021 03:00,1,0
02/05/2021 04:00,1,0
02/05/2021 05:00,1,0
02/05/2021 06:00,1,0
02/05/2021 07:00,1,0
02/05/2021 08:00,1,0
02/05/2021 09:00,1,0
02/05/2021 10:00,0,0
02/05/2021 11:00,1,0
02/05/2021 12:00,1,0
02/05/2021 13:00,1,0
02/05/2021 14:00,1,0
02/05/2021 15:00,1,0
02/05/2021 16:00,1,0
02/05/2021 17:00,1,0
02/05/2021 18:00,1,0
02/05/2021 19:00,1,0
02/05/2021 20:00,1,0
02/05/2021 21:00,1,0
02/05/2021 22:00,1,0
02/05/2021 23:00,0,0
02/06/2021 00:00,1,0
02/06/2021 01:00,0,0
02/06/2021 02:00,0,0
02/06/2021 03:00,0,0
02/06/2021 04:00,0,0
02/06/2021 05:00,0,0
02/06/2021 06:00,0,0
02/06/2021 07:00,1,0
02/06/2021 08:00,1,0
02/06/2021 09:00,1,0
02/06/2021 10:00,1,0
02/06/2021 11:00,1,0
02/06/2021 12:00,1,0
02/06/2021 13:00,1,0
02/06/2021 14:00,1,0
02/06/2021 15:00,1,0
02/06/2021 16:00,1,0
02/06/2021 17:00,1,0
02/06/2021 18:00,1,0
02/06/2021 19:00,1,0
02/06/2021 20:00,1,0
02/06/2021 21:00,1,0
02/06/2021 22:00,1,0
02/06/2021 23:00,1,0
02/07/2021 00:00,0,0
02/07/2021 01:00,1,0
02/07/2021 02:00,1,0
02/07/2021 03:00,1,0
02/07/2021 04:00,1,0
02/07/2021 05:00,1,0
02/07/2021 06:00,1,0
02/07/2021 07:00,1,0
02/07/2021 08:00,1,0
02/07/2021 09:00,1,0
02/07/2021 10:00,1,0
02/07/2021 11:00,1,0
02/07/2021 12:00,1,0
02/07/2021 13:00,1,0
02/07/2021 14:00,1,0
02/07/2021 15:00,1,0
02/07/2021 16:00,1,0
02/07/2021 17:00,1,0
02/07/2021 18:00,1,0
02/07/2021 19:00,1,0
02/07/2021 20:00,1,0
02/07/2021 21:00,1,0
02/07/2021 22:00,1,0
02/07/2021 23:00,1,0
02/08/2021 00:00,1,0
02/08/2021 01:00,1,0
02/08/2021 02:00,1,0
02/08/2021 03:00,1,0
02/08/2021 04:00,1,0
02/08/2021 05:00,1,0
02/08/2021 06:00,0,0
02/08/2021 07:00,0,0
02/08/2021 08:00,1,0
02/08/2021 09:00,1,0
02/08/2021 10:00,1,0
02/08/2021 11:00,1,0
02/08/2021 12:00,1,0
02/08/2021 13:00,1,0
02/08/2021 14:00,1,0
02/08/2021 15:00,1,0
02/08/2021 16:00,1,1
02/08/2021 17:00,1,0
02/08/2021 18:00,1,0
02/08/2021 19:00,1,0
02/08/2021 20:00,1,0
02/08/2021 21:00,1,0
02/08/2021 22:00,1,0
02/08/2021 23:00,1,0
02/09/2021 00:00,0,0
02/09/2021 01:00,0,0
02/09/2021 02:00,1,1
02/09/2021 03:00,1,0
02/09/2021 04:00,1,0
02/09/2021 05:00,0,0
02/09/2021 06:00,0,0
02/09/2021 07:00,0,0
02/09/2021 08:00,0,0
02/09/2021 09:00,0,0
02/09/2021 10:00,1,0
02/09/2021 11:00,1,0
02/09/2021 12:00,1,0
02/09/2021 13:00,0,0
02/09/2021 14:00,1,0
02/09/2021 15:00,1,0
02/09/2021 16:00,1,0
02/09/2021 17:00,1,0
02/09/2021 18:00,1,0
02/09/2021 19:00,1,0
02/09/2021 20:00,1,0
02/09/2021 21:00,1,0
02/09/2021 22:00,1,0
02/09/2021 23:00,1,0
02/10/2021 00:00,1,0
02/10/2021 01:00,0,0
02/10/2021 02:00,0,0
02/10/2021 03:00,0,0
02/10/2021 04:00,0,0
02/10/2021 05:00,0,0
02/10/2021 06:00,0,0
02/10/2021 07:00,0,0
02/10/2021 08:00,0,0
02/10/2021 09:00,1,0
02/10/2021 10:00,1,0
02/10/2021 11:00,1,0
02/10/2021 12:00,1,0
02/10/2021 13:00,1,0
02/10/2021 14:00,1,0
02/10/2021 15:00,1,0
02/10/2021 16:00,1,0
02/10/2021 17:00,1,0
02/10/2021 18:00,1,0
02/10/2021 19:00,1,0
02/10/2021 20:00,1,0
02/10/2021 21:00,1,0
02/10/2021 22:00,1,0
02/10/2021 23:00,1,0
02/11/2021 00:00,1,0
02/11/2021 01:00,1,0
02/11/2021 02:00,1,0
02/11/2021 03:00,1,0
02/11/2021 04:00,1,0
02/11/2021 05:00,0,0
02/11/2021 06:00,1,0
02/11/2021 07:00,1,0
02/11/2021 08:00,0,0
02/11/2021 09:00,1,0
02/11/2021 10:00,1,0
02/11/2021 11:00,1,0
02/11/2021 12:00,1,0
02/11/2021 13:00,1,0
02/11/2021 14:00,1,0
02/11/2021 15:00,1,0
02/11/2021 16:00,1,0
02/11/2021 17:00,0,0
02/11/2021 18:00,0,0
02/11/2021 19:00,1,0
02/11/2021 20:00,1,0
02/11/2021 21:00,1,0
02/11/2021 22:00,1,0
02/11/2021 23:00,1,0
02/12/2021 00:00,1,0
02/12/2021 01:00,1,0
02/12/2021 02:00,1,0
02/12/2021 03:00,1,0
02/12/2021 04:00,1,0
02/12/2021 05:00,0,0
02/12/2021 06:00,1,0
02/12/2021 07:00,1,0
02/12/2021 08:00,1,0
02/12/2021 09:00,1,0
02/12/2021 10:00,1,0
02/12/2021 11:00,0,0
02/12/2021 12:00,0,0
02/12/2021 13:00,1,0
02/12/2021 14:00,1,0
02/12/2021 15:00,1,0
02/12/2021 16:00,0,1
02/12/2021 17:00,0,0
02/12/2021 18:00,1,0
02/12/2021 19:00,0,0
02/12/2021 20:00,1,0
02/12/2021 21:00,1,0
02/12/2021 22:00,1,0
02/12/2021 23:00,1,0
02/13/2021 00:00,1,1
02/13/2021 01:00,1,0
02/13/2021 02:00,0,0
02/13/2021 03:00,0,0
02/13/2021 04:00,0,0
02/13/2021 05:00,0,0
02/13/2021 06:00,1,0
02/13/2021 07:00,0,0
02/13/2021 08:00,1,0
02/13/2021 09:00,0,0
02/13/2021 10:00,0,0
02/13/2021 11:00,0,0
02/13/2021 12:00,0,0
02/13/2021 13:00,0,0
02/13/2021 14:00,1,0
02/13/2021 15:00,1,0
02/13/2021 16:00,1,0
02/13/2021 17:00,1,0
02/13/2021 18:00,0,0
02/13/2021 19:00,1,0
02/13/2021 20:00,1,0
02/13/2021 21:00,1,0
02/13/2021 22:00,1,0
02/13/2021 23:00,1,0
02/14/2021 00:00,1,0
02/14/2021 01:00,1,0
02/14/2021 02:00,0,0
02/14/2021 03:00,0,0
02/14/2021 04:00,0,0
02/14/2021 05:00,0,0
02/14/2021 06:00,0,0
02/14/2021 07:00,0,0
02/14/2021 08:00,1,0
02/14/2021 09:00,1,0
02/14/2021 10:00,1,0
02/14/2021 11:00,0,0
02/14/2021 12:00,0,0
02/14/2021 13:00,0,0
02/14/2021 14:00,1,0
02/14/2021 15:00,0,0
02/14/2021 16:00,1,0
02/14/2021 17:00,1,0
02/14/2021 18:00,0,0
02/14/2021 19:00,1,0
02/14/2021 20:00,1,0
02/14/2021 21:00,1,0
02/14/2021 22:00,1,0
02/14/2021 23:00,0,0
02/15/2021 00:00,0,0
02/15/2021 01:00,1,0
02/15/2021 02:00,1,0
02/15/2021 03:00,1,0
02/15/2021 04:00,1,0
02/15/2021 05:00,1,0
02/15/2021 06:00,1,0
02/15/2021 07:00,1,0
02/15/2021 08:00,1,0
02/15/2021 09:00,0,0
02/15/2021 10:00,0,0
02/15/2021 11:00,0,0
02/15/2021 12:00,1,0
02/15/2021 13:00,1,0
02/15/2021 14:00,1,0
02/15/2021 15:00,1,0
02/15/2021 16:00,1,0
02/15/2021 17:00,1,0
02/15/2021 18:00,1,0
02/15/2021 19:00,1,0
02/15/2021 20:00,1,0
02/15/2021 21:00,1,0
02/15/2021 22:00,1,0
02/15/2021 23:00,1,0
02/16/2021 00:00,1,0
02/16/2021 01:00,1,0
02/16/2021 02:00,1,0
02/16/2021 03:00,1,0
02/16/2021 04:00,1,0
02/16/2021 05:00,1,0
02/16/2021 06:00,1,0
02/16/2021 07:00,1,0
02/16/2021 08:00,1,0
02/16/2021 09:00,1,0
02/16/2021 10:00,1,0
02/16/2021 11:00,1,0
02/16/2021 12:00,1,0
02/16/2021 13:00,1,0
02/16/2021 14:00,1,0
02/16/2021 15:00,1,0
02/16/2021 16:00,1,0
02/16/2021 17:00,1,0
02/16/2021 18:00,1,0
02/16/2021 19:00,1,0
02/16/2021 20:00,1,0
02/16/2021 21:00,1,0
02/16/2021 22:00,1,0
02/16/2021 23:00,1,0
02/17/2021 00:00,1,0
02/17/2021 01:00,1,0
02/17/2021 02:00,1,0
02/17/2021 03:00,1,0
02/17/2021 04:00,1,0
02/17/2021 05:00,1,0
02/17/2021 06:00,1,0
02/17/2021 07:00,1,0
02/17/2021 08:00,1,0
02/17/2021 09:00,1,0
02/17/2021 10:00,1,0
02/17/2021 11:00,0,0
02/17/2021 12:00,0,0
02/17/2021 13:00,1,0
02/17/2021 14:00,0,0
02/17/2021 15:00,0,0
02/17/2021 16:00,0,0
02/17/2021 17:00,0,0
02/17/2021 18:00,1,0
02/17/2021 19:00,0,0
02/17/2021 20:00,0,0
02/17/2021 21:00,1,0
02/17/2021 22:00,1,0
02/17/2021 23:00,1,0
02/18/2021 00:00,0,0
02/18/2021 01:00,1,0
02/18/2021 02:00,1,0
02/18/2021 03:00,1,0
02/18/2021 04:00,1,0
02/18/2021 05:00,1,0
02/18/2021 06:00,1,0
02/18/2021 07:00,1,0
02/18/2021 08:00,1,0
02/18/2021 09:00,1,0
02/18/2021 10:00,1,0
02/18/2021 11:00,1,0
02/18/2021 12:00,1,0
02/18/2021 13:00,1,0
02/18/2021 14:00,1,0
02/18/2021 15:00,1,0
02/18/2021 16:00,1,0
02/18/2021 17:00,1,0
02/18/2021 18:00,1,0
02/18/2021 19:00,1,0
02/18/2021 20:00,1,0
02/18/2021 21:00,1,0
02/18/2021 22:00,1,0
02/18/2021 23:00,1,0
02/19/2021 00:00,1,0
02/19/2021 01:00,1,0
02/19/2021 02:00,1,0
02/19/2021 03:00,1,0
02/19/2021 04:00,1,0
02/19/2021 05:00,1,0
02/19/2021 06:00,1,0
02/19/2021 07:00,1,0
02/19/2021 08:00,1,0
02/19/2021 09:00,1,0
02/19/2021 10:00,1,0
02/19/2021 11:00,1,0
02/19/2021 12:00,1,0
02/19/2021 13:00,1,0
02/19/2021 14:00,1,0
02/19/2021 15:00,0,0
02/19/2021 16:00,1,0
02/19/2021 17:00,1,0
02/19/2021 18:00,1,0
02/19/2021 19:00,1,0
02/19/2021 20:00,1,0
02/19/2021 21:00,1,0
02/19/2021 22:00,0,0
02/19/2021 23:00,1,0
02/20/2021 00:00,1,0
02/20/2021 01:00,0,0
02/20/2021 02:00,0,0
02/20/2021 03:00,1,0
02/20/2021 04:00,0,0
02/20/2021 05:00,1,0
02/20/2021 06:00,1,0
02/20/2021 07:00,1,0
02/20/2021 08:00,1,0
02/20/2021 09:00,1,0
02/20/2021 10:00,1,0
02/20/2021 11:00,1,0
02/20/2021 12:00,1,0
02/20/2021 13:00,1,0
02/20/2021 14:00,1,0
02/20/2021 15:00,0,0
02/20/2021 16:00,0,0
02/20/2021 17:00,0,0
02/20/2021 18:00,0,0
02/20/2021 19:00,0,0
02/20/2021 20:00,0,0
02/20/2021 21:00,0,0
02/20/2021 22:00,0,0
02/20/2021 23:00,0,0
02/21/2021 00:00,0,0
02/21/2021 01:00,1,0
02/21/2021 02:00,1,0
02/21/2021 03:00,1,0
02/21/2021 04:00,1,0
02/21/2021 05:00,1,0
02/21/2021 06:00,1,0
02/21/2021 07:00,1,0
02/21/2021 08:00,1,0
02/21/2021 09:00,0,0
02/21/2021 10:00,1,0
02/21/2021 11:00,1,0
02/21/2021 12:00,1,0
02/21/2021 13:00,1,0
02/21/2021 14:00,1,0
02/21/2021 15:00,0,0
02/21/2021 16:00,0,0
02/21/2021 17:00,0,0
02/21/2021 18:00,0,0
02/21/2021 19:00,1,0
02/21/2021 20:00,1,0
02/21/2021 21:00,0,0
02/21/2021 22:00,1,0
02/21/2021 23:00,0,0
02/22/2021 00:00,1,0
02/22/2021 01:00,1,0
02/22/2021 02:00,1,0
02/22/2021 03:00,0,0
02/22/2021 04:00,1,0
02/22/2021 05:00,1,0
02/22/2021 06:00,1,0
02/22/2021 07:00,1,0
02/22/2021 08:00,1,0
02/22/2021 09:00,1,0
02/22/2021 10:00,1,0
02/22/2021 11:00,0,0
02/22/2021 12:00,1,0
02/22/2021 13:00,1,0
02/22/2021 14:00,1,0
02/22/2021 15:00,1,0
02/22/2021 16:00,1,0
02/22/2021 17:00,1,0
02/22/2021 18:00,0,0
02/22/2021 19:00,0,0
02/22/2021 20:00,0,0
02/22/2021 21:00,0,0
02/22/2021 22:00,0,0
02/22/2021 23:00,0,0
02/23/2021 00:00,0,0
02/23/2021 01:00,0,0
02/23/2021 02:00,1,1
02/23/2021 03:00,1,0
02/23/2021 04:00,0,0
02/23/2021 05:00,0,0
02/23/2021 06:00,1,0
02/23/2021 07:00,0,0
02/23/2021 08:00,0,0
02/23/2021 09:00,0,0
02/23/2021 10:00,1,0
02/23/2021 11:00,1,0
02/23/2021 12:00,1,0
02/23/2021 13:00,0,0
02/23/2021 14:00,1,0
02/23/2021 15:00,1,0
02/23/2021 16:00,1,0
02/23/2021 17:00,1,0
02/23/2021 18:00,1,0
02/23/2021 19:00,0,0
02/23/2021 20:00,1,0
02/23/2021 21:00,0,0
02/23/2021 22:00,0,0
02/23/2021 23:00,0,0
02/24/2021 00:00,0,0
02/24/2021 01:00,0,0
02/24/2021 02:00,0,0
02/24/2021 03:00,0,0
02/24/2021 04:00,0,0
02/24/2021 05:00,0,0
02/24/2021 06:00,0,0
02/24/2021 07:00,0,0
02/24/2021 08:00,0,0
02/24/2021 09:00,0,0
02/24/2021 10:00,0,0
02/24/2021 11:00,0,0
02/24/2021 12:00,0,0
02/24/2021 13:00,0,0
02/24/2021 14:00,0,0
02/24/2021 15:00,0,0
02/24/2021 16:00,0,0
02/24/2021 17:00,0,0
02/24/2021 18:00,0,0
02/24/2021 19:00,0,0
02/24/2021 20:00,0,0
02/24/2021 21:00,0,0
02/24/2021 22:00,0,0
02/24/2021 23:00,0,0
02/25/2021 00:00,0,0
02/25/2021 01:00,0,0
02/25/2021 02:00,0,0
02/25/2021 03:00,0,0
02/25/2021 04:00,1,0
02/25/2021 05:00,0,0
02/25/2021 06:00,0,0
02/25/2021 07:00,0,0
02/25/2021 08:00,0,0
02/25/2021 09:00,0,0
02/25/2021 10:00,1,0
02/25/2021 11:00,1,0
02/25/2021 12:00,1,0
02/25/2021 13:00,1,0
02/25/2021 14:00,1,0
02/25/2021 15:00,0,0
02/25/2021 16:00,0,0
02/25/2021 17:00,1,0
02/25/2021 18:00,0,0
02/25/2021 19:00,1,0
02/25/2021 20:00,0,0
02/25/2021 21:00,0,0
02/25/2021 22:00,0,0
02/25/2021 23:00,0,0
02/26/2021 00:00,1,0
02/26/2021 01:00,0,0
02/26/2021 02:00,0,0
02/26/2021 03:00,0,0
02/26/2021 04:00,0,0
02/26/2021 05:00,0,0
02/26/2021 06:00,0,0
02/26/2021 07:00,0,0
02/26/2021 08:00,0,0
02/26/2021 09:00,0,0
02/26/2021 10:00,0,0
02/26/2021 11:00,0,0
02/26/2021 12:00,0,0
02/26/2021 13:00,0,0
02/26/2021 14:00,0,0
02/26/2021 15:00,1,0
02/26/2021 16:00,0,0
02/26/2021 17:00,0,0
02/26/2021 18:00,0,0
02/26/2021 19:00,0,0
02/26/2021 20:00,0,0
02/26/2021 21:00,0,0
02/26/2021 22:00,0,0
02/26/2021 23:00,0,0
02/27/2021 00:00,0,0
02/27/2021 01:00,0,0
02/27/2021 02:00,0,0
02/27/2021 03:00,1,0
02/27/2021 04:00,0,0
02/27/2021 05:00,0,0
02/27/2021 06:00,0,0
02/27/2021 07:00,0,0
02/27/2021 08:00,1,0
02/27/2021 09:00,0,0
02/27/2021 10:00,0,0
02/27/2021 11:00,0,0
02/27/2021 12:00,0,0
02/27/2021 13:00,0,0
02/27/2021 14:00,0,0
02/27/2021 15:00,0,0
02/27/2021 16:00,0,0
02/27/2021 17:00,0,0
02/27/2021 18:00,0,0
02/27/2021 19:00,0,0
02/27/2021 20:00,0,0
02/27/2021 21:00,0,0
02/27/2021 22:00,0,0
02/27/2021 23:00,0,0
02/28/2021 00:00,0,0
02/28/2021 01:00,0,0
02/28/2021 02:00,0,0
02/28/2021 03:00,0,0
02/28/2021 04:00,0,0
02/28/2021 05:00,1,0
02/28/2021 06:00,0,0
02/28/2021 07:00,0,0
02/28/2021 08:00,0,0
02/28/2021 09:00,0,0
02/28/2021 10:00,0,0
02/28/2021 11:00,0,0
02/28/2021 12:00,1,0
02/28/2021 13:00,1,0
02/28/2021 14:00,0,0
02/28/2021 15:00,0,0
02/28/2021 16:00,0,0
02/28/2021 17:00,0,0
02/28/2021 18:00,0,0
02/28/2021 19:00,0,1
02/28/2021 20:00,0,0
02/28/2021 21:00,0,0
02/28/2021 22:00,1,0
02/28/2021 23:00,1,0
03/01/2021 00:00,0,1
03/01/2021 01:00,0,1
03/01/2021 02:00,0,1
03/01/2021 03:00,0,1
03/01/2021 04:00,0,1
03/01/2021 05:00,1,1
03/01/2021 06:00,1,0
03/01/2021 07:00,1,0
03/01/2021 08:00,1,0
03/01/2021 09:00,1,0
03/01/2021 10:00,1,0
03/01/2021 11:00,0,0
03/01/2021 12:00,1,0
03/01/2021 13:00,0,0
03/01/2021 14:00,1,1
03/01/2021 15:00,1,0
03/01/2021 16:00,1,0
03/01/2021 17:00,1,0
03/01/2021 18:00,1,0
03/01/2021 19:00,0,0
03/01/2021 20:00,1,0
03/01/2021 21:00,0,1
03/01/2021 22:00,0,0
03/01/2021 23:00,0,0
03/02/2021 00:00,0,0
03/02/2021 01:00,0,0
03/02/2021 02:00,0,0
03/02/2021 03:00,1,0
03/02/2021 04:00,1,0
03/02/2021 05:00,1,0
03/02/2021 06:00,1,0
03/02/2021 07:00,0,0
03/02/2021 08:00,1,0
03/02/2021 09:00,0,1
03/02/2021 10:00,0,0
03/02/2021 11:00,0,0
03/02/2021 12:00,1,0
03/02/2021 13:00,1,0
03/02/2021 14:00,1,0
03/02/2021 15:00,1,0
03/02/2021 16:00,1,1
03/02/2021 17:00,0,0
03/02/2021 18:00,0,0
03/02/2021 19:00,0,1
03/02/2021 20:00,0,1
03/02/2021 21:00,0,1
03/02/2021 22:00,0,1
03/02/2021 23:00,0,1
03/03/2021 00:00,1,0
03/03/2021 01:00,1,0
03/03/2021 02:00,1,0
03/03/2021 03:00,0,0
03/03/2021 04:00,1,0
03/03/2021 05:00,1,0
03/03/2021 06:00,1,0
03/03/2021 07:00,1,0
03/03/2021 08:00,0,0
03/03/2021 09:00,1,0
03/03/2021 10:00,0,0
03/03/2021 11:00,0,0
03/03/2021 12:00,0,0
03/03/2021 13:00,0,0
03/03/2021 14:00,0,0
03/03/2021 15:00,0,0
03/03/2021 16:00,0,0
03/03/2021 17:00,0,0
03/03/2021 18:00,0,0
03/03/2021 19:00,0,0
03/03/2021 20:00,1,0
03/03/2021 21:00,0,0
03/03/2021 22:00,0,0
03/03/2021 23:00,0,0
03/04/2021 00:00,1,0
03/04/2021 01:00,1,0
03/04/2021 02:00,1,0
03/04/2021 03:00,0,0
03/04/2021 04:00,1,0
03/04/2021 05:00,1,0
03/04/2021 06:00,0,0
03/04/2021 07:00,0,0
03/04/2021 08:00,0,0
03/04/2021 09:00,0,0
03/04/2021 10:00,1,0
03/04/2021 11:00,1,0
03/04/2021 12:00,1,0
03/04/2021 13:00,1,0
03/04/2021 14:00,1,0
03/04/2021 15:00,1,0
03/04/2021 16:00,1,0
03/04/2021 17:00,1,0
03/04/2021 18:00,1,0
03/04/2021 19:00,1,0
03/04/2021 20:00,0,0
03/04/2021 21:00,0,0
03/04/2021 22:00,0,0
03/04/2021 23:00,0,0
03/05/2021 00:00,1,0
03/05/2021 01:00,1,0
03/05/2021 02:00,1,0
03/05/2021 03:00,1,0
03/05/2021 04:00,1,0
03/05/2021 05:00,1,0
03/05/2021 06:00,1,0
03/05/2021 07:00,1,0
03/05/2021 08:00,1,0
03/05/2021 09:00,1,0
03/05/2021 10:00,1,0
03/05/2021 11:00,1,0
03/05/2021 12:00,1,0
03/05/2021 13:00,1,0
03/05/2021 14:00,0,0
03/05/2021 15:00,1,0
03/05/2021 16:00,1,0
03/05/2021 17:00,0,0
03/05/2021 18:00,1,0
03/05/2021 19:00,0,0
03/05/2021 20:00,0,0
03/05/2021 21:00,0,0
03/05/2021 22:00,1,0
03/05/2021 23:00,1,0
03/06/2021 00:00,0,0
03/06/2021 01:00,0,0
03/06/2021 02:00,0,0
03/06/2021 03:00,1,0
03/06/2021 04:00,1,0
03/06/2021 05:00,1,0
03/06/2021 06:00,1,0
03/06/2021 07:00,0,0
03/06/2021 08:00,1,0
03/06/2021 09:00,1,0
03/06/2021 10:00,1,0
03/06/2021 11:00,1,0
03/06/2021 12:00,1,0
03/06/2021 13:00,1,0
03/06/2021 14:00,0,0
03/06/2021 15:00,0,0
03/06/2021 16:00,0,0
03/06/2021 17:00,0,0
03/06/2021 18:00,1,0
03/06/2021 19:00,1,0
03/06/2021 20:00,1,0
03/06/2021 21:00,1,0
03/06/2021 22:00,1,0
03/06/2021 23:00,1,0
03/07/2021 00:00,1,0
03/07/2021 01:00,1,0
03/07/2021 02:00,1,0
03/07/2021 03:00,1,0
03/07/2021 04:00,1,0
03/07/2021 05:00,1,0
03/07/2021 06:00,1,0
03/07/2021 07:00,1,0
03/07/2021 08:00,1,0
03/07/2021 09:00,1,0
03/07/2021 10:00,1,0
03/07/2021 11:00,1,0
03/07/2021 12:00,1,0
03/07/2021 13:00,1,0
03/07/2021 14:00,1,0
03/07/2021 15:00,1,0
03/07/2021 16:00,1,0
03/07/2021 17:00,1,0
03/07/2021 18:00,1,0
03/07/2021 19:00,1,0
03/07/2021 20:00,1,0
03/07/2021 21:00,1,0
03/07/2021 22:00,1,0
03/07/2021 23:00,0,0
03/08/2021 00:00,1,0
03/08/2021 01:00,1,0
03/08/2021 02:00,1,0
03/08/2021 03:00,1,0
03/08/2021 04:00,1,0
03/08/2021 05:00,1,0
03/08/2021 06:00,1,0
03/08/2021 07:00,1,0
03/08/2021 08:00,1,0
03/08/2021 09:00,1,0
03/08/2021 10:00,1,0
03/08/2021 11:00,1,0
03/08/2021 12:00,1,0
03/08/2021 13:00,1,0
03/08/2021 14:00,1,0
03/08/2021 15:00,1,0
03/08/2021 16:00,1,0
03/08/2021 17:00,1,0
03/08/2021 18:00,1,0
03/08/2021 19:00,1,0
03/08/2021 20:00,1,0
03/08/2021 21:00,1,0
03/08/2021 22:00,1,0
03/08/2021 23:00,1,0
03/09/2021 00:00,1,0
03/09/2021 01:00,1,0
03/09/2021 02:00,1,0
03/09/2021 03:00,1,0
03/09/2021 04:00,1,0
03/09/2021 05:00,1,0
03/09/2021 06:00,0,0
03/09/2021 07:00,0,0
03/09/2021 08:00,1,0
03/09/2021 09:00,1,0
03/09/2021 10:00,1,1
03/09/2021 11:00,1,0
03/09/2021 12:00,1,0
03/09/2021 13:00,1,0
03/09/2021 14:00,1,0
03/09/2021 15:00,1,0
03/09/2021 16:00,1,0
03/09/2021 17:00,1,0
03/09/2021 18:00,1,0
03/09/2021 19:00,0,0
03/09/2021 20:00,1,0
03/09/2021 21:00,1,0
03/09/2021 22:00,0,0
03/09/2021 23:00,1,0
03/10/2021 00:00,1,0
03/10/2021 01:00,1,0
03/10/2021 02:00,1,0
03/10/2021 03:00,1,0
03/10/2021 04:00,1,0
03/10/2021 05:00,0,0
03/10/2021 06:00,0,0
03/10/2021 07:00,0,0
03/10/2021 08:00,1,0
03/10/2021 09:00,1,0
03/10/2021 10:00,1,0
03/10/2021 11:00,1,0
03/10/2021 12:00,1,0
03/10/2021 13:00,1,0
03/10/2021 14:00,1,0
03/10/2021 15:00,0,1
03/10/2021 16:00,0,1
03/10/2021 17:00,1,0
03/10/2021 18:00,1,1
03/10/2021 19:00,0,0
03/10/2021 20:00,1,1
03/10/2021 21:00,1,0
03/10/2021 22:00,1,0
03/10/2021 23:00,1,0
03/11/2021 00:00,0,0
03/11/2021 01:00,0,0
03/11/2021 02:00,1,0
03/11/2021 03:00,1,0
03/11/2021 04:00,1,0
03/11/2021 05:00,1,0
03/11/2021 06:00,1,0
03/11/2021 07:00,1,0
03/11/2021 08:00,1,0
03/11/2021 09:00,1,0
03/11/2021 10:00,1,0
03/11/2021 11:00,1,0
03/11/2021 12:00,1,0
03/11/2021 13:00,1,0
03/11/2021 14:00,1,0
03/11/2021 15:00,0,0
03/11/2021 16:00,0,0
03/11/2021 17:00,0,0
03/11/2021 18:00,0,0
03/11/2021 19:00,0,0
03/11/2021 20:00,0,0
03/11/2021 21:00,1,0
03/11/2021 22:00,0,0
03/11/2021 23:00,0,0
03/12/2021 00:00,1,0
03/12/2021 01:00,1,0
03/12/2021 02:00,1,0
03/12/2021 03:00,1,0
03/12/2021 04:00,1,0
03/12/2021 05:00,1,0
03/12/2021 06:00,1,0
03/12/2021 07:00,1,0
03/12/2021 08:00,1,0
03/12/2021 09:00,0,0
03/12/2021 10:00,1,0
03/12/2021 11:00,1,0
03/12/2021 12:00,1,0
03/12/2021 13:00,0,0
03/12/2021 14:00,0,0
03/12/2021 15:00,0,0
03/12/2021 16:00,0,0
03/12/2021 17:00,0,0
03/12/2021 18:00,0,0
03/12/2021 19:00,0,0
03/12/2021 20:00,1,0
03/12/2021 21:00,1,0
03/12/2021 22:00,1,0
03/12/2021 23:00,1,0
03/13/2021 00:00,1,0
03/13/2021 01:00,1,0
03/13/2021 02:00,1,0
03/13/2021 03:00,1,0
03/13/2021 04:00,1,0
03/13/2021 05:00,1,0
03/13/2021 06:00,1,0
03/13/2021 07:00,1,0
03/13/2021 08:00,1,0
03/13/2021 09:00,1,0
03/13/2021 10:00,1,0
03/13/2021 11:00,1,0
03/13/2021 12:00,1,0
03/13/2021 13:00,0,0
03/13/2021 14:00,0,0
03/13/2021 15:00,0,0
03/13/2021 16:00,0,0
03/13/2021 17:00,0,0
03/13/2021 18:00,0,0
03/13/2021 19:00,0,0
03/13/2021 20:00,0,0
03/13/2021 21:00,0,0
03/13/2021 22:00,1,0
03/13/2021 23:00,1,0
03/14/2021 00:00,1,0
03/14/2021 01:00,1,0
03/14/2021 02:00,0,0
03/14/2021 03:00,0,0
03/14/2021 04:00,1,0
03/14/2021 05:00,1,0
03/14/2021 06:00,1,0
03/14/2021 07:00,0,0
03/14/2021 08:00,0,1
03/14/2021 09:00,1,0
03/14/2021 10:00,0,0
03/14/2021 11:00,0,0
03/14/2021 12:00,0,0
03/14/2021 13:00,0,0
03/14/2021 14:00,0,0
03/14/2021 15:00,1,0
03/14/2021 16:00,0,0
03/14/2021 17:00,0,0
03/14/2021 18:00,0,0
03/14/2021 19:00,0,0
03/14/2021 20:00,1,0
03/14/2021 21:00,1,0
03/14/2021 22:00,1,0
03/14/2021 23:00,1,0
03/15/2021 00:00,1,0
03/15/2021 01:00,1,0
03/15/2021 02:00,0,0
03/15/2021 03:00,1,0
03/15/2021 04:00,1,0
03/15/2021 05:00,1,0
03/15/2021 06:00,0,0
03/15/2021 07:00,1,0
03/15/2021 08:00,1,0
03/15/2021 09:00,1,0
03/15/2021 10:00,1,0
03/15/2021 11:00,1,0
03/15/2021 12:00,1,0
03/15/2021 13:00,1,0
03/15/2021 14:00,0,0
03/15/2021 15:00,0,0
03/15/2021 16:00,0,0
03/15/2021 17:00,0,0
03/15/2021 18:00,0,0
03/15/2021 19:00,0,0
03/15/2021 20:00,0,0
03/15/2021 21:00,0,0
03/15/2021 22:00,0,0
03/15/2021 23:00,0,0
03/16/2021 00:00,0,0
03/16/2021 01:00,0,0
03/16/2021 02:00,0,0
03/16/2021 03:00,0,1
03/16/2021 04:00,1,0
03/16/2021 05:00,1,0
03/16/2021 06:00,1,0
03/16/2021 07:00,1,0
03/16/2021 08:00,1,0
03/16/2021 09:00,0,0
03/16/2021 10:00,0,0
03/16/2021 11:00,1,0
03/16/2021 12:00,1,0
03/16/2021 13:00,1,0
03/16/2021 14:00,0,0
03/16/2021 15:00,0,0
03/16/2021 16:00,0,0
03/16/2021 17:00,0,0
03/16/2021 18:00,0,0
03/16/2021 19:00,0,0
03/16/2021 20:00,0,0
03/16/2021 21:00,0,0
03/16/2021 22:00,1,0
03/16/2021 23:00,1,0
03/17/2021 00:00,1,0
03/17/2021 01:00,1,0
03/17/2021 02:00,1,0
03/17/2021 03:00,1,0
03/17/2021 04:00,1,0
03/17/2021 05:00,0,0
03/17/2021 06:00,1,0
03/17/2021 07:00,1,0
03/17/2021 08:00,1,0
03/17/2021 09:00,1,0
03/17/2021 10:00,1,0
03/17/2021 11:00,1,0
03/17/2021 12:00,1,0
03/17/2021 13:00,1,0
03/17/2021 14:00,1,0
03/17/2021 15:00,1,0
03/17/2021 16:00,1,0
03/17/2021 17:00,1,0
03/17/2021 18:00,1,0
03/17/2021 19:00,1,0
03/17/2021 20:00,0,0
03/17/2021 21:00,1,0
03/17/2021 22:00,1,0
03/17/2021 23:00,1,0
03/18/2021 00:00,1,0
03/18/2021 01:00,1,0
03/18/2021 02:00,1,0
03/18/2021 03:00,1,0
03/18/2021 04:00,1,0
03/18/2021 05:00,1,0
03/18/2021 06:00,1,0
03/18/2021 07:00,1,0
03/18/2021 08:00,1,0
03/18/2021 09:00,1,0
03/18/2021 10:00,1,0
03/18/2021 11:00,1,0
03/18/2021 12:00,1,0
03/18/2021 13:00,1,0
03/18/2021 14:00,1,0
03/18/2021 15:00,0,0
03/18/2021 16:00,0,0
03/18/2021 17:00,0,0
03/18/2021 18:00,0,0
03/18/2021 19:00,1,0
03/18/2021 20:00,0,0
03/18/2021 21:00,0,0
03/18/2021 22:00,0,0
03/18/2021 23:00,0,0
03/19/2021 00:00,0,0
03/19/2021 01:00,1,0
03/19/2021 02:00,1,0
03/19/2021 03:00,1,0
03/19/2021 04:00,1,0
03/19/2021 05:00,1,0
03/19/2021 06:00,1,0
03/19/2021 07:00,1,0
03/19/2021 08:00,1,0
03/19/2021 09:00,1,0
03/19/2021 10:00,1,0
03/19/2021 11:00,1,0
03/19/2021 12:00,1,0
03/19/2021 13:00,1,0
03/19/2021 14:00,1,0
03/19/2021 15:00,1,0
03/19/2021 16:00,1,0
03/19/2021 17:00,1,0
03/19/2021 18:00,1,0
03/19/2021 19:00,1,0
03/19/2021 20:00,1,0
03/19/2021 21:00,1,0
03/19/2021 22:00,1,0
03/19/2021 23:00,0,0
03/20/2021 00:00,0,0
03/20/2021 01:00,0,0
03/20/2021 02:00,1,0
03/20/2021 03:00,1,0
03/20/2021 04:00,1,0
03/20/2021 05:00,1,0
03/20/2021 06:00,0,0
03/20/2021 07:00,1,0
03/20/2021 08:00,1,0
03/20/2021 09:00,1,0
03/20/2021 10:00,1,0
03/20/2021 11:00,1,0
03/20/2021 12:00,1,0
03/20/2021 13:00,1,0
03/20/2021 14:00,0,0
03/20/2021 15:00,0,0
03/20/2021 16:00,0,0
03/20/2021 17:00,0,0
03/20/2021 18:00,0,0
03/20/2021 19:00,1,0
03/20/2021 20:00,1,0
03/20/2021 21:00,0,0
03/20/2021 22:00,0,0
03/20/2021 23:00,0,0
03/21/2021 00:00,0,0
03/21/2021 01:00,1,0
03/21/2021 02:00,1,0
03/21/2021 03:00,1,0
03/21/2021 04:00,1,0
03/21/2021 05:00,1,0
03/21/2021 06:00,1,0
03/21/2021 07:00,1,0
03/21/2021 08:00,1,0
03/21/2021 09:00,1,0
03/21/2021 10:00,1,0
03/21/2021 11:00,1,0
03/21/2021 12:00,1,0
03/21/2021 13:00,1,0
03/21/2021 14:00,1,0
03/21/2021 15:00,0,0
03/21/2021 16:00,0,0
03/21/2021 17:00,1,0
03/21/2021 18:00,0,0
03/21/2021 19:00,1,0
03/21/2021 20:00,1,0
03/21/2021 21:00,0,0
03/21/2021 22:00,0,0
03/21/2021 23:00,0,0
03/22/2021 00:00,0,0
03/22/2021 01:00,1,0
03/22/2021 02:00,1,0
03/22/2021 03:00,1,0
03/22/2021 04:00,1,0
03/22/2021 05:00,1,0
03/22/2021 06:00,1,0
03/22/2021 07:00,1,0
03/22/2021 08:00,1,0
03/22/2021 09:00,1,0
03/22/2021 10:00,1,0
03/22/2021 11:00,1,0
03/22/2021 12:00,1,0
03/22/2021 13:00,1,0
03/22/2021 14:00,1,0
03/22/2021 15:00,0,0
03/22/2021 16:00,1,0
03/22/2021 17:00,0,0
03/22/2021 18:00,0,0
03/22/2021 19:00,1,0
03/22/2021 20:00,1,0
03/22/2021 21:00,0,0
03/22/2021 22:00,0,0
03/22/2021 23:00,0,0
03/23/2021 00:00,0,0
03/23/2021 01:00,0,0
03/23/2021 02:00,0,0
03/23/2021 03:00,0,0
03/23/2021 04:00,0,0
03/23/2021 05:00,0,0
03/23/2021 06:00,0,0
03/23/2021 07:00,1,0
03/23/2021 08:00,1,0
03/23/2021 09:00,1,0
03/23/2021 10:00,1,0
03/23/2021 11:00,1,0
03/23/2021 12:00,1,0
03/23/2021 13:00,1,0
03/23/2021 14:00,0,0
03/23/2021 15:00,0,0
03/23/2021 16:00,1,0
03/23/2021 17:00,0,0
03/23/2021 18:00,0,0
03/23/2021 19:00,0,0
03/23/2021 20:00,0,0
03/23/2021 21:00,1,0
03/23/2021 22:00,1,0
03/23/2021 23:00,0,0
03/24/2021 00:00,0,0
03/24/2021 01:00,0,0
03/24/2021 02:00,1,0
03/24/2021 03:00,1,0
03/24/2021 04:00,1,0
03/24/2021 05:00,1,0
03/24/2021 06:00,1,0
03/24/2021 07:00,1,0
03/24/2021 08:00,0,0
03/24/2021 09:00,1,0
03/24/2021 10:00,0,0
03/24/2021 11:00,1,0
03/24/2021 12:00,0,0
03/24/2021 13:00,0,0
03/24/2021 14:00,0,0
03/24/2021 15:00,0,0
03/24/2021 16:00,0,0
03/24/2021 17:00,0,0
03/24/2021 18:00,0,0
03/24/2021 19:00,0,0
03/24/2021 20:00,0,0
03/24/2021 21:00,0,0
03/24/2021 22:00,0,0
03/24/2021 23:00,0,0
03/25/2021 00:00,0,0
03/25/2021 01:00,0,0
03/25/2021 02:00,0,0
03/25/2021 03:00,0,0
03/25/2021 04:00,1,0
03/25/2021 05:00,0,0
03/25/2021 06:00,1,0
03/25/2021 07:00,0,0
03/25/2021 08:00,0,0
03/25/2021 09:00,0,0
03/25/2021 10:00,1,0
03/25/2021 11:00,1,0
03/25/2021 12:00,1,0
03/25/2021 13:00,0,0
03/25/2021 14:00,0,0
03/25/2021 15:00,0,0
03/25/2021 16:00,0,0
03/25/2021 17:00,0,0
03/25/2021 18:00,0,0
03/25/2021 19:00,0,0
03/25/2021 20:00,0,0
03/25/2021 21:00,0,0
03/25/2021 22:00,0,0
03/25/2021 23:00,0,0
03/26/2021 00:00,0,0
03/26/2021 01:00,0,0
03/26/2021 02:00,0,0
03/26/2021 03:00,1,0
03/26/2021 04:00,1,0
03/26/2021 05:00,1,0
03/26/2021 06:00,1,0
03/26/2021 07:00,0,0
03/26/2021 08:00,1,0
03/26/2021 09:00,0,0
03/26/2021 10:00,0,0
03/26/2021 11:00,0,0
03/26/2021 12:00,1,0
03/26/2021 13:00,0,0
03/26/2021 14:00,0,0
03/26/2021 15:00,1,0
03/26/2021 16:00,0,0
03/26/2021 17:00,0,0
03/26/2021 18:00,0,0
03/26/2021 19:00,0,0
03/26/2021 20:00,0,0
03/26/2021 21:00,1,0
03/26/2021 22:00,0,0
03/26/2021 23:00,0,0
03/27/2021 00:00,0,0
03/27/2021 01:00,0,0
03/27/2021 02:00,0,0
03/27/2021 03:00,0,0
03/27/2021 04:00,1,1
03/27/2021 05:00,0,0
03/27/2021 06:00,0,0
03/27/2021 07:00,0,0
03/27/2021 08:00,0,0
03/27/2021 09:00,0,0
03/27/2021 10:00,0,0
03/27/2021 11:00,1,0
03/27/2021 12:00,1,0
03/27/2021 13:00,1,0
03/27/2021 14:00,0,0
03/27/2021 15:00,0,0
03/27/2021 16:00,1,0
03/27/2021 17:00,0,0
03/27/2021 18:00,0,0
03/27/2021 19:00,0,0
03/27/2021 20:00,1,0
03/27/2021 21:00,0,0
03/27/2021 22:00,1,0
03/27/2021 23:00,0,0
03/28/2021 00:00,1,0
03/28/2021 01:00,0,0
03/28/2021 02:00,0,0
03/28/2021 03:00,1,0
03/28/2021 04:00,1,0
03/28/2021 05:00,0,0
03/28/2021 06:00,0,0
03/28/2021 07:00,1,0
03/28/2021 08:00,1,0
03/28/2021 09:00,0,0
03/28/2021 10:00,0,0
03/28/2021 11:00,0,0
03/28/2021 12:00,1,0
03/28/2021 13:00,0,0
03/28/2021 14:00,0,0
03/28/2021 15:00,0,0
03/28/2021 16:00,0,0
03/28/2021 17:00,1,0
03/28/2021 18:00,1,0
03/28/2021 19:00,0,0
03/28/2021 20:00,0,0
03/28/2021 21:00,1,0
03/28/2021 22:00,1,0
03/28/2021 23:00,0,0
03/29/2021 00:00,1,0
03/29/2021 01:00,1,0
03/29/2021 02:00,1,0
03/29/2021 03:00,1,0
03/29/2021 04:00,1,0
03/29/2021 05:00,1,0
03/29/2021 06:00,1,0
03/29/2021 07:00,1,0
03/29/2021 08:00,0,0
03/29/2021 09:00,0,0
03/29/2021 10:00,0,0
03/29/2021 11:00,0,0
03/29/2021 12:00,0,0
03/29/2021 13:00,0,0
03/29/2021 14:00,1,0
03/29/2021 15:00,1,0
03/29/2021 16:00,1,0
03/29/2021 17:00,0,0
03/29/2021 18:00,0,0
03/29/2021 19:00,0,0
03/29/2021 20:00,0,0
03/29/2021 21:00,0,0
03/29/2021 22:00,1,0
03/29/2021 23:00,1,0
03/30/2021 00:00,1,0
03/30/2021 01:00,1,0
03/30/2021 02:00,0,0
03/30/2021 03:00,0,0
03/30/2021 04:00,0,0
03/30/2021 05:00,0,0
03/30/2021 06:00,1,0
03/30/2021 07:00,1,0
03/30/2021 08:00,1,0
03/30/2021 09:00,1,0
03/30/2021 10:00,1,0
03/30/2021 11:00,0,0
03/30/2021 12:00,0,0
03/30/2021 13:00,0,0
03/30/2021 14:00,1,0
03/30/2021 15:00,1,0
03/30/2021 16:00,0,0
03/30/2021 17:00,0,0
03/30/2021 18:00,0,0
03/30/2021 19:00,0,0
03/30/2021 20:00,1,0
03/30/2021 21:00,0,0
03/30/2021 22:00,0,0
03/30/2021 23:00,0,0
03/31/2021 00:00,0,0
03/31/2021 01:00,1,0
03/31/2021 02:00,1,0
03/31/2021 03:00,1,0
03/31/2021 04:00,1,0
03/31/2021 05:00,1,0
03/31/2021 06:00,1,0
03/31/2021 07:00,1,0
03/31/2021 08:00,1,0
03/31/2021 09:00,1,0
03/31/2021 10:00,1,0
03/31/2021 11:00,0,0
03/31/2021 12:00,1,0
03/31/2021 13:00,1,0
03/31/2021 14:00,1,0
03/31/2021 15:00,1,0
03/31/2021 16:00,1,0
03/31/2021 17:00,1,0
03/31/2021 18:00,0,0
03/31/2021 19:00,0,0
03/31/2021 20:00,0,0
03/31/2021 21:00,0,1
03/31/2021 22:00,0,0
03/31/2021 23:00,0,0
04/01/2021 00:00,0,0
04/01/2021 01:00,0,0
04/01/2021 02:00,0,0
04/01/2021 03:00,1,0
04/01/2021 04:00,1,0
04/01/2021 05:00,1,0
04/01/2021 06:00,0,0
04/01/2021 07:00,0,0
04/01/2021 08:00,1,0
04/01/2021 09:00,1,0
04/01/2021 10:00,1,0
04/01/2021 11:00,1,0
04/01/2021 12:00,1,0
04/01/2021 13:00,1,0
04/01/2021 14:00,1,0
04/01/2021 15:00,0,0
04/01/2021 16:00,1,0
04/01/2021 17:00,1,0
04/01/2021 18:00,1,0
04/01/2021 19:00,0,0
04/01/2021 20:00,1,0
04/01/2021 21:00,1,0
04/01/2021 22:00,1,0
04/01/2021 23:00,1,0
04/02/2021 00:00,1,0
04/02/2021 01:00,0,0
04/02/2021 02:00,1,0
04/02/2021 03:00,1,0
04/02/2021 04:00,1,0
04/02/2021 05:00,1,0
04/02/2021 06:00,0,0
04/02/2021 07:00,1,0
04/02/2021 08:00,0,0
04/02/2021 09:00,1,0
04/02/2021 10:00,1,0
04/02/2021 11:00,1,0
04/02/2021 12:00,1,0
04/02/2021 13:00,1,0
04/02/2021 14:00,0,0
04/02/2021 15:00,1,0
04/02/2021 16:00,0,0
04/02/2021 17:00,1,0
04/02/2021 18:00,1,0
04/02/2021 19:00,1,0
04/02/2021 20:00,0,0
04/02/2021 21:00,1,0
04/02/2021 22:00,1,0
04/02/2021 23:00,1,0
04/03/2021 00:00,1,0
04/03/2021 01:00,1,0
04/03/2021 02:00,1,0
04/03/2021 03:00,1,0
04/03/2021 04:00,1,0
04/03/2021 05:00,1,0
04/03/2021 06:00,1,0
04/03/2021 07:00,1,0
04/03/2021 08:00,1,0
04/03/2021 09:00,1,0
04/03/2021 10:00,1,0
04/03/2021 11:00,1,0
04/03/2021 12:00,1,0
04/03/2021 13:00,1,0
04/03/2021 14:00,0,0
04/03/2021 15:00,1,0
04/03/2021 16:00,1,0
04/03/2021 17:00,0,0
04/03/2021 18:00,0,0
04/03/2021 19:00,1,0
04/03/2021 20:00,0,0
04/03/2021 21:00,1,0
04/03/2021 22:00,1,0
04/03/2021 23:00,1,0
04/04/2021 00:00,1,0
04/04/2021 01:00,1,0
04/04/2021 02:00,0,0
04/04/2021 03:00,0,0
04/04/2021 04:00,1,0
04/04/2021 05:00,1,0
04/04/2021 06:00,1,0
04/04/2021 07:00,1,0
04/04/2021 08:00,1,0
04/04/2021 09:00,1,0
04/04/2021 10:00,1,0
04/04/2021 11:00,1,0
04/04/2021 12:00,1,0
04/04/2021 13:00,1,0
04/04/2021 14:00,1,0
04/04/2021 15:00,1,0
04/04/2021 16:00,1,0
04/04/2021 17:00,1,0
04/04/2021 18:00,1,0
04/04/2021 19:00,1,0
04/04/2021 20:00,1,0
04/04/2021 21:00,1,0
04/04/2021 22:00,1,0
04/04/2021 23:00,1,0
04/05/2021 00:00,1,0
04/05/2021 01:00,1,0
04/05/2021 02:00,1,0
04/05/2021 03:00,1,0
04/05/2021 04:00,1,0
04/05/2021 05:00,1,0
04/05/2021 06:00,1,0
04/05/2021 07:00,1,0
04/05/2021 08:00,1,0
04/05/2021 09:00,1,0
04/05/2021 10:00,1,0
04/05/2021 11:00,1,0
04/05/2021 12:00,1,0
04/05/2021 13:00,1,0
04/05/2021 14:00,1,0
04/05/2021 15:00,1,0
04/05/2021 16:00,1,0
04/05/2021 17:00,1,0
04/05/2021 18:00,1,0
04/05/2021 19:00,1,0
04/05/2021 20:00,1,0
04/05/2021 21:00,1,0
04/05/2021 22:00,1,0
04/05/2021 23:00,1,0
04/06/2021 00:00,1,0
04/06/2021 01:00,1,0
04/06/2021 02:00,1,0
04/06/2021 03:00,1,0
04/06/2021 04:00,1,0
04/06/2021 05:00,1,0
04/06/2021 06:00,1,0
04/06/2021 07:00,1,0
04/06/2021 08:00,0,0
04/06/2021 09:00,1,0
04/06/2021 10:00,1,0
04/06/2021 11:00,1,0
04/06/2021 12:00,1,0
04/06/2021 13:00,1,0
04/06/2021 14:00,1,0
04/06/2021 15:00,0,0
04/06/2021 16:00,0,0
04/06/2021 17:00,0,0
04/06/2021 18:00,1,0
04/06/2021 19:00,1,0
04/06/2021 20:00,1,0
04/06/2021 21:00,1,0
04/06/2021 22:00,1,0
04/06/2021 23:00,1,0
04/07/2021 00:00,1,0
04/07/2021 01:00,1,0
04/07/2021 02:00,1,0
04/07/2021 03:00,1,0
04/07/2021 04:00,1,0
04/07/2021 05:00,1,0
04/07/2021 06:00,1,0
04/07/2021 07:00,0,0
04/07/2021 08:00,0,0
04/07/2021 09:00,1,0
04/07/2021 10:00,1,0
04/07/2021 11:00,1,0
04/07/2021 12:00,1,0
04/07/2021 13:00,1,0
04/07/2021 14:00,1,0
04/07/2021 15:00,1,0
04/07/2021 16:00,1,0
04/07/2021 17:00,1,0
04/07/2021 18:00,1,0
04/07/2021 19:00,0,0
04/07/2021 20:00,1,0
04/07/2021 21:00,1,0
04/07/2021 22:00,1,0
04/07/2021 23:00,1,0
04/08/2021 00:00,1,0
04/08/2021 01:00,1,0
04/08/2021 02:00,1,0
04/08/2021 03:00,1,0
04/08/2021 04:00,1,0
04/08/2021 05:00,1,0
04/08/2021 06:00,0,0
04/08/2021 07:00,1,0
04/08/2021 08:00,1,0
04/08/2021 09:00,1,0
04/08/2021 10:00,1,0
04/08/2021 11:00,1,0
04/08/2021 12:00,1,0
04/08/2021 13:00,1,0
04/08/2021 14:00,1,0
04/08/2021 15:00,1,0
04/08/2021 16:00,1,0
04/08/2021 17:00,1,0
04/08/2021 18:00,1,1
04/08/2021 19:00,0,0
04/08/2021 20:00,1,0
04/08/2021 21:00,1,0
04/08/2021 22:00,1,0
04/08/2021 23:00,1,0
04/09/2021 00:00,1,0
04/09/2021 01:00,1,1
04/09/2021 02:00,1,1
04/09/2021 03:00,1,1
04/09/2021 04:00,1,0
04/09/2021 05:00,1,0
04/09/2021 06:00,1,0
04/09/2021 07:00,1,0
04/09/2021 08:00,1,0
04/09/2021 09:00,1,0
04/09/2021 10:00,1,0
04/09/2021 11:00,1,0
04/09/2021 12:00,1,0
04/09/2021 13:00,1,0
04/09/2021 14:00,1,0
04/09/2021 15:00,1,0
04/09/2021 16:00,1,0
04/09/2021 17:00,1,1
04/09/2021 18:00,1,0
04/09/2021 19:00,1,0
04/09/2021 20:00,1,0
04/09/2021 21:00,1,0
04/09/2021 22:00,1,1
04/09/2021 23:00,0,0
04/10/2021 00:00,1,1
04/10/2021 01:00,1,1
04/10/2021 02:00,1,0
04/10/2021 03:00,1,0
04/10/2021 04:00,1,0
04/10/2021 05:00,1,0
04/10/2021 06:00,1,0
04/10/2021 07:00,1,0
04/10/2021 08:00,1,0
04/10/2021 09:00,0,0
04/10/2021 10:00,1,0
04/10/2021 11:00,1,0
04/10/2021 12:00,1,0
04/10/2021 13:00,1,0
04/10/2021 14:00,1,0
04/10/2021 15:00,1,0
04/10/2021 16:00,1,0
04/10/2021 17:00,1,0
04/10/2021 18:00,1,0
04/10/2021 19:00,0,0
04/10/2021 20:00,1,0
04/10/2021 21:00,1,0
04/10/2021 22:00,0,0
04/10/2021 23:00,1,0
04/11/2021 00:00,1,0
04/11/2021 01:00,1,0
04/11/2021 02:00,1,0
04/11/2021 03:00,1,0
04/11/2021 04:00,1,0
04/11/2021 05:00,1,0
04/11/2021 06:00,1,0
04/11/2021 07:00,1,0
04/11/2021 08:00,1,0
04/11/2021 09:00,1,0
04/11/2021 10:00,1,0
04/11/2021 11:00,1,0
04/11/2021 12:00,0,1
04/11/2021 13:00,1,1
04/11/2021 14:00,1,1
04/11/2021 15:00,1,0
04/11/2021 16:00,0,1
04/11/2021 17:00,0,1
04/11/2021 18:00,0,1
04/11/2021 19:00,1,1
04/11/2021 20:00,1,0
04/11/2021 21:00,1,0
04/11/2021 22:00,0,0
04/11/2021 23:00,1,0
04/12/2021 00:00,0,0
04/12/2021 01:00,1,0
04/12/2021 02:00,1,1
04/12/2021 03:00,1,0
04/12/2021 04:00,1,0
04/12/2021 05:00,1,0
04/12/2021 06:00,1,0
04/12/2021 07:00,1,0
04/12/2021 08:00,1,0
04/12/2021 09:00,1,0
04/12/2021 10:00,1,0
04/12/2021 11:00,1,0
04/12/2021 12:00,1,0
04/12/2021 13:00,1,0
04/12/2021 14:00,1,0
04/12/2021 15:00,1,0
04/12/2021 16:00,1,0
04/12/2021 17:00,1,0
04/12/2021 18:00,1,0
04/12/2021 19:00,0,0
04/12/2021 20:00,1,0
04/12/2021 21:00,1,0
04/12/2021 22:00,0,0
04/12/2021 23:00,1,0
04/13/2021 00:00,1,0
04/13/2021 01:00,1,0
04/13/2021 02:00,1,0
04/13/2021 03:00,1,0
04/13/2021 04:00,1,0
04/13/2021 05:00,1,0
04/13/2021 06:00,1,0
04/13/2021 07:00,1,0
04/13/2021 08:00,1,0
04/13/2021 09:00,1,0
04/13/2021 10:00,1,0
04/13/2021 11:00,1,0
04/13/2021 12:00,1,0
04/13/2021 13:00,1,0
04/13/2021 14:00,1,0
04/13/2021 15:00,1,0
04/13/2021 16:00,1,0
04/13/2021 17:00,1,0
04/13/2021 18:00,1,0
04/13/2021 19:00,1,0
04/13/2021 20:00,1,0
04/13/2021 21:00,1,0
04/13/2021 22:00,1,0
04/13/2021 23:00,1,0
04/14/2021 00:00,1,0
04/14/2021 01:00,1,0
04/14/2021 02:00,1,0
04/14/2021 03:00,1,0
04/14/2021 04:00,1,0
04/14/2021 05:00,1,0
04/14/2021 06:00,1,0
04/14/2021 07:00,1,0
04/14/2021 08:00,1,0
04/14/2021 09:00,1,0
04/14/2021 10:00,1,0
04/14/2021 11:00,1,0
04/14/2021 12:00,1,0
04/14/2021 13:00,1,0
04/14/2021 14:00,0,0
04/14/2021 15:00,0,0
04/14/2021 16:00,0,0
04/14/2021 17:00,1,0
04/14/2021 18:00,1,0
04/14/2021 19:00,1,0
04/14/2021 20:00,1,0
04/14/2021 21:00,1,0
04/14/2021 22:00,1,0
04/14/2021 23:00,0,0
04/15/2021 00:00,1,0
04/15/2021 01:00,1,0
04/15/2021 02:00,1,0
04/15/2021 03:00,1,0
04/15/2021 04:00,1,0
04/15/2021 05:00,1,0
04/15/2021 06:00,1,0
04/15/2021 07:00,1,0
04/15/2021 08:00,1,0
04/15/2021 09:00,1,0
04/15/2021 10:00,1,0
04/15/2021 11:00,1,0
04/15/2021 12:00,1,0
04/15/2021 13:00,1,0
04/15/2021 14:00,1,0
04/15/2021 15:00,0,0
04/15/2021 16:00,0,0
04/15/2021 17:00,0,0
04/15/2021 18:00,1,0
04/15/2021 19:00,1,0
04/15/2021 20:00,1,0
04/15/2021 21:00,1,0
04/15/2021 22:00,1,0
04/15/2021 23:00,0,0
04/16/2021 00:00,1,0
04/16/2021 01:00,1,0
04/16/2021 02:00,1,0
04/16/2021 03:00,1,0
04/16/2021 04:00,1,0
04/16/2021 05:00,1,0
04/16/2021 06:00,1,0
04/16/2021 07:00,1,0
04/16/2021 08:00,1,0
04/16/2021 09:00,0,0
04/16/2021 10:00,1,0
04/16/2021 11:00,1,0
04/16/2021 12:00,1,0
04/16/2021 13:00,1,0
04/16/2021 14:00,1,0
04/16/2021 15:00,1,0
04/16/2021 16:00,1,0
04/16/2021 17:00,1,0
04/16/2021 18:00,1,0
04/16/2021 19:00,1,0
04/16/2021 20:00,1,0
04/16/2021 21:00,1,0
04/16/2021 22:00,1,0
04/16/2021 23:00,1,0
04/17/2021 00:00,0,0
04/17/2021 01:00,1,0
04/17/2021 02:00,1,0
04/17/2021 03:00,1,0
04/17/2021 04:00,1,0
04/17/2021 05:00,1,0
04/17/2021 06:00,1,0
04/17/2021 07:00,1,1
04/17/2021 08:00,1,0
04/17/2021 09:00,1,0
04/17/2021 10:00,1,0
04/17/2021 11:00,1,0
04/17/2021 12:00,1,0
04/17/2021 13:00,1,0
04/17/2021 14:00,1,0
04/17/2021 15:00,1,0
04/17/2021 16:00,1,0
04/17/2021 17:00,1,0
04/17/2021 18:00,1,0
04/17/2021 19:00,1,0
04/17/2021 20:00,0,0
04/17/2021 21:00,1,0
04/17/2021 22:00,1,0
04/17/2021 23:00,1,0
04/18/2021 00:00,1,0
04/18/2021 01:00,0,0
04/18/2021 02:00,1,0
04/18/2021 03:00,1,0
04/18/2021 04:00,1,0
04/18/2021 05:00,1,0
04/18/2021 06:00,1,0
04/18/2021 07:00,1,0
04/18/2021 08:00,1,0
04/18/2021 09:00,1,0
04/18/2021 10:00,1,0
04/18/2021 11:00,1,0
04/18/2021 12:00,1,0
04/18/2021 13:00,1,0
04/18/2021 14:00,1,0
04/18/2021 15:00,1,0
04/18/2021 16:00,1,0
04/18/2021 17:00,1,0
04/18/2021 18:00,1,0
04/18/2021 19:00,1,0
04/18/2021 20:00,1,0
04/18/2021 21:00,1,0
04/18/2021 22:00,1,0
04/18/2021 23:00,1,0
04/19/2021 00:00,1,0
04/19/2021 01:00,1,0
04/19/2021 02:00,1,0
04/19/2021 03:00,1,0
04/19/2021 04:00,1,0
04/19/2021 05:00,1,0
04/19/2021 06:00,1,0
04/19/2021 07:00,1,0
04/19/2021 08:00,1,0
04/19/2021 09:00,1,0
04/19/2021 10:00,1,0
04/19/2021 11:00,1,0
04/19/2021 12:00,1,0
04/19/2021 13:00,1,0
04/19/2021 14:00,1,0
04/19/2021 15:00,1,0
04/19/2021 16:00,1,0
04/19/2021 17:00,0,0
04/19/2021 18:00,0,0
04/19/2021 19:00,1,0
04/19/2021 20:00,0,0
04/19/2021 21:00,1,0
04/19/2021 22:00,1,0
04/19/2021 23:00,1,0
04/20/2021 00:00,1,0
04/20/2021 01:00,1,0
04/20/2021 02:00,1,0
04/20/2021 03:00,1,0
04/20/2021 04:00,1,0
04/20/2021 05:00,1,0
04/20/2021 06:00,1,0
04/20/2021 07:00,1,0
04/20/2021 08:00,1,0
04/20/2021 09:00,1,0
04/20/2021 10:00,1,0
04/20/2021 11:00,1,0
04/20/2021 12:00,1,0
04/20/2021 13:00,1,0
04/20/2021 14:00,1,0
04/20/2021 15:00,1,0
04/20/2021 16:00,1,0
04/20/2021 17:00,1,0
04/20/2021 18:00,1,1
04/20/2021 19:00,1,0
04/20/2021 20:00,1,0
04/20/2021 21:00,1,0
04/20/2021 22:00,1,0
04/20/2021 23:00,1,0
04/21/2021 00:00,1,0
04/21/2021 01:00,1,0
04/21/2021 02:00,0,0
04/21/2021 03:00,1,0
04/21/2021 04:00,1,0
04/21/2021 05:00,1,0
04/21/2021 06:00,1,0
04/21/2021 07:00,1,0
04/21/2021 08:00,1,0
04/21/2021 09:00,1,0
04/21/2021 10:00,1,0
04/21/2021 11:00,1,0
04/21/2021 12:00,0,0
04/21/2021 13:00,0,0
04/21/2021 14:00,0,0
04/21/2021 15:00,1,0
04/21/2021 16:00,1,0
04/21/2021 17:00,0,0
04/21/2021 18:00,0,0
04/21/2021 19:00,1,0
04/21/2021 20:00,1,0
04/21/2021 21:00,0,0
04/21/2021 22:00,0,0
04/21/2021 23:00,0,0
04/22/2021 00:00,1,0
04/22/2021 01:00,1,0
04/22/2021 02:00,1,0
04/22/2021 03:00,1,0
04/22/2021 04:00,1,0
04/22/2021 05:00,1,0
04/22/2021 06:00,1,0
04/22/2021 07:00,0,0
04/22/2021 08:00,1,0
04/22/2021 09:00,1,1
04/22/2021 10:00,1,0
04/22/2021 11:00,1,0
04/22/2021 12:00,1,0
04/22/2021 13:00,1,0
04/22/2021 14:00,0,0
04/22/2021 15:00,1,0
04/22/2021 16:00,1,0
04/22/2021 17:00,1,0
04/22/2021 18:00,1,0
04/22/2021 19:00,1,0
04/22/2021 20:00,1,0
04/22/2021 21:00,1,0
04/22/2021 22:00,1,0
04/22/2021 23:00,1,0
04/23/2021 00:00,1,0
04/23/2021 01:00,1,0
04/23/2021 02:00,1,0
04/23/2021 03:00,1,0
04/23/2021 04:00,1,0
04/23/2021 05:00,1,0
04/23/2021 06:00,1,0
04/23/2021 07:00,1,0
04/23/2021 08:00,1,0
04/23/2021 09:00,1,0
04/23/2021 10:00,1,0
04/23/2021 11:00,1,0
04/23/2021 12:00,1,0
04/23/2021 13:00,1,0
04/23/2021 14:00,0,0
04/23/2021 15:00,1,0
04/23/2021 16:00,1,0
04/23/2021 17:00,1,0
04/23/2021 18:00,1,0
04/23/2021 19:00,1,0
04/23/2021 20:00,1,0
04/23/2021 21:00,1,0
04/23/2021 22:00,1,0
04/23/2021 23:00,1,0
04/24/2021 00:00,1,0
04/24/2021 01:00,1,0
04/24/2021 02:00,1,0
04/24/2021 03:00,1,0
04/24/2021 04:00,1,0
04/24/2021 05:00,1,0
04/24/2021 06:00,1,0
04/24/2021 07:00,1,0
04/24/2021 08:00,1,0
04/24/2021 09:00,1,0
04/24/2021 10:00,1,0
04/24/2021 11:00,1,0
04/24/2021 12:00,1,0
04/24/2021 13:00,1,0
04/24/2021 14:00,0,0
04/24/2021 15:00,0,0
04/24/2021 16:00,1,0
04/24/2021 17:00,1,0
04/24/2021 18:00,1,0
04/24/2021 19:00,1,0
04/24/2021 20:00,1,0
04/24/2021 21:00,1,0
04/24/2021 22:00,1,0
04/24/2021 23:00,1,0
04/25/2021 00:00,1,0
04/25/2021 01:00,1,0
04/25/2021 02:00,1,0
04/25/2021 03:00,1,0
04/25/2021 04:00,1,0
04/25/2021 05:00,1,0
04/25/2021 06:00,0,0
04/25/2021 07:00,1,0
04/25/2021 08:00,1,0
04/25/2021 09:00,1,0
04/25/2021 10:00,1,0
04/25/2021 11:00,1,0
04/25/2021 12:00,1,0
04/25/2021 13:00,1,0
04/25/2021 14:00,1,0
04/25/2021 15:00,1,0
04/25/2021 16:00,1,0
04/25/2021 17:00,1,0
04/25/2021 18:00,1,0
04/25/2021 19:00,1,0
04/25/2021 20:00,1,0
04/25/2021 21:00,1,0
04/25/2021 22:00,1,0
04/25/2021 23:00,1,0
04/26/2021 00:00,1,0
04/26/2021 01:00,1,0
04/26/2021 02:00,1,0
04/26/2021 03:00,1,0
04/26/2021 04:00,1,0
04/26/2021 05:00,1,0
04/26/2021 06:00,0,0
04/26/2021 07:00,1,0
04/26/2021 08:00,0,0
04/26/2021 09:00,1,0
04/26/2021 10:00,1,0
04/26/2021 11:00,1,0
04/26/2021 12:00,1,0
04/26/2021 13:00,1,0
04/26/2021 14:00,1,0
04/26/2021 15:00,1,0
04/26/2021 16:00,1,0
04/26/2021 17:00,1,0
04/26/2021 18:00,1,0
04/26/2021 19:00,0,0
04/26/2021 20:00,0,0
04/26/2021 21:00,0,0
04/26/2021 22:00,1,0
04/26/2021 23:00,1,0
04/27/2021 00:00,1,0
04/27/2021 01:00,1,0
04/27/2021 02:00,1,0
04/27/2021 03:00,1,0
04/27/2021 04:00,1,0
04/27/2021 05:00,1,0
04/27/2021 06:00,1,0
04/27/2021 07:00,1,0
04/27/2021 08:00,0,0
04/27/2021 09:00,0,0
04/27/2021 10:00,0,0
04/27/2021 11:00,0,0
04/27/2021 12:00,1,0
04/27/2021 13:00,0,0
04/27/2021 14:00,0,0
04/27/2021 15:00,0,0
04/27/2021 16:00,1,0
04/27/2021 17:00,0,0
04/27/2021 18:00,0,0
04/27/2021 19:00,1,0
04/27/2021 20:00,1,0
04/27/2021 21:00,1,0
04/27/2021 22:00,1,0
04/27/2021 23:00,1,0
04/28/2021 00:00,1,0
04/28/2021 01:00,1,0
04/28/2021 02:00,1,0
04/28/2021 03:00,1,0
04/28/2021 04:00,1,0
04/28/2021 05:00,1,0
04/28/2021 06:00,1,0
04/28/2021 07:00,1,0
04/28/2021 08:00,1,0
04/28/2021 09:00,1,0
04/28/2021 10:00,1,0
04/28/2021 11:00,1,0
04/28/2021 12:00,1,0
04/28/2021 13:00,1,0
04/28/2021 14:00,1,0
04/28/2021 15:00,1,0
04/28/2021 16:00,1,0
04/28/2021 17:00,0,0
04/28/2021 18:00,1,0
04/28/2021 19:00,1,0
04/28/2021 20:00,1,0
04/28/2021 21:00,1,0
04/28/2021 22:00,1,0
04/28/2021 23:00,1,0
04/29/2021 00:00,1,0
04/29/2021 01:00,1,0
04/29/2021 02:00,0,0
04/29/2021 03:00,1,0
04/29/2021 04:00,1,0
04/29/2021 05:00,1,0
04/29/2021 06:00,1,0
04/29/2021 07:00,1,0
04/29/2021 08:00,1,0
04/29/2021 09:00,1,0
04/29/2021 10:00,1,0
04/29/2021 11:00,1,0
04/29/2021 12:00,1,0
04/29/2021 13:00,1,0
04/29/2021 14:00,0,0
04/29/2021 15:00,1,0
04/29/2021 16:00,0,0
04/29/2021 17:00,1,0
04/29/2021 18:00,1,0
04/29/2021 19:00,1,0
04/29/2021 20:00,1,0
04/29/2021 21:00,1,0
04/29/2021 22:00,1,0
04/29/2021 23:00,0,0
04/30/2021 00:00,0,0
04/30/2021 01:00,1,0
04/30/2021 02:00,1,0
04/30/2021 03:00,1,0
04/30/2021 04:00,1,0
04/30/2021 05:00,1,0
04/30/2021 06:00,1,0
04/30/2021 07:00,1,0
04/30/2021 08:00,1,0
04/30/2021 09:00,1,0
04/30/2021 10:00,1,0
04/30/2021 11:00,1,0
04/30/2021 12:00,1,0
04/30/2021 13:00,0,0
04/30/2021 14:00,0,0
04/30/2021 15:00,0,0
04/30/2021 16:00,0,0
04/30/2021 17:00,0,0
04/30/2021 18:00,1,0
04/30/2021 19:00,0,0
04/30/2021 20:00,0,0
04/30/2021 21:00,0,0
04/30/2021 22:00,0,0
04/30/2021 23:00,1,0
05/01/2021 00:00,1,0
05/01/2021 01:00,1,0
05/01/2021 02:00,0,0
05/01/2021 03:00,1,0
05/01/2021 04:00,1,0
05/01/2021 05:00,1,0
05/01/2021 06:00,1,0
05/01/2021 07:00,0,0
05/01/2021 08:00,0,0
05/01/2021 09:00,0,0
05/01/2021 10:00,1,0
05/01/2021 11:00,1,0
05/01/2021 12:00,0,0
05/01/2021 13:00,0,0
05/01/2021 14:00,0,0
05/01/2021 15:00,0,0
05/01/2021 16:00,1,0
05/01/2021 17:00,0,0
05/01/2021 18:00,0,0
05/01/2021 19:00,1,0
05/01/2021 20:00,1,0
05/01/2021 21:00,0,0
05/01/2021 22:00,0,0
05/01/2021 23:00,0,0
05/02/2021 00:00,0,0
05/02/2021 01:00,1,0
05/02/2021 02:00,1,0
05/02/2021 03:00,1,0
05/02/2021 04:00,1,0
05/02/2021 05:00,1,0
05/02/2021 06:00,1,0
05/02/2021 07:00,1,0
05/02/2021 08:00,0,0
05/02/2021 09:00,0,0
05/02/2021 10:00,1,0
05/02/2021 11:00,1,0
05/02/2021 12:00,1,0
05/02/2021 13:00,1,0
05/02/2021 14:00,1,0
05/02/2021 15:00,1,0
05/02/2021 16:00,1,0
05/02/2021 17:00,1,0
05/02/2021 18:00,0,0
05/02/2021 19:00,0,0
05/02/2021 20:00,1,0
05/02/2021 21:00,1,0
05/02/2021 22:00,1,0
05/02/2021 23:00,1,0
05/03/2021 00:00,1,0
05/03/2021 01:00,0,0
05/03/2021 02:00,0,0
05/03/2021 03:00,1,0
05/03/2021 04:00,1,0
05/03/2021 05:00,1,0
05/03/2021 06:00,0,0
05/03/2021 07:00,0,0
05/03/2021 08:00,0,0
05/03/2021 09:00,0,0
05/03/2021 10:00,0,0
05/03/2021 11:00,0,0
05/03/2021 12:00,0,0
05/03/2021 13:00,1,0
05/03/2021 14:00,0,0
05/03/2021 15:00,0,0
05/03/2021 16:00,1,0
05/03/2021 17:00,0,0
05/03/2021 18:00,1,0
05/03/2021 19:00,0,0
05/03/2021 20:00,0,0
05/03/2021 21:00,1,0
05/03/2021 22:00,0,0
05/03/2021 23:00,0,0
05/04/2021 00:00,1,1
05/04/2021 01:00,0,1
05/04/2021 02:00,1,0
05/04/2021 03:00,1,0
05/04/2021 04:00,1,0
05/04/2021 05:00,1,0
05/04/2021 06:00,1,0
05/04/2021 07:00,1,0
05/04/2021 08:00,1,0
05/04/2021 09:00,1,0
05/04/2021 10:00,1,0
05/04/2021 11:00,1,0
05/04/2021 12:00,0,0
05/04/2021 13:00,1,1
05/04/2021 14:00,1,0
05/04/2021 15:00,1,0
05/04/2021 16:00,0,0
05/04/2021 17:00,0,0
05/04/2021 18:00,1,0
05/04/2021 19:00,1,0
05/04/2021 20:00,0,0
05/04/2021 21:00,0,0
05/04/2021 22:00,1,0
05/04/2021 23:00,0,0
05/05/2021 00:00,0,0
05/05/2021 01:00,1,0
05/05/2021 02:00,1,0
05/05/2021 03:00,1,0
05/05/2021 04:00,1,0
05/05/2021 05:00,1,0
05/05/2021 06:00,0,0
05/05/2021 07:00,1,0
05/05/2021 08:00,1,0
05/05/2021 09:00,1,0
05/05/2021 10:00,0,0
05/05/2021 11:00,1,0
05/05/2021 12:00,1,0
05/05/2021 13:00,1,0
05/05/2021 14:00,0,0
05/05/2021 15:00,0,0
05/05/2021 16:00,1,0
05/05/2021 17:00,1,0
05/05/2021 18:00,0,0
05/05/2021 19:00,1,0
05/05/2021 20:00,0,0
05/05/2021 21:00,0,0
05/05/2021 22:00,0,0
05/05/2021 23:00,1,0
05/06/2021 00:00,0,0
05/06/2021 01:00,0,0
05/06/2021 02:00,1,0
05/06/2021 03:00,1,0
05/06/2021 04:00,1,0
05/06/2021 05:00,1,0
05/06/2021 06:00,0,0
05/06/2021 07:00,0,0
05/06/2021 08:00,0,0
05/06/2021 09:00,1,0
05/06/2021 10:00,1,0
05/06/2021 11:00,0,0
05/06/2021 12:00,0,0
05/06/2021 13:00,0,0
05/06/2021 14:00,0,0
05/06/2021 15:00,0,0
05/06/2021 16:00,0,0
05/06/2021 17:00,0,0
05/06/2021 18:00,1,0
05/06/2021 19:00,0,0
05/06/2021 20:00,0,0
05/06/2021 21:00,0,0
05/06/2021 22:00,1,0
05/06/2021 23:00,1,0
05/07/2021 00:00,0,0
05/07/2021 01:00,1,0
05/07/2021 02:00,0,0
05/07/2021 03:00,1,0
05/07/2021 04:00,1,0
05/07/2021 05:00,1,0
05/07/2021 06:00,0,0
05/07/2021 07:00,1,0
05/07/2021 08:00,1,0
05/07/2021 09:00,1,0
05/07/2021 10:00,0,0
05/07/2021 11:00,1,0
05/07/2021 12:00,1,0
05/07/2021 13:00,1,0
05/07/2021 14:00,0,0
05/07/2021 15:00,0,0
05/07/2021 16:00,0,0
05/07/2021 17:00,0,0
05/07/2021 18:00,0,0
05/07/2021 19:00,1,0
05/07/2021 20:00,1,0
05/07/2021 21:00,0,0
05/07/2021 22:00,0,0
05/07/2021 23:00,0,0
05/08/2021 00:00,1,1
05/08/2021 01:00,1,0
05/08/2021 02:00,1,0
05/08/2021 03:00,1,0
05/08/2021 04:00,1,0
05/08/2021 05:00,1,0
05/08/2021 06:00,0,0
05/08/2021 07:00,0,0
05/08/2021 08:00,1,0
05/08/2021 09:00,1,0
05/08/2021 10:00,1,0
05/08/2021 11:00,1,0
05/08/2021 12:00,1,0
05/08/2021 13:00,1,0
05/08/2021 14:00,1,0
05/08/2021 15:00,0,0
05/08/2021 16:00,0,0
05/08/2021 17:00,1,0
05/08/2021 18:00,0,0
05/08/2021 19:00,1,0
05/08/2021 20:00,0,0
05/08/2021 21:00,1,0
05/08/2021 22:00,1,0
05/08/2021 23:00,0,0
05/09/2021 00:00,1,0
05/09/2021 01:00,1,0
05/09/2021 02:00,1,0
05/09/2021 03:00,1,0
05/09/2021 04:00,1,0
05/09/2021 05:00,1,0
05/09/2021 06:00,1,0
05/09/2021 07:00,0,0
05/09/2021 08:00,1,0
05/09/2021 09:00,0,0
05/09/2021 10:00,0,0
05/09/2021 11:00,1,0
05/09/2021 12:00,1,0
05/09/2021 13:00,0,1
05/09/2021 14:00,1,0
05/09/2021 15:00,0,0
05/09/2021 16:00,0,0
05/09/2021 17:00,1,0
05/09/2021 18:00,0,0
05/09/2021 19:00,1,0
05/09/2021 20:00,0,0
05/09/2021 21:00,1,0
05/09/2021 22:00,1,0
05/09/2021 23:00,1,0
05/10/2021 00:00,1,0
05/10/2021 01:00,1,0
05/10/2021 02:00,1,0
05/10/2021 03:00,1,0
05/10/2021 04:00,1,0
05/10/2021 05:00,1,0
05/10/2021 06:00,1,0
05/10/2021 07:00,1,0
05/10/2021 08:00,1,0
05/10/2021 09:00,1,0
05/10/2021 10:00,1,0
05/10/2021 11:00,1,0
05/10/2021 12:00,0,0
05/10/2021 13:00,1,0
05/10/2021 14:00,1,0
05/10/2021 15:00,1,0
05/10/2021 16:00,0,0
05/10/2021 17:00,0,0
05/10/2021 18:00,0,0
05/10/2021 19:00,0,0
05/10/2021 20:00,0,0
05/10/2021 21:00,1,0
05/10/2021 22:00,1,0
05/10/2021 23:00,1,0
05/11/2021 00:00,1,0
05/11/2021 01:00,1,0
05/11/2021 02:00,1,0
05/11/2021 03:00,1,0
05/11/2021 04:00,1,0
05/11/2021 05:00,1,0
05/11/2021 06:00,1,0
05/11/2021 07:00,1,0
05/11/2021 08:00,0,0
05/11/2021 09:00,0,0
05/11/2021 10:00,0,0
05/11/2021 11:00,1,0
05/11/2021 12:00,1,0
05/11/2021 13:00,1,0
05/11/2021 14:00,1,0
05/11/2021 15:00,1,0
05/11/2021 16:00,1,0
05/11/2021 17:00,1,0
05/11/2021 18:00,1,0
05/11/2021 19:00,1,1
05/11/2021 20:00,1,0
05/11/2021 21:00,1,0
05/11/2021 22:00,0,0
05/11/2021 23:00,0,0
05/12/2021 00:00,0,1
05/12/2021 01:00,1,0
05/12/2021 02:00,1,0
05/12/2021 03:00,1,0
05/12/2021 04:00,1,0
05/12/2021 05:00,1,0
05/12/2021 06:00,1,0
05/12/2021 07:00,1,0
05/12/2021 08:00,1,0
05/12/2021 09:00,1,0
05/12/2021 10:00,1,0
05/12/2021 11:00,1,0
05/12/2021 12:00,1,0
05/12/2021 13:00,1,0
05/12/2021 14:00,1,0
05/12/2021 15:00,0,0
05/12/2021 16:00,0,0
05/12/2021 17:00,0,0
05/12/2021 18:00,0,0
05/12/2021 19:00,0,0
05/12/2021 20:00,0,0
05/12/2021 21:00,0,0
05/12/2021 22:00,0,0
05/12/2021 23:00,1,0
05/13/2021 00:00,1,0
05/13/2021 01:00,1,0
05/13/2021 02:00,1,0
05/13/2021 03:00,1,0
05/13/2021 04:00,1,0
05/13/2021 05:00,1,0
05/13/2021 06:00,1,0
05/13/2021 07:00,0,0
05/13/2021 08:00,1,0
05/13/2021 09:00,1,0
05/13/2021 10:00,1,0
05/13/2021 11:00,1,1
05/13/2021 12:00,1,0
05/13/2021 13:00,0,0
05/13/2021 14:00,1,1
05/13/2021 15:00,1,1
05/13/2021 16:00,1,0
05/13/2021 17:00,0,0
05/13/2021 18:00,0,0
05/13/2021 19:00,0,0
05/13/2021 20:00,0,0
05/13/2021 21:00,0,0
05/13/2021 22:00,0,0
05/13/2021 23:00,0,0
05/14/2021 00:00,0,0
05/14/2021 01:00,1,0
05/14/2021 02:00,1,0
05/14/2021 03:00,1,0
05/14/2021 04:00,1,0
05/14/2021 05:00,1,0
05/14/2021 06:00,1,0
05/14/2021 07:00,1,0
05/14/2021 08:00,1,0
05/14/2021 09:00,1,0
05/14/2021 10:00,1,0
05/14/2021 11:00,1,0
05/14/2021 12:00,1,0
05/14/2021 13:00,1,0
05/14/2021 14:00,0,0
05/14/2021 15:00,1,0
05/14/2021 16:00,1,0
05/14/2021 17:00,0,0
05/14/2021 18:00,0,0
05/14/2021 19:00,0,0
05/14/2021 20:00,0,0
05/14/2021 21:00,1,0
05/14/2021 22:00,0,0
05/14/2021 23:00,0,0
05/15/2021 00:00,0,0
05/15/2021 01:00,1,0
05/15/2021 02:00,1,0
05/15/2021 03:00,1,0
05/15/2021 04:00,1,0
05/15/2021 05:00,1,0
05/15/2021 06:00,1,0
05/15/2021 07:00,1,0
05/15/2021 08:00,1,0
05/15/2021 09:00,0,0
05/15/2021 10:00,0,0
05/15/2021 11:00,0,0
05/15/2021 12:00,1,0
05/15/2021 13:00,0,0
05/15/2021 14:00,0,0
05/15/2021 15:00,0,0
05/15/2021 16:00,0,0
05/15/2021 17:00,0,0
05/15/2021 18:00,0,0
05/15/2021 19:00,0,0
05/15/2021 20:00,0,0
05/15/2021 21:00,0,0
05/15/2021 22:00,0,0
05/15/2021 23:00,0,0
05/16/2021 00:00,0,0
05/16/2021 01:00,0,0
05/16/2021 02:00,0,0
05/16/2021 03:00,1,0
05/16/2021 04:00,1,0
05/16/2021 05:00,1,0
05/16/2021 06:00,1,0
05/16/2021 07:00,1,0
05/16/2021 08:00,1,0
05/16/2021 09:00,0,0
05/16/2021 10:00,0,0
05/16/2021 11:00,0,0
05/16/2021 12:00,1,0
05/16/2021 13:00,1,0
05/16/2021 14:00,1,0
05/16/2021 15:00,1,0
05/16/2021 16:00,1,0
05/16/2021 17:00,1,0
05/16/2021 18:00,0,0
05/16/2021 19:00,0,0
05/16/2021 20:00,1,0
05/16/2021 21:00,1,0
05/16/2021 22:00,0,0
05/16/2021 23:00,0,0
05/17/2021 00:00,1,0
05/17/2021 01:00,0,0
05/17/2021 02:00,0,0
05/17/2021 03:00,1,0
05/17/2021 04:00,1,0
05/17/2021 05:00,1,0
05/17/2021 06:00,0,0
05/17/2021 07:00,0,0
05/17/2021 08:00,1,0
05/17/2021 09:00,1,0
05/17/2021 10:00,1,0
05/17/2021 11:00,1,0
05/17/2021 12:00,1,0
05/17/2021 13:00,1,0
05/17/2021 14:00,0,0
05/17/2021 15:00,0,0
05/17/2021 16:00,0,0
05/17/2021 17:00,0,0
05/17/2021 18:00,1,0
05/17/2021 19:00,1,0
05/17/2021 20:00,1,0
05/17/2021 21:00,1,0
05/17/2021 22:00,1,0
05/17/2021 23:00,1,0
05/18/2021 00:00,1,0
05/18/2021 01:00,0,0
05/18/2021 02:00,0,0
05/18/2021 03:00,0,0
05/18/2021 04:00,1,0
05/18/2021 05:00,1,1
05/18/2021 06:00,1,0
05/18/2021 07:00,1,0
05/18/2021 08:00,1,0
05/18/2021 09:00,1,0
05/18/2021 10:00,1,0
05/18/2021 11:00,1,0
05/18/2021 12:00,1,1
05/18/2021 13:00,1,1
05/18/2021 14:00,0,0
05/18/2021 15:00,1,0
05/18/2021 16:00,1,0
05/18/2021 17:00,0,0
05/18/2021 18:00,1,0
05/18/2021 19:00,1,0
05/18/2021 20:00,0,0
05/18/2021 21:00,0,0
05/18/2021 22:00,0,0
05/18/2021 23:00,0,0
05/19/2021 00:00,1,0
05/19/2021 01:00,1,0
05/19/2021 02:00,0,0
05/19/2021 03:00,1,0
05/19/2021 04:00,1,0
05/19/2021 05:00,1,0
05/19/2021 06:00,1,0
05/19/2021 07:00,0,0
05/19/2021 08:00,1,0
05/19/2021 09:00,1,0
05/19/2021 10:00,1,0
05/19/2021 11:00,1,0
05/19/2021 12:00,1,1
05/19/2021 13:00,1,0
05/19/2021 14:00,1,0
05/19/2021 15:00,1,0
05/19/2021 16:00,1,0
05/19/2021 17:00,1,0
05/19/2021 18:00,1,0
05/19/2021 19:00,0,0
05/19/2021 20:00,1,0
05/19/2021 21:00,1,0
05/19/2021 22:00,0,0
05/19/2021 23:00,0,0
05/20/2021 00:00,1,0
05/20/2021 01:00,0,0
05/20/2021 02:00,0,0
05/20/2021 03:00,1,0
05/20/2021 04:00,1,0
05/20/2021 05:00,1,0
05/20/2021 06:00,1,0
05/20/2021 07:00,0,0
05/20/2021 08:00,1,0
05/20/2021 09:00,1,0
05/20/2021 10:00,0,0
05/20/2021 11:00,1,0
05/20/2021 12:00,0,0
05/20/2021 13:00,1,0
05/20/2021 14:00,0,1
05/20/2021 15:00,0,0
05/20/2021 16:00,0,0
05/20/2021 17:00,0,0
05/20/2021 18:00,1,0
05/20/2021 19:00,1,0
05/20/2021 20:00,0,0
05/20/2021 21:00,0,0
05/20/2021 22:00,1,0
05/20/2021 23:00,1,0
05/21/2021 00:00,0,0
05/21/2021 01:00,0,0
05/21/2021 02:00,0,0
05/21/2021 03:00,0,0
05/21/2021 04:00,1,0
05/21/2021 05:00,1,0
05/21/2021 06:00,0,0
05/21/2021 07:00,0,0
05/21/2021 08:00,0,0
05/21/2021 09:00,0,0
05/21/2021 10:00,0,0
05/21/2021 11:00,0,0
05/21/2021 12:00,0,0
05/21/2021 13:00,1,0
05/21/2021 14:00,1,0
05/21/2021 15:00,1,0
05/21/2021 16:00,1,0
05/21/2021 17:00,1,0
05/21/2021 18:00,1,0
05/21/2021 19:00,0,0
05/21/2021 20:00,0,0
05/21/2021 21:00,0,0
05/21/2021 22:00,0,0
05/21/2021 23:00,1,0
05/22/2021 00:00,1,0
05/22/2021 01:00,1,0
05/22/2021 02:00,1,0
05/22/2021 03:00,1,0
05/22/2021 04:00,1,0
05/22/2021 05:00,1,0
05/22/2021 06:00,1,0
05/22/2021 07:00,1,0
05/22/2021 08:00,1,0
05/22/2021 09:00,1,0
05/22/2021 10:00,0,0
05/22/2021 11:00,0,0
05/22/2021 12:00,0,0
05/22/2021 13:00,1,0
05/22/2021 14:00,1,0
05/22/2021 15:00,1,0
05/22/2021 16:00,1,0
05/22/2021 17:00,1,0
05/22/2021 18:00,1,0
05/22/2021 19:00,0,0
05/22/2021 20:00,1,0
05/22/2021 21:00,0,1
05/22/2021 22:00,0,0
05/22/2021 23:00,1,0
05/23/2021 00:00,1,0
05/23/2021 01:00,0,0
05/23/2021 02:00,1,0
05/23/2021 03:00,1,0
05/23/2021 04:00,1,0
05/23/2021 05:00,0,0
05/23/2021 06:00,0,0
05/23/2021 07:00,0,0
05/23/2021 08:00,0,0
05/23/2021 09:00,1,0
05/23/2021 10:00,0,0
05/23/2021 11:00,0,0
05/23/2021 12:00,0,0
05/23/2021 13:00,0,0
05/23/2021 14:00,1,0
05/23/2021 15:00,1,0
05/23/2021 16:00,1,0
05/23/2021 17:00,1,0
05/23/2021 18:00,0,0
05/23/2021 19:00,1,0
05/23/2021 20:00,1,0
05/23/2021 21:00,1,1
05/23/2021 22:00,1,1
05/23/2021 23:00,0,1
05/24/2021 00:00,1,1
05/24/2021 01:00,1,1
05/24/2021 02:00,1,1
05/24/2021 03:00,1,1
05/24/2021 04:00,0,0
05/24/2021 05:00,0,0
05/24/2021 06:00,1,0
05/24/2021 07:00,1,0
05/24/2021 08:00,1,0
05/24/2021 09:00,1,0
05/24/2021 10:00,1,0
05/24/2021 11:00,1,0
05/24/2021 12:00,1,0
05/24/2021 13:00,0,0
05/24/2021 14:00,0,0
05/24/2021 15:00,0,0
05/24/2021 16:00,0,0
05/24/2021 17:00,1,0
05/24/2021 18:00,0,0
05/24/2021 19:00,0,0
05/24/2021 20:00,1,0
05/24/2021 21:00,0,0
05/24/2021 22:00,0,0
05/24/2021 23:00,1,0
05/25/2021 00:00,0,0
05/25/2021 01:00,0,0
05/25/2021 02:00,1,0
05/25/2021 03:00,1,0
05/25/2021 04:00,1,0
05/25/2021 05:00,1,0
05/25/2021 06:00,1,0
05/25/2021 07:00,0,0
05/25/2021 08:00,1,0
05/25/2021 09:00,1,0
05/25/2021 10:00,0,0
05/25/2021 11:00,0,0
05/25/2021 12:00,0,0
05/25/2021 13:00,0,0
05/25/2021 14:00,0,0
05/25/2021 15:00,0,0
05/25/2021 16:00,0,0
05/25/2021 17:00,0,0
05/25/2021 18:00,0,0
05/25/2021 19:00,0,0
05/25/2021 20:00,0,0
05/25/2021 21:00,0,0
05/25/2021 22:00,1,0
05/25/2021 23:00,1,0
05/26/2021 00:00,1,0
05/26/2021 01:00,1,0
05/26/2021 02:00,1,0
05/26/2021 03:00,1,0
05/26/2021 04:00,1,0
05/26/2021 05:00,1,0
05/26/2021 06:00,1,0
05/26/2021 07:00,1,0
05/26/2021 08:00,1,0
05/26/2021 09:00,1,0
05/26/2021 10:00,1,0
05/26/2021 11:00,1,0
05/26/2021 12:00,1,0
05/26/2021 13:00,1,0
05/26/2021 14:00,1,0
05/26/2021 15:00,0,0
05/26/2021 16:00,0,1
05/26/2021 17:00,0,1
05/26/2021 18:00,0,0
05/26/2021 19:00,0,0
05/26/2021 20:00,1,0
05/26/2021 21:00,1,0
05/26/2021 22:00,1,1
05/26/2021 23:00,1,0
05/27/2021 00:00,1,0
05/27/2021 01:00,1,0
05/27/2021 02:00,1,0
05/27/2021 03:00,1,0
05/27/2021 04:00,1,0
05/27/2021 05:00,1,0
05/27/2021 06:00,1,0
05/27/2021 07:00,1,0
05/27/2021 08:00,0,0
05/27/2021 09:00,0,0
05/27/2021 10:00,0,0
05/27/2021 11:00,1,0
05/27/2021 12:00,1,0
05/27/2021 13:00,1,0
05/27/2021 14:00,1,1
05/27/2021 15:00,1,0
05/27/2021 16:00,0,0
05/27/2021 17:00,0,0
05/27/2021 18:00,0,0
05/27/2021 19:00,0,0
05/27/2021 20:00,1,0
05/27/2021 21:00,0,0
05/27/2021 22:00,0,0
05/27/2021 23:00,0,0
05/28/2021 00:00,0,0
05/28/2021 01:00,0,0
05/28/2021 02:00,1,0
05/28/2021 03:00,1,0
05/28/2021 04:00,1,0
05/28/2021 05:00,1,0
05/28/2021 06:00,1,0
05/28/2021 07:00,1,0
05/28/2021 08:00,1,0
05/28/2021 09:00,0,0
05/28/2021 10:00,1,0
05/28/2021 11:00,0,0
05/28/2021 12:00,1,0
05/28/2021 13:00,1,0
05/28/2021 14:00,0,1
05/28/2021 15:00,0,0
05/28/2021 16:00,0,0
05/28/2021 17:00,0,0
05/28/2021 18:00,0,0
05/28/2021 19:00,0,0
05/28/2021 20:00,1,0
05/28/2021 21:00,0,0
05/28/2021 22:00,0,0
05/28/2021 23:00,0,0
05/29/2021 00:00,0,0
05/29/2021 01:00,0,0
05/29/2021 02:00,0,0
05/29/2021 03:00,1,0
05/29/2021 04:00,1,0
05/29/2021 05:00,0,0
05/29/2021 06:00,0,0
05/29/2021 07:00,0,0
05/29/2021 08:00,0,0
05/29/2021 09:00,1,0
05/29/2021 10:00,1,0
05/29/2021 11:00,1,0
05/29/2021 12:00,1,0
05/29/2021 13:00,1,0
05/29/2021 14:00,1,0
05/29/2021 15:00,0,1
05/29/2021 16:00,0,0
05/29/2021 17:00,0,0
05/29/2021 18:00,1,0
05/29/2021 19:00,1,0
05/29/2021 20:00,1,1
05/29/2021 21:00,1,0
05/29/2021 22:00,1,0
05/29/2021 23:00,1,0
05/30/2021 00:00,0,0
05/30/2021 01:00,0,0
05/30/2021 02:00,1,0
05/30/2021 03:00,1,0
05/30/2021 04:00,1,0
05/30/2021 05:00,1,0
05/30/2021 06:00,0,0
05/30/2021 07:00,0,0
05/30/2021 08:00,1,0
05/30/2021 09:00,1,0
05/30/2021 10:00,1,0
05/30/2021 11:00,1,1
05/30/2021 12:00,1,1
05/30/2021 13:00,1,1
05/30/2021 14:00,1,0
05/30/2021 15:00,0,0
05/30/2021 16:00,0,0
05/30/2021 17:00,0,0
05/30/2021 18:00,0,0
05/30/2021 19:00,0,0
05/30/2021 20:00,0,0
05/30/2021 21:00,0,0
05/30/2021 22:00,0,0
05/30/2021 23:00,0,0
05/31/2021 00:00,0,0
05/31/2021 01:00,0,0
05/31/2021 02:00,1,0
05/31/2021 03:00,1,0
05/31/2021 04:00,1,1
05/31/2021 05:00,0,1
05/31/2021 06:00,0,0
05/31/2021 07:00,0,0
05/31/2021 08:00,0,0
05/31/2021 09:00,0,0
05/31/2021 10:00,1,0
05/31/2021 11:00,1,0
05/31/2021 12:00,1,0
05/31/2021 13:00,0,0
05/31/2021 14:00,0,0
05/31/2021 15:00,1,0
05/31/2021 16:00,1,0
05/31/2021 17:00,1,0
05/31/2021 18:00,0,0
05/31/2021 19:00,0,0
05/31/2021 20:00,1,0
05/31/2021 21:00,1,0
05/31/2021 22:00,1,0
05/31/2021 23:00,0,0
06/01/2021 00:00,0,0
06/01/2021 01:00,1,0
06/01/2021 02:00,1,0
06/01/2021 03:00,1,0
06/01/2021 04:00,1,0
06/01/2021 05:00,1,0
06/01/2021 06:00,1,0
06/01/2021 07:00,0,0
06/01/2021 08:00,0,0
06/01/2021 09:00,1,0
06/01/2021 10:00,0,0
06/01/2021 11:00,0,0
06/01/2021 12:00,1,0
06/01/2021 13:00,0,0
06/01/2021 14:00,0,0
06/01/2021 15:00,0,0
06/01/2021 16:00,0,0
06/01/2021 17:00,0,0
